dimension,new_submissions,released_score_coordinates,trials,predeclared_partitions,score_gap_mean_pp,score_gap_mean_pp_ci_low,score_gap_mean_pp_ci_high,score_gap_mean_pp_partition_min,score_gap_mean_pp_partition_max,preload_mean_pp,preload_mean_pp_ci_low,preload_mean_pp_ci_high,preload_mean_pp_partition_min,preload_mean_pp_partition_max,first_s,first_s_ci_low,first_s_ci_high,first_s_partition_min,first_s_partition_max,first_t,first_t_ci_low,first_t_ci_high,first_t_partition_min,first_t_partition_max,first_s_not_t,first_s_not_t_ci_low,first_s_not_t_ci_high,first_s_not_t_partition_min,first_s_not_t_partition_max,median_rank_s,median_rank_s_ci_low,median_rank_s_ci_high,median_rank_s_partition_min,median_rank_s_partition_max,median_rank_t,median_rank_t_ci_low,median_rank_t_ci_high,median_rank_t_partition_min,median_rank_t_partition_max,mean_heldout_regret_pp,mean_heldout_regret_pp_ci_low,mean_heldout_regret_pp_ci_high,mean_heldout_regret_pp_partition_min,mean_heldout_regret_pp_partition_max,mean_ranking_regret_pp,mean_ranking_regret_pp_ci_low,mean_ranking_regret_pp_ci_high,mean_ranking_regret_pp_partition_min,mean_ranking_regret_pp_partition_max,score_gap_above_preload_pp
1,1,0,250,3,4.020153450608524,3.7446445130809907,4.301036208301957,4.020153450608524,4.020153450608524,4.020153450608524,3.7446445130809907,4.301036208301957,4.020153450608524,4.020153450608524,0.684,0.624,0.7399999999999999,0.684,0.684,0.668,0.608,0.7239999999999999,0.668,0.668,0.028,0.012000000000000002,0.04809999999999946,0.028,0.028,1.0,1.0,1.0,1.0,1.0,1.0,1.0,1.0,1.0,1.0,2.341722423192506,1.927081688202415,2.7899437224087746,2.341722423192506,2.341722423192506,2.341722423192506,1.927081688202415,2.7899437224087746,2.341722423192506,2.341722423192506,0.0
1,2,1,250,3,4.022376390568384,3.747633717443979,4.302567298822654,4.022376390568384,4.022376390568384,4.020153450608524,3.7446445130809907,4.301036208301957,4.020153450608524,4.020153450608524,0.08800000000000001,0.056,0.128,0.088,0.088,0.0,0.0,0.0,0.0,0.0,0.08800000000000001,0.056,0.128,0.088,0.088,2.0,2.0,2.0,2.0,2.0,2.0,2.0,3.0,2.0,2.0,4.591518058085559,4.289084442758142,4.911882614765543,4.591518058085559,4.591518058085559,4.591518058085559,4.289084442758142,4.911882614765543,4.591518058085559,4.591518058085559,0.002222939959859893
1,4,3,250,3,4.049675942899198,3.7763688319856,4.320936367500403,4.049675942899198,4.049675942899198,4.020153450608524,3.7446445130809907,4.301036208301957,4.020153450608524,4.020153450608524,0.212,0.164,0.268,0.212,0.212,0.024000000000000004,0.008,0.044000000000000004,0.024,0.024,0.212,0.164,0.268,0.212,0.212,2.0,2.0,2.0,2.0,2.0,3.0,2.0,3.0,3.0,3.0,4.560565547397048,4.225038361340496,4.9014924691514965,4.560565547397048,4.560565547397048,4.560565547397048,4.225038361340496,4.9014924691514965,4.560565547397048,4.560565547397048,0.02952249229067405
1,8,7,250,3,4.199757811346971,3.9350507294403805,4.475706161299621,4.199757811346971,4.199757811346971,4.020153450608524,3.7446445130809907,4.301036208301957,4.020153450608524,4.020153450608524,0.464,0.4040000000000001,0.528,0.464,0.464,0.032,0.012000000000000002,0.056,0.032,0.032,0.448,0.3879000000000001,0.512,0.448,0.448,2.0,1.0,2.0,2.0,2.0,3.0,2.0,3.0,3.0,3.0,4.4185318420522215,4.058349289689131,4.785597485598991,4.4185318420522215,4.4185318420522215,4.4185318420522215,4.058349289689131,4.785597485598991,4.4185318420522215,4.4185318420522215,0.17960436073844654
1,16,15,250,3,4.361555009786154,4.100824167049981,4.638357518191919,4.361555009786154,4.361555009786154,4.020153450608524,3.7446445130809907,4.301036208301957,4.020153450608524,4.020153450608524,0.664,0.604,0.7239999999999999,0.664,0.664,0.004,0.0,0.012000000000000002,0.004,0.004,0.664,0.604,0.7239999999999999,0.664,0.664,1.0,1.0,1.0,1.0,1.0,3.0,2.0,3.0,3.0,3.0,4.6557343850966175,4.331116883628754,4.996409224722475,4.6557343850966175,4.6557343850966175,4.6557343850966175,4.331116883628754,4.996409224722475,4.6557343850966175,4.6557343850966175,0.3414015591776298
1,32,31,250,3,4.816069924251385,4.548453541899738,5.099270262053785,4.816069924251385,4.816069924251385,4.020153450608524,3.7446445130809907,4.301036208301957,4.020153450608524,4.020153450608524,0.84,0.7920000000000001,0.884,0.84,0.84,0.0,0.0,0.0,0.0,0.0,0.84,0.7920000000000001,0.884,0.84,0.84,1.0,1.0,1.0,1.0,1.0,3.0,3.0,3.0,3.0,3.0,5.236077751229372,4.933435643491593,5.564053977248574,5.236077751229372,5.236077751229372,5.236077751229372,4.933435643491593,5.564053977248574,5.236077751229372,5.236077751229372,0.795916473642861
1,64,63,250,3,5.693937120884402,5.411238098653183,5.997338988722108,5.693937120884402,5.693937120884402,4.020153450608524,3.7446445130809907,4.301036208301957,4.020153450608524,4.020153450608524,0.964,0.94,0.984,0.964,0.964,0.004,0.0,0.012000000000000002,0.004,0.004,0.96,0.936,0.984,0.96,0.96,1.0,1.0,1.0,1.0,1.0,3.0,3.0,3.0,3.0,3.0,5.22718675165035,4.9191543366280825,5.5568914320571166,5.22718675165035,5.22718675165035,5.22718675165035,4.9191543366280825,5.5568914320571166,5.22718675165035,5.22718675165035,1.6737836702758777
1,128,127,250,3,6.724807738828203,6.414357059062295,7.058734803987211,6.724807738828203,6.724807738828203,4.020153450608524,3.7446445130809907,4.301036208301957,4.020153450608524,4.020153450608524,0.996,0.988,1.0,0.996,0.996,0.0,0.0,0.0,0.0,0.0,0.996,0.988,1.0,0.996,0.996,1.0,1.0,1.0,1.0,1.0,3.0,2.0,3.0,3.0,3.0,5.1313868387986545,4.802422410438835,5.466362014594564,5.1313868387986545,5.1313868387986545,5.1313868387986545,4.802422410438835,5.466362014594564,5.1313868387986545,5.1313868387986545,2.704654288219679
1,256,255,250,3,7.463922545786503,7.135996083111937,7.803143330561748,7.463922545786503,7.463922545786503,4.020153450608524,3.7446445130809907,4.301036208301957,4.020153450608524,4.020153450608524,1.0,1.0,1.0,1.0,1.0,0.0,0.0,0.0,0.0,0.0,1.0,1.0,1.0,1.0,1.0,1.0,1.0,1.0,1.0,1.0,3.0,3.0,3.0,3.0,3.0,5.1146176892800295,4.820688283528513,5.429494857938731,5.1146176892800295,5.1146176892800295,5.1146176892800295,4.820688283528513,5.429494857938731,5.1146176892800295,5.1146176892800295,3.443769095177979
1,512,511,250,3,7.806836277758287,7.47565397690606,8.14710198053366,7.806836277758287,7.806836277758287,4.020153450608524,3.7446445130809907,4.301036208301957,4.020153450608524,4.020153450608524,1.0,1.0,1.0,1.0,1.0,0.004,0.0,0.012000000000000002,0.004,0.004,0.996,0.988,1.0,0.996,0.996,1.0,1.0,1.0,1.0,1.0,3.0,3.0,3.0,3.0,3.0,5.032926590491567,4.743791179970592,5.33805146001124,5.032926590491567,5.032926590491567,5.032926590491567,4.743791179970592,5.33805146001124,5.032926590491567,5.032926590491567,3.786682827149763
1,1024,1023,250,3,7.950123077378191,7.620240730886423,8.292614169841205,7.950123077378191,7.950123077378191,4.020153450608524,3.7446445130809907,4.301036208301957,4.020153450608524,4.020153450608524,1.0,1.0,1.0,1.0,1.0,0.004,0.0,0.012000000000000002,0.004,0.004,0.996,0.988,1.0,0.996,0.996,1.0,1.0,1.0,1.0,1.0,3.0,2.0,3.0,3.0,3.0,4.641979577997769,4.347375280551978,4.962817876647571,4.641979577997769,4.641979577997769,4.641979577997769,4.347375280551978,4.962817876647571,4.641979577997769,4.641979577997769,3.929969626769666
1,2048,2047,250,3,7.993850441085859,7.66328380423258,8.332587947522734,7.993850441085859,7.993850441085859,4.020153450608524,3.7446445130809907,4.301036208301957,4.020153450608524,4.020153450608524,1.0,1.0,1.0,1.0,1.0,0.012000000000000002,0.0,0.028,0.012,0.012,0.988,0.972,1.0,0.988,0.988,1.0,1.0,1.0,1.0,1.0,3.0,2.0,3.0,3.0,3.0,4.571166049601179,4.274459426410323,4.909010254924605,4.571166049601179,4.571166049601179,4.571166049601179,4.274459426410323,4.909010254924605,4.571166049601179,4.571166049601179,3.9736969904773343
2,1,0,250,3,4.073320357841461,3.803319334857989,4.3455613381013825,4.036954974283535,4.10873732646725,4.020153450608524,3.7446445130809907,4.301036208301957,4.020153450608524,4.020153450608524,0.6746666666666666,0.6213,0.7239999999999999,0.664,0.684,0.4466666666666666,0.39733333333333337,0.49466666666666664,0.408,0.5,0.2346666666666667,0.2013,0.27469999999999983,0.168,0.272,1.0,1.0,1.0,1.0,1.0,1.8333333333333333,1.6666666666666667,2.0,1.5,2.0,2.686479238319084,2.3149282285899506,3.082800825756986,2.591926470428492,2.8303496229080327,2.686479238319084,2.3149282285899506,3.082800825756986,2.591926470428492,2.8303496229080327,0.05316690723293682
2,2,2,250,3,4.0481619825275255,3.7727500183396296,4.324281847557458,4.026375816994732,4.085929869565412,4.020153450608524,3.7446445130809907,4.301036208301957,4.020153450608524,4.020153450608524,0.19200000000000003,0.15066666666666667,0.2373333333333333,0.132,0.292,0.064,0.047999999999999994,0.08133333333333333,0.0,0.192,0.1506666666666667,0.11196666666666667,0.19333333333333333,0.132,0.168,2.0,2.0,2.0,2.0,2.0,2.3333333333333335,2.0,2.6666666666666665,2.0,3.0,4.262877812506601,3.943051715660919,4.59357721409313,3.6209090653238754,4.629240993690402,4.262877812506601,3.943051715660919,4.59357721409313,3.6209090653238754,4.629240993690402,0.0280085319190011
2,4,6,250,3,4.105863155205197,3.835789743264499,4.374521624427107,4.0831479995403,4.136358983948872,4.020153450608524,3.7446445130809907,4.301036208301957,4.020153450608524,4.020153450608524,0.4026666666666667,0.35333333333333333,0.4586666666666666,0.368,0.44,0.04,0.02666666666666667,0.05466666666666667,0.004,0.104,0.37600000000000006,0.32666666666666666,0.43199999999999994,0.36,0.4,2.0,1.6666666666666667,2.0,2.0,2.0,2.6666666666666665,2.0,3.0,2.0,3.0,4.5288308287950585,4.190124752266068,4.888054609581345,4.108118367568514,4.910408477853723,4.5288308287950585,4.190124752266068,4.888054609581345,4.108118367568514,4.910408477853723,0.08570970459667304
2,8,14,250,3,4.3551081994843805,4.084903987007547,4.627893951405617,4.344115364729099,4.375280512824871,4.020153450608524,3.7446445130809907,4.301036208301957,4.020153450608524,4.020153450608524,0.6866666666666665,0.636,0.7346666666666666,0.676,0.692,0.052,0.03333333333333333,0.072,0.008,0.1,0.644,0.5933333333333333,0.6933333333333334,0.608,0.676,1.0,1.0,1.0,1.0,1.0,2.6666666666666665,2.0,3.0,2.0,3.0,4.348244123667574,4.009528136441332,4.717871536144177,4.011178836930897,4.614132626452053,4.348244123667574,4.009528136441332,4.717871536144177,4.011178836930897,4.614132626452053,0.3349547488758562
2,16,30,250,3,4.820293210889914,4.550289072785835,5.106768180369398,4.798426424033622,4.831628417782366,4.020153450608524,3.7446445130809907,4.301036208301957,4.020153450608524,4.020153450608524,0.8493333333333334,0.8106666666666668,0.8853333333333334,0.84,0.86,0.029333333333333336,0.016,0.044000000000000004,0.0,0.068,0.8226666666666667,0.7826666666666666,0.86,0.776,0.86,1.0,1.0,1.0,1.0,1.0,3.0,2.5,3.0,3.0,3.0,4.765050273112892,4.438308809962276,5.101399486099989,4.396842953681608,5.065484319633482,4.765050273112892,4.438308809962276,5.101399486099989,4.396842953681608,5.065484319633482,0.8001397602813896
2,32,62,250,3,5.625887133777205,5.344601120674646,5.925074718957606,5.558220275450962,5.699500589335544,4.020153450608524,3.7446445130809907,4.301036208301957,4.020153450608524,4.020153450608524,0.9653333333333333,0.9452999999999999,0.9826666666666667,0.964,0.968,0.004,0.0,0.009333333333333334,0.0,0.008,0.9613333333333333,0.94,0.98,0.956,0.968,1.0,1.0,1.0,1.0,1.0,3.0,3.0,3.0,3.0,3.0,5.224892510903781,4.934827562636611,5.528225906339116,4.977267439406789,5.577892063343108,5.224892510903781,4.934827562636611,5.528225906339116,4.977267439406789,5.577892063343108,1.6057336831686806
2,64,126,250,3,6.696040123926984,6.395879172026555,7.020259972369728,6.633253318089585,6.734086505291351,4.020153450608524,3.7446445130809907,4.301036208301957,4.020153450608524,4.020153450608524,0.9946666666666667,0.9853333333333333,1.0,0.992,0.996,0.005333333333333333,0.0,0.012000000000000002,0.0,0.012,0.9893333333333333,0.9786333333333334,0.9973333333333333,0.984,0.992,1.0,1.0,1.0,1.0,1.0,3.0,3.0,3.0,3.0,3.0,5.299682782908366,5.01286045859164,5.614883853483475,5.160615956309418,5.477722242771163,5.299682782908366,5.01286045859164,5.614883853483475,5.160615956309418,5.477722242771163,2.67588667331846
2,128,254,250,3,7.5270730656102955,7.202975145760623,7.858594923758577,7.522593667943592,7.531084377121048,4.020153450608524,3.7446445130809907,4.301036208301957,4.020153450608524,4.020153450608524,1.0,1.0,1.0,1.0,1.0,0.0,0.0,0.0,0.0,0.0,1.0,1.0,1.0,1.0,1.0,1.0,1.0,1.0,1.0,1.0,3.0,3.0,3.0,3.0,3.0,5.1641243391317415,4.872352841029068,5.472983591815116,5.118546437561606,5.2256243005782705,5.1641243391317415,4.872352841029068,5.472983591815116,5.118546437561606,5.2256243005782705,3.506919615001771
2,256,510,250,3,7.884936351171589,7.5497472750491434,8.229929994570668,7.87589144972438,7.890593551551048,4.020153450608524,3.7446445130809907,4.301036208301957,4.020153450608524,4.020153450608524,1.0,1.0,1.0,1.0,1.0,0.0026666666666666666,0.0,0.006666666666666667,0.0,0.004,0.9973333333333333,0.9933333333333333,1.0,0.996,1.0,1.0,1.0,1.0,1.0,1.0,3.0,3.0,3.0,3.0,3.0,5.1075003031050015,4.8313422127632,5.398883111287842,4.912255067151652,5.335749155469145,5.1075003031050015,4.8313422127632,5.398883111287842,4.912255067151652,5.335749155469145,3.864782900563065
2,512,1022,250,3,8.00037446411721,7.666170697907074,8.341713411030108,7.995141969004078,8.008553344432308,4.020153450608524,3.7446445130809907,4.301036208301957,4.020153450608524,4.020153450608524,1.0,1.0,1.0,1.0,1.0,0.0026666666666666666,0.0,0.006666666666666667,0.0,0.008,0.9973333333333333,0.9933333333333333,1.0,0.992,1.0,1.0,1.0,1.0,1.0,1.0,3.0,2.6666666666666665,3.0,3.0,3.0,4.919234222015557,4.634195995332648,5.219540636205651,4.804510223295016,5.0572565492598915,4.919234222015557,4.634195995332648,5.219540636205651,4.804510223295016,5.0572565492598915,3.980221013508685
2,1024,2046,250,3,8.040585174701294,7.706351505960006,8.383954297224413,8.032326986378056,8.045028244582138,4.020153450608524,3.7446445130809907,4.301036208301957,4.020153450608524,4.020153450608524,1.0,1.0,1.0,1.0,1.0,0.005333333333333333,0.0013333333333333333,0.010666666666666666,0.0,0.012,0.9946666666666667,0.9893333333333333,0.9986666666666667,0.988,1.0,1.0,1.0,1.0,1.0,1.0,3.0,2.6666666666666665,3.0,3.0,3.0,4.693757362289532,4.412558630116633,4.99791636202434,4.586563442026419,4.774037781332163,4.693757362289532,4.412558630116633,4.99791636202434,4.586563442026419,4.774037781332163,4.020431724092769
2,2048,4094,250,3,8.034345488906006,7.706280552733941,8.372466959318208,8.030596061061964,8.037930063421065,4.020153450608524,3.7446445130809907,4.301036208301957,4.020153450608524,4.020153450608524,1.0,1.0,1.0,1.0,1.0,0.010666666666666666,0.0026666666666666666,0.02,0.004,0.02,0.9893333333333333,0.98,0.9973333333333333,0.98,0.996,1.0,1.0,1.0,1.0,1.0,3.0,2.3333333333333335,3.0,3.0,3.0,4.693328224041127,4.417555709909562,5.00297244790464,4.523308284162305,4.795435592573432,4.693328224041127,4.417555709909562,5.00297244790464,4.523308284162305,4.795435592573432,4.014192038297481
3,1,0,250,3,4.120107689988142,3.850591718318423,4.393355946314249,4.083608229601939,4.185384042297308,4.020153450608524,3.7446445130809907,4.301036208301957,4.020153450608524,4.020153450608524,0.6533333333333333,0.5986666666666666,0.7040333333333332,0.64,0.676,0.316,0.272,0.36000000000000004,0.272,0.392,0.3453333333333333,0.3013333333333333,0.39199999999999996,0.256,0.392,1.0,1.0,1.0,1.0,1.0,2.0,2.0,2.0,2.0,2.0,2.9516132789725336,2.5800020272291277,3.3436878754517316,2.858247708111231,3.0031884816136607,2.9516132789725336,2.5800020272291277,3.3436878754517316,2.858247708111231,3.0031884816136607,0.09995423937961778
3,2,3,250,3,4.064000908117464,3.7940076428636464,4.338956337634234,4.039019994831002,4.0916728411672,4.020153450608524,3.7446445130809907,4.301036208301957,4.020153450608524,4.020153450608524,0.2693333333333333,0.22133333333333335,0.31733333333333336,0.204,0.348,0.06,0.042666666666666665,0.07733333333333334,0.0,0.156,0.23866666666666667,0.19466666666666665,0.28536666666666655,0.204,0.256,2.0,2.0,2.0,2.0,2.0,2.0,2.0,2.6666666666666665,2.0,2.0,4.066503499455147,3.7425785780345686,4.408592963290175,3.6701016613290713,4.342801782566836,4.066503499455147,3.7425785780345686,4.408592963290175,3.6701016613290713,4.342801782566836,0.04384745750893959
3,4,9,250,3,4.206431399360679,3.937521426309221,4.4742086076650285,4.163604559740125,4.230015034924902,4.020153450608524,3.7446445130809907,4.301036208301957,4.020153450608524,4.020153450608524,0.5413333333333333,0.48933333333333334,0.5973666666666664,0.528,0.564,0.03333333333333333,0.02,0.04933333333333333,0.012,0.064,0.524,0.47196666666666665,0.58,0.488,0.556,1.0,1.0,1.6666666666666667,1.0,1.0,2.3333333333333335,2.0,3.0,2.0,3.0,4.343048878411505,4.009810672357044,4.683178933510055,4.167449897429242,4.560497252509555,4.343048878411505,4.009810672357044,4.683178933510055,4.167449897429242,4.560497252509555,0.18627794875215464
3,8,21,250,3,4.629408973260187,4.364363341404758,4.903987859508328,4.585849354874641,4.66160644218769,4.020153450608524,3.7446445130809907,4.301036208301957,4.020153450608524,4.020153450608524,0.7959999999999999,0.7520000000000001,0.8373666666666665,0.768,0.816,0.025333333333333333,0.013333333333333334,0.04,0.012,0.052,0.7760000000000001,0.7319666666666665,0.8186666666666668,0.76,0.808,1.0,1.0,1.0,1.0,1.0,2.3333333333333335,2.0,3.0,2.0,3.0,4.36448384317557,4.038293107290774,4.720376933150402,4.1159596429908865,4.501646312141351,4.36448384317557,4.038293107290774,4.720376933150402,4.1159596429908865,4.501646312141351,0.6092555226516625
3,16,45,250,3,5.382457940889846,5.109084642053216,5.672495940126804,5.2694027887437205,5.449259021941657,4.020153450608524,3.7446445130809907,4.301036208301957,4.020153450608524,4.020153450608524,0.9253333333333335,0.8973000000000001,0.952,0.916,0.932,0.024000000000000004,0.01333333333333333,0.03733333333333333,0.0,0.064,0.9013333333333334,0.872,0.9306666666666666,0.868,0.928,1.0,1.0,1.0,1.0,1.0,2.6666666666666665,2.0,3.0,2.0,3.0,4.583681356556158,4.2615970969263905,4.908557351553758,4.337312799013249,4.809245948355545,4.583681356556158,4.2615970969263905,4.908557351553758,4.337312799013249,4.809245948355545,1.3623044902813213
3,32,93,250,3,6.346150935039089,6.045328437699434,6.660493716765745,6.314555290847801,6.408675258445002,4.020153450608524,3.7446445130809907,4.301036208301957,4.020153450608524,4.020153450608524,0.984,0.9693333333333333,0.9946666666666667,0.98,0.988,0.0026666666666666666,0.0,0.006666666666666667,0.0,0.004,0.9813333333333333,0.9666666666666667,0.9933333333333333,0.976,0.988,1.0,1.0,1.0,1.0,1.0,3.0,3.0,3.0,3.0,3.0,5.16433310036786,4.870012717614342,5.469049792754232,4.911625997526804,5.395977411014093,5.16433310036786,4.870012717614342,5.469049792754232,4.911625997526804,5.395977411014093,2.325997484430564
3,64,189,250,3,7.301220805361351,6.989021979631655,7.62924468953937,7.285999089046516,7.311887988885746,4.020153450608524,3.7446445130809907,4.301036208301957,4.020153450608524,4.020153450608524,0.9986666666666667,0.996,1.0,0.996,1.0,0.0026666666666666666,0.0,0.006666666666666667,0.0,0.004,0.996,0.9906666666666667,1.0,0.992,1.0,1.0,1.0,1.0,1.0,1.0,3.0,3.0,3.0,3.0,3.0,5.290715091838886,5.000456065656631,5.601536406581203,5.223709487304605,5.349713230706999,5.290715091838886,5.000456065656631,5.601536406581203,5.223709487304605,5.349713230706999,3.2810673547528264
3,128,381,250,3,7.796969666526039,7.46578486325419,8.139743895173954,7.787248306975375,7.807238156139226,4.020153450608524,3.7446445130809907,4.301036208301957,4.020153450608524,4.020153450608524,1.0,1.0,1.0,1.0,1.0,0.0026666666666666666,0.0,0.006666666666666667,0.0,0.008,0.9973333333333333,0.9933333333333333,1.0,0.992,1.0,1.0,1.0,1.0,1.0,1.0,3.0,3.0,3.0,3.0,3.0,5.30623688650599,5.0238265558214685,5.614558926313478,5.237481765386873,5.358551276041327,5.30623688650599,5.0238265558214685,5.614558926313478,5.237481765386873,5.358551276041327,3.7768162159175143
3,256,765,250,3,7.995207607889981,7.655745701692801,8.339879183280367,7.983150072248225,8.003509466390103,4.020153450608524,3.7446445130809907,4.301036208301957,4.020153450608524,4.020153450608524,1.0,1.0,1.0,1.0,1.0,0.005333333333333333,0.0013333333333333333,0.010666666666666666,0.0,0.012,0.9946666666666667,0.9893333333333333,0.9986666666666667,0.988,1.0,1.0,1.0,1.0,1.0,1.0,3.0,3.0,3.0,3.0,3.0,5.23637925323779,4.959232973460479,5.534030868419618,5.145124004521465,5.308101812089481,5.23637925323779,4.959232973460479,5.534030868419618,5.145124004521465,5.308101812089481,3.9750541572814564
3,512,1533,250,3,8.050640261314697,7.716048556633956,8.391306995422052,8.038234475565602,8.057237359714318,4.020153450608524,3.7446445130809907,4.301036208301957,4.020153450608524,4.020153450608524,1.0,1.0,1.0,1.0,1.0,0.0,0.0,0.0,0.0,0.0,1.0,1.0,1.0,1.0,1.0,1.0,1.0,1.0,1.0,1.0,3.0,3.0,3.0,3.0,3.0,5.079123025562776,4.806320192000124,5.366354566149182,5.022688246420965,5.164678967518158,5.079123025562776,4.806320192000124,5.366354566149182,5.022688246420965,5.164678967518158,4.030486810706173
3,1024,3069,250,3,8.074929571818254,7.742300856973489,8.419197805892729,8.071255023130293,8.079006620229137,4.020153450608524,3.7446445130809907,4.301036208301957,4.020153450608524,4.020153450608524,1.0,1.0,1.0,1.0,1.0,0.004,0.0,0.009333333333333334,0.0,0.012,0.996,0.9906666666666667,1.0,0.988,1.0,1.0,1.0,1.0,1.0,1.0,3.0,2.8333333333333335,3.0,3.0,3.0,4.819062392121256,4.545660209596872,5.121700745528393,4.743258486394842,4.879145385674839,4.819062392121256,4.545660209596872,5.121700745528393,4.743258486394842,4.879145385674839,4.05477612120973
3,2048,6141,250,3,8.047261900680857,7.717656479348363,8.38607652388854,8.045544483689076,8.049382059203726,4.020153450608524,3.7446445130809907,4.301036208301957,4.020153450608524,4.020153450608524,1.0,1.0,1.0,1.0,1.0,0.0013333333333333333,0.0,0.004,0.0,0.004,0.9986666666666667,0.996,1.0,0.996,1.0,1.0,1.0,1.0,1.0,1.0,3.0,2.6666666666666665,3.0,3.0,3.0,4.869211756743499,4.597368804611061,5.168992009452136,4.719631918226479,5.030852892148584,4.869211756743499,4.597368804611061,5.168992009452136,4.719631918226479,5.030852892148584,4.027108450072332
6,1,0,250,3,4.408765751335817,4.131322894719231,4.690522750753328,4.379067622767564,4.446531833966081,4.020153450608524,3.7446445130809907,4.301036208301957,4.020153450608524,4.020153450608524,0.7813333333333334,0.7306333333333334,0.828,0.752,0.8,0.2373333333333333,0.19333333333333333,0.2800333333333332,0.184,0.312,0.5479999999999999,0.496,0.5986666666666667,0.484,0.588,1.0,1.0,1.0,1.0,1.0,2.0,2.0,2.0,2.0,2.0,2.6773181615458466,2.3254624713350895,3.0568375937473196,2.553848337035296,2.9006648174423835,2.6773181615458466,2.3254624713350895,3.0568375937473196,2.553848337035296,2.9006648174423835,0.388612300727293
6,2,6,250,3,4.132386592955753,3.8622926764869847,4.403133624555981,4.1099152543099855,4.1521165470034385,4.020153450608524,3.7446445130809907,4.301036208301957,4.020153450608524,4.020153450608524,0.4493333333333333,0.39599999999999996,0.5066999999999998,0.424,0.492,0.07200000000000001,0.04800000000000001,0.09600000000000002,0.02,0.14,0.40666666666666673,0.35600000000000004,0.4613333333333333,0.392,0.424,2.0,1.5,2.0,2.0,2.0,2.0,2.0,2.6666666666666665,2.0,2.0,4.0484770669427546,3.6974531617627684,4.410439619044918,3.749203354693054,4.205657692845665,4.0484770669427546,3.6974531617627684,4.410439619044918,3.749203354693054,4.205657692845665,0.11223314234722892
6,4,18,250,3,4.512677710413727,4.248617700072645,4.776941580655606,4.3923681113370545,4.584576784020606,4.020153450608524,3.7446445130809907,4.301036208301957,4.020153450608524,4.020153450608524,0.7680000000000001,0.7226333333333333,0.8133333333333334,0.74,0.792,0.04,0.02666666666666666,0.056,0.004,0.092,0.7333333333333334,0.6853333333333333,0.7786666666666667,0.708,0.752,1.0,1.0,1.0,1.0,1.0,2.6666666666666665,2.0,3.0,2.0,3.0,4.331549347285246,4.004109502826831,4.6831029142676215,4.085157180931307,4.692955263574236,4.331549347285246,4.004109502826831,4.6831029142676215,4.085157180931307,4.692955263574236,0.49252425980520265
6,8,42,250,3,5.3377943190251065,5.05825583190647,5.621171792512806,5.30475298010601,5.3700277078342955,4.020153450608524,3.7446445130809907,4.301036208301957,4.020153450608524,4.020153450608524,0.9293333333333335,0.8999666666666667,0.9546666666666667,0.928,0.932,0.02666666666666666,0.014666666666666666,0.03866666666666667,0.0,0.072,0.9026666666666667,0.872,0.9306666666666666,0.856,0.928,1.0,1.0,1.0,1.0,1.0,2.6666666666666665,2.0,3.0,2.0,3.0,4.4864868692366295,4.151584406560914,4.847820441845414,4.154426526800799,4.804692277368003,4.4864868692366295,4.151584406560914,4.847820441845414,4.154426526800799,4.804692277368003,1.3176408684165821
6,16,90,250,3,6.436486228326313,6.133133639949302,6.7583861779055825,6.355571723939208,6.536193263456764,4.020153450608524,3.7446445130809907,4.301036208301957,4.020153450608524,4.020153450608524,0.9866666666666667,0.9746666666666667,0.996,0.98,0.996,0.025333333333333333,0.014666666666666666,0.04,0.008,0.056,0.9613333333333333,0.944,0.976,0.928,0.988,1.0,1.0,1.0,1.0,1.0,3.0,2.0,3.0,3.0,3.0,4.644968787686509,4.311890924919499,5.002230620723292,4.356867211277017,4.805815585670413,4.644968787686509,4.311890924919499,5.002230620723292,4.356867211277017,4.805815585670413,2.4163327777177885
6,32,186,250,3,7.341801083601628,7.018384567128045,7.68000454926969,7.273914574778852,7.439723135331227,4.020153450608524,3.7446445130809907,4.301036208301957,4.020153450608524,4.020153450608524,0.9973333333333333,0.9933333333333333,1.0,0.996,1.0,0.012000000000000002,0.0026666666666666666,0.023999999999999997,0.004,0.02,0.9853333333333333,0.9733333333333333,0.9946666666666667,0.976,0.992,1.0,1.0,1.0,1.0,1.0,3.0,2.6666666666666665,3.0,3.0,3.0,4.99715899106722,4.685604845032119,5.33045121326414,4.723514808371001,5.173255293723341,4.99715899106722,4.685604845032119,5.33045121326414,4.723514808371001,5.173255293723341,3.3216476329931037
6,64,378,250,3,7.876899027137166,7.550452938441092,8.22694154925561,7.810707861715615,7.969374455920242,4.020153450608524,3.7446445130809907,4.301036208301957,4.020153450608524,4.020153450608524,1.0,1.0,1.0,1.0,1.0,0.008,0.0013333333333333333,0.016,0.004,0.016,0.992,0.984,0.9986666666666667,0.984,0.996,1.0,1.0,1.0,1.0,1.0,3.0,2.6666666666666665,3.0,3.0,3.0,5.094372038861074,4.781040651328138,5.429358089732606,4.780414959962131,5.269636876443708,5.094372038861074,4.781040651328138,5.429358089732606,4.780414959962131,5.269636876443708,3.856745576528642
6,128,762,250,3,8.064614346709677,7.7260287621178945,8.418253814523025,8.024103983234198,8.102903841762489,4.020153450608524,3.7446445130809907,4.301036208301957,4.020153450608524,4.020153450608524,1.0,1.0,1.0,1.0,1.0,0.0013333333333333333,0.0,0.004,0.0,0.004,0.9986666666666667,0.996,1.0,0.996,1.0,1.0,1.0,1.0,1.0,1.0,3.0,3.0,3.0,3.0,3.0,5.305203710993154,5.03491156140183,5.593323509032553,5.033362232540366,5.504813018987575,5.305203710993154,5.03491156140183,5.593323509032553,5.033362232540366,5.504813018987575,4.044460896101152
6,256,1530,250,3,8.143128249300796,7.802456869126124,8.488236305671407,8.116392551264704,8.171171530398748,4.020153450608524,3.7446445130809907,4.301036208301957,4.020153450608524,4.020153450608524,1.0,1.0,1.0,1.0,1.0,0.0026666666666666666,0.0,0.008,0.0,0.004,0.9973333333333333,0.992,1.0,0.996,1.0,1.0,1.0,1.0,1.0,1.0,3.0,3.0,3.0,3.0,3.0,5.069524140420482,4.790165346388655,5.363540262064298,4.929782705366533,5.30170129567709,5.069524140420482,4.790165346388655,5.363540262064298,4.929782705366533,5.30170129567709,4.122974798692272
6,512,3066,250,3,8.128518137033064,7.792174935270006,8.474607741131434,8.116358379249823,8.139944637824177,4.020153450608524,3.7446445130809907,4.301036208301957,4.020153450608524,4.020153450608524,1.0,1.0,1.0,1.0,1.0,0.0013333333333333333,0.0,0.004,0.0,0.004,0.9986666666666667,0.996,1.0,0.996,1.0,1.0,1.0,1.0,1.0,1.0,3.0,2.6666666666666665,3.0,3.0,3.0,4.9511046524717806,4.663547338412118,5.254288505374838,4.829594411739377,5.047863656194981,4.9511046524717806,4.663547338412118,5.254288505374838,4.829594411739377,5.047863656194981,4.108364686424539
6,1024,6138,250,3,8.10960752247587,7.7739271755839905,8.453476963245027,8.105744763316693,8.114493935455114,4.020153450608524,3.7446445130809907,4.301036208301957,4.020153450608524,4.020153450608524,1.0,1.0,1.0,1.0,1.0,0.0026666666666666666,0.0,0.006666666666666667,0.0,0.008,0.9973333333333333,0.9933333333333333,1.0,0.992,1.0,1.0,1.0,1.0,1.0,1.0,3.0,2.5,3.0,3.0,3.0,4.831152201307895,4.549730287252973,5.136233712045719,4.620053004987747,5.070734559126475,4.831152201307895,4.549730287252973,5.136233712045719,4.620053004987747,5.070734559126475,4.089454071867345
6,2048,12282,250,3,8.06377965058843,7.731248775596052,8.402700596741541,8.060902341240277,8.069503096804906,4.020153450608524,3.7446445130809907,4.301036208301957,4.020153450608524,4.020153450608524,1.0,1.0,1.0,1.0,1.0,0.0013333333333333333,0.0,0.004,0.0,0.004,0.9986666666666667,0.996,1.0,0.996,1.0,1.0,1.0,1.0,1.0,1.0,3.0,3.0,3.0,3.0,3.0,5.1199078143103,4.862080434200174,5.398165538907993,4.93355559508519,5.263002362101665,5.1199078143103,4.862080434200174,5.398165538907993,4.93355559508519,5.263002362101665,4.043626199979905
9,1,0,250,3,4.524533532542602,4.243521829475658,4.807597601281237,4.492088269079404,4.55103332996407,4.020153450608524,3.7446445130809907,4.301036208301957,4.020153450608524,4.020153450608524,0.82,0.7746666666666666,0.8626666666666667,0.804,0.828,0.108,0.08133333333333333,0.136,0.06,0.184,0.7173333333333334,0.672,0.7613666666666665,0.644,0.772,1.0,1.0,1.0,1.0,1.0,2.0,2.0,2.0,2.0,2.0,2.956902416265383,2.6393594967314886,3.3033637277555883,2.878099266856445,3.0114930261190422,2.956902416265383,2.6393594967314886,3.3033637277555883,2.878099266856445,3.0114930261190422,0.5043800819340776
9,2,9,250,3,4.218437296527475,3.947938483593788,4.486928956162277,4.199055011804337,4.241583059959095,4.020153450608524,3.7446445130809907,4.301036208301957,4.020153450608524,4.020153450608524,0.5573333333333333,0.5026666666666667,0.616,0.532,0.584,0.05466666666666667,0.034666666666666665,0.076,0.02,0.124,0.5213333333333333,0.46799999999999997,0.5773333333333334,0.476,0.556,1.0,1.0,1.504166666666644,1.0,1.0,2.0,2.0,2.6666666666666665,2.0,2.0,4.149803259096188,3.805524032363135,4.511639500364311,3.757553576219382,4.39815490127536,4.149803259096188,3.805524032363135,4.511639500364311,3.757553576219382,4.39815490127536,0.19828384591895087
9,4,27,250,3,4.885119085482915,4.6139770151544806,5.166504517245587,4.840793037304875,4.926335607380372,4.020153450608524,3.7446445130809907,4.301036208301957,4.020153450608524,4.020153450608524,0.8586666666666667,0.82,0.8973333333333334,0.856,0.86,0.02266666666666667,0.012000000000000002,0.034666666666666665,0.008,0.048,0.836,0.7959666666666666,0.8746666666666667,0.812,0.848,1.0,1.0,1.0,1.0,1.0,2.6666666666666665,2.0,3.0,2.0,3.0,4.440559580894798,4.125757138158482,4.784594760440085,4.2420407483848495,4.584580115169208,4.440559580894798,4.125757138158482,4.784594760440085,4.2420407483848495,4.584580115169208,0.864965634874391
9,8,63,250,3,5.923482481943072,5.63834178429742,6.222283293801763,5.888120822599853,5.955632832290607,4.020153450608524,3.7446445130809907,4.301036208301957,4.020153450608524,4.020153450608524,0.96,0.9359666666666666,0.98,0.956,0.968,0.008,0.0013333333333333333,0.016,0.0,0.02,0.952,0.9253333333333335,0.9733333333333333,0.936,0.968,1.0,1.0,1.0,1.0,1.0,2.6666666666666665,2.0,3.0,2.0,3.0,4.518889167277478,4.211211116448156,4.865798573421167,4.339423306854847,4.672644354933536,4.518889167277478,4.211211116448156,4.865798573421167,4.339423306854847,4.672644354933536,1.9033290313345477
9,16,135,250,3,7.033736712572861,6.713737863914378,7.364954350366593,7.006414910405392,7.052220713215501,4.020153450608524,3.7446445130809907,4.301036208301957,4.020153450608524,4.020153450608524,0.9973333333333333,0.992,1.0,0.996,1.0,0.029333333333333336,0.016,0.044000000000000004,0.008,0.068,0.968,0.9506666666666667,0.9826666666666667,0.928,0.988,1.0,1.0,1.0,1.0,1.0,2.5,2.0,3.0,2.0,3.0,4.543569543013476,4.214864736308985,4.892453087209504,4.169605391254699,4.855781688030078,4.543569543013476,4.214864736308985,4.892453087209504,4.169605391254699,4.855781688030078,3.013583261964337
9,32,279,250,3,7.725348844584516,7.397819782431526,8.06660652175037,7.714067603588479,7.736086180806036,4.020153450608524,3.7446445130809907,4.301036208301957,4.020153450608524,4.020153450608524,1.0,1.0,1.0,1.0,1.0,0.012000000000000002,0.004,0.02266666666666667,0.004,0.028,0.988,0.9773333333333333,0.996,0.972,0.996,1.0,1.0,1.0,1.0,1.0,3.0,2.3333333333333335,3.0,3.0,3.0,4.995156205377488,4.667625096683399,5.338581729676439,4.731810967038071,5.396222877360151,4.995156205377488,4.667625096683399,5.338581729676439,4.731810967038071,5.396222877360151,3.705195393975992
9,64,567,250,3,8.011700009204617,7.680093464961386,8.360088273255332,7.959053765356705,8.043118589624436,4.020153450608524,3.7446445130809907,4.301036208301957,4.020153450608524,4.020153450608524,1.0,1.0,1.0,1.0,1.0,0.006666666666666667,0.0013333333333333333,0.014666666666666666,0.0,0.012,0.9933333333333333,0.9853333333333333,0.9986666666666667,0.988,1.0,1.0,1.0,1.0,1.0,1.0,3.0,2.6666666666666665,3.0,3.0,3.0,5.096181431397749,4.787332518275183,5.424571863111564,5.047681654435877,5.187716177637331,5.096181431397749,4.787332518275183,5.424571863111564,5.047681654435877,5.187716177637331,3.9915465585960925
9,128,1143,250,3,8.131792741342439,7.793065198344565,8.483733048021806,8.120507297737117,8.138821551384707,4.020153450608524,3.7446445130809907,4.301036208301957,4.020153450608524,4.020153450608524,1.0,1.0,1.0,1.0,1.0,0.0013333333333333333,0.0,0.004,0.0,0.004,0.9986666666666667,0.996,1.0,0.996,1.0,1.0,1.0,1.0,1.0,1.0,3.0,3.0,3.0,3.0,3.0,5.290214999554082,5.014378920928107,5.593035220339761,5.1820988371542756,5.36879549665575,5.290214999554082,5.014378920928107,5.593035220339761,5.1820988371542756,5.36879549665575,4.1116392907339145
9,256,2295,250,3,8.184281739823396,7.8427910208390825,8.53118185766043,8.178244865854746,8.195765268291815,4.020153450608524,3.7446445130809907,4.301036208301957,4.020153450608524,4.020153450608524,1.0,1.0,1.0,1.0,1.0,0.008,0.0013333333333333333,0.016,0.004,0.012,0.992,0.984,0.9986666666666667,0.988,0.996,1.0,1.0,1.0,1.0,1.0,3.0,3.0,3.0,3.0,3.0,5.041288415221547,4.7520469820584665,5.349880190717465,4.7820750107979615,5.173030166766493,5.041288415221547,4.7520469820584665,5.349880190717465,4.7820750107979615,5.173030166766493,4.164128289214871
9,512,4599,250,3,8.151043698110117,7.816177406946394,8.49675821180729,8.147821004420825,8.156405786497173,4.020153450608524,3.7446445130809907,4.301036208301957,4.020153450608524,4.020153450608524,1.0,1.0,1.0,1.0,1.0,0.004,0.0,0.009333333333333334,0.0,0.008,0.996,0.9906666666666667,1.0,0.992,1.0,1.0,1.0,1.0,1.0,1.0,3.0,3.0,3.0,3.0,3.0,4.99167093712413,4.701342994073122,5.2926257598973425,4.956106962410678,5.034369317391029,4.99167093712413,4.701342994073122,5.2926257598973425,4.956106962410678,5.034369317391029,4.1308902475015925
9,1024,9207,250,3,8.119403288264532,7.783610654499082,8.464671034917018,8.118638554477112,8.12030838243097,4.020153450608524,3.7446445130809907,4.301036208301957,4.020153450608524,4.020153450608524,1.0,1.0,1.0,1.0,1.0,0.008,0.0026666666666666666,0.014666666666666666,0.0,0.012,0.992,0.9853333333333333,0.9973333333333333,0.988,1.0,1.0,1.0,1.0,1.0,1.0,3.0,2.0,3.0,3.0,3.0,4.689296990602845,4.386289153178348,5.002404242609732,4.573499592002504,4.789024695307871,4.689296990602845,4.386289153178348,5.002404242609732,4.573499592002504,4.789024695307871,4.099249837656008
9,2048,18423,250,3,8.071187656143618,7.737487390802621,8.40951876851211,8.071062190605947,8.071317375097749,4.020153450608524,3.7446445130809907,4.301036208301957,4.020153450608524,4.020153450608524,1.0,1.0,1.0,1.0,1.0,0.005333333333333333,0.0,0.012000000000000002,0.0,0.012,0.9946666666666667,0.988,1.0,0.988,1.0,1.0,1.0,1.0,1.0,1.0,3.0,3.0,3.0,3.0,3.0,5.006562366989171,4.729708971192412,5.296021922663754,4.82597988292762,5.234936229364874,5.006562366989171,4.729708971192412,5.296021922663754,4.82597988292762,5.234936229364874,4.051034205535093
18,1,0,250,3,5.224442254707076,4.9379092413581995,5.528284638076376,5.224442254707076,5.224442254707076,4.020153450608524,3.7446445130809907,4.301036208301957,4.020153450608524,4.020153450608524,0.924,0.888,0.952,0.924,0.924,0.208,0.16,0.26,0.208,0.208,0.7159999999999999,0.656,0.7719999999999999,0.716,0.716,1.0,1.0,1.0,1.0,1.0,2.0,2.0,2.0,2.0,2.0,2.4379752604902514,2.1080064052864667,2.7951298603376666,2.4379752604902514,2.4379752604902514,2.4379752604902514,2.1080064052864667,2.7951298603376666,2.4379752604902514,2.4379752604902514,1.2042888040985513
18,2,18,250,3,4.533311496510751,4.2722357841175285,4.817554808847347,4.533311496510751,4.533311496510751,4.020153450608524,3.7446445130809907,4.301036208301957,4.020153450608524,4.020153450608524,0.7680000000000001,0.7159999999999999,0.82,0.768,0.768,0.028,0.008,0.052,0.028,0.028,0.7440000000000001,0.6880000000000001,0.7960999999999994,0.744,0.744,1.0,1.0,1.0,1.0,1.0,2.0,2.0,2.0,2.0,2.0,4.131933632843027,3.783257650221615,4.485108640833252,4.131933632843027,4.131933632843027,4.131933632843027,3.783257650221615,4.485108640833252,4.131933632843027,4.131933632843027,0.5131580459022267
18,4,54,250,3,5.839331643903093,5.557181116546521,6.135479157805344,5.839331643903093,5.839331643903093,4.020153450608524,3.7446445130809907,4.301036208301957,4.020153450608524,4.020153450608524,0.952,0.924,0.976,0.952,0.952,0.008,0.0,0.02,0.008,0.008,0.944,0.912,0.972,0.944,0.944,1.0,1.0,1.0,1.0,1.0,3.0,2.0,3.0,3.0,3.0,4.576443184622124,4.255685897475052,4.924804356063306,4.576443184622124,4.576443184622124,4.576443184622124,4.255685897475052,4.924804356063306,4.576443184622124,4.576443184622124,1.8191781932945688
18,8,126,250,3,7.009068990427295,6.691127952073525,7.344178910362013,7.009068990427295,7.009068990427295,4.020153450608524,3.7446445130809907,4.301036208301957,4.020153450608524,4.020153450608524,0.992,0.98,1.0,0.992,0.992,0.0,0.0,0.0,0.0,0.0,0.992,0.98,1.0,0.992,0.992,1.0,1.0,1.0,1.0,1.0,3.0,3.0,3.0,3.0,3.0,4.801935124479109,4.499036683115586,5.137247541826226,4.801935124479109,4.801935124479109,4.801935124479109,4.499036683115586,5.137247541826226,4.801935124479109,4.801935124479109,2.9889155398187706
18,16,270,250,3,7.841562534416194,7.506756055462878,8.193052533422259,7.841562534416194,7.841562534416194,4.020153450608524,3.7446445130809907,4.301036208301957,4.020153450608524,4.020153450608524,1.0,1.0,1.0,1.0,1.0,0.02,0.004,0.04,0.02,0.02,0.98,0.96,0.996,0.98,0.98,1.0,1.0,1.0,1.0,1.0,3.0,2.0,3.0,3.0,3.0,4.6940592540616946,4.360440333827946,5.053108535000765,4.6940592540616946,4.6940592540616946,4.6940592540616946,4.360440333827946,5.053108535000765,4.6940592540616946,4.6940592540616946,3.8214090838076693
18,32,558,250,3,8.191924311607108,7.844451788901788,8.54690089927457,8.191924311607108,8.191924311607108,4.020153450608524,3.7446445130809907,4.301036208301957,4.020153450608524,4.020153450608524,1.0,1.0,1.0,1.0,1.0,0.016,0.004,0.032,0.016,0.016,0.984,0.968,0.996,0.984,0.984,1.0,1.0,1.0,1.0,1.0,3.0,2.0,3.0,3.0,3.0,4.74008836264257,4.37735831499374,5.131657527971451,4.74008836264257,4.74008836264257,4.74008836264257,4.37735831499374,5.131657527971451,4.74008836264257,4.74008836264257,4.171770860998584
18,64,1134,250,3,8.255515789476732,7.913086099020838,8.609537791029512,8.255515789476732,8.255515789476732,4.020153450608524,3.7446445130809907,4.301036208301957,4.020153450608524,4.020153450608524,1.0,1.0,1.0,1.0,1.0,0.008,0.0,0.02,0.008,0.008,0.992,0.98,1.0,0.992,0.992,1.0,1.0,1.0,1.0,1.0,3.0,3.0,3.0,3.0,3.0,4.949915477807497,4.608040737743893,5.31585942534239,4.949915477807497,4.949915477807497,4.949915477807497,4.608040737743893,5.31585942534239,4.949915477807497,4.949915477807497,4.235362338868208
18,128,2286,250,3,8.270285394508825,7.922290643522172,8.622168578993202,8.270285394508825,8.270285394508825,4.020153450608524,3.7446445130809907,4.301036208301957,4.020153450608524,4.020153450608524,1.0,1.0,1.0,1.0,1.0,0.008,0.0,0.02,0.008,0.008,0.992,0.98,1.0,0.992,0.992,1.0,1.0,1.0,1.0,1.0,3.0,3.0,3.0,3.0,3.0,5.046398911874984,4.748076506831615,5.355929723277059,5.046398911874984,5.046398911874984,5.046398911874984,4.748076506831615,5.355929723277059,5.046398911874984,5.046398911874984,4.250131943900301
18,256,4590,250,3,8.251654553431592,7.908230274103403,8.599311868481598,8.251654553431592,8.251654553431592,4.020153450608524,3.7446445130809907,4.301036208301957,4.020153450608524,4.020153450608524,1.0,1.0,1.0,1.0,1.0,0.012000000000000002,0.0,0.028,0.012,0.012,0.988,0.972,1.0,0.988,0.988,1.0,1.0,1.0,1.0,1.0,3.0,3.0,3.0,3.0,3.0,4.769504197764709,4.447417861884716,5.078778700546479,4.769504197764709,4.769504197764709,4.769504197764709,4.447417861884716,5.078778700546479,4.769504197764709,4.769504197764709,4.231501102823068
18,512,9198,250,3,8.17859632054928,7.842183296337537,8.524539769576872,8.17859632054928,8.17859632054928,4.020153450608524,3.7446445130809907,4.301036208301957,4.020153450608524,4.020153450608524,1.0,1.0,1.0,1.0,1.0,0.012000000000000002,0.0,0.028,0.012,0.012,0.988,0.972,1.0,0.988,0.988,1.0,1.0,1.0,1.0,1.0,3.0,3.0,3.0,3.0,3.0,4.818734485253757,4.496983215198611,5.148778876339172,4.818734485253757,4.818734485253757,4.818734485253757,4.496983215198611,5.148778876339172,4.818734485253757,4.818734485253757,4.158442869940756
18,1024,18414,250,3,8.132694165383393,7.795948526280873,8.478502507531651,8.132694165383393,8.132694165383393,4.020153450608524,3.7446445130809907,4.301036208301957,4.020153450608524,4.020153450608524,1.0,1.0,1.0,1.0,1.0,0.008,0.0,0.02,0.008,0.008,0.992,0.98,1.0,0.992,0.992,1.0,1.0,1.0,1.0,1.0,3.0,2.0,3.0,3.0,3.0,4.638178470346627,4.338309223089135,4.9650318536319435,4.638178470346627,4.638178470346627,4.638178470346627,4.338309223089135,4.9650318536319435,4.638178470346627,4.638178470346627,4.112540714774869
18,2048,36846,250,3,8.077606191783056,7.744973159460587,8.416610953343445,8.077606191783056,8.077606191783056,4.020153450608524,3.7446445130809907,4.301036208301957,4.020153450608524,4.020153450608524,1.0,1.0,1.0,1.0,1.0,0.0,0.0,0.0,0.0,0.0,1.0,1.0,1.0,1.0,1.0,1.0,1.0,1.0,1.0,1.0,3.0,3.0,3.0,3.0,3.0,5.140177910688015,4.873701857245796,5.412659028509692,5.140177910688015,5.140177910688015,5.140177910688015,4.873701857245796,5.412659028509692,5.140177910688015,5.140177910688015,4.057452741174532
