benchmark,policy,new_submissions,original_count_equivalent,trials,score_gap_mean_pp,score_gap_mean_pp_ci_low,score_gap_mean_pp_ci_high,preload_mean_pp,preload_mean_pp_ci_low,preload_mean_pp_ci_high,first_s,first_s_ci_low,first_s_ci_high,first_t,first_t_ci_low,first_t_ci_high,first_s_not_t,first_s_not_t_ci_low,first_s_not_t_ci_high,median_rank_s,median_rank_s_ci_low,median_rank_s_ci_high,median_rank_t,median_rank_t_ci_low,median_rank_t_ci_high,mean_heldout_regret_pp,mean_heldout_regret_pp_ci_low,mean_heldout_regret_pp_ci_high,mean_ranking_regret_pp,mean_ranking_regret_pp_ci_low,mean_ranking_regret_pp_ci_high,score_gap_above_preload_pp,partition,dimension,released_score_coordinates
livebench,d01_p0,1,3,250,4.020153450608524,3.744644513080991,4.301036208301957,4.020153450608524,3.744644513080991,4.301036208301957,0.684,0.624,0.74,0.668,0.608,0.724,0.028,0.012,0.048099999999999456,1.0,1.0,1.0,1.0,1.0,1.0,2.341722423192506,1.927081688202415,2.7899437224087746,2.341722423192506,1.927081688202415,2.7899437224087746,0.0,0,1,0
livebench,d01_p0,2,4,250,4.022376390568384,3.7476337174439793,4.302567298822654,4.020153450608524,3.744644513080991,4.301036208301957,0.088,0.056,0.128,0.0,0.0,0.0,0.088,0.056,0.128,2.0,2.0,2.0,2.0,2.0,3.0,4.591518058085559,4.289084442758142,4.911882614765543,4.591518058085559,4.289084442758142,4.911882614765543,0.002222939959859893,0,1,1
livebench,d01_p0,4,6,250,4.049675942899198,3.7763688319856,4.320936367500403,4.020153450608524,3.744644513080991,4.301036208301957,0.212,0.164,0.268,0.024,0.008,0.044,0.212,0.164,0.268,2.0,2.0,2.0,3.0,2.0,3.0,4.560565547397048,4.225038361340496,4.9014924691514965,4.560565547397048,4.225038361340496,4.9014924691514965,0.02952249229067405,0,1,3
livebench,d01_p0,8,10,250,4.199757811346971,3.9350507294403805,4.475706161299621,4.020153450608524,3.744644513080991,4.301036208301957,0.464,0.404,0.528,0.032,0.012,0.056,0.448,0.3879,0.512,2.0,1.0,2.0,3.0,2.0,3.0,4.4185318420522215,4.058349289689131,4.785597485598991,4.4185318420522215,4.058349289689131,4.785597485598991,0.17960436073844654,0,1,7
livebench,d01_p0,16,18,250,4.361555009786154,4.100824167049981,4.638357518191919,4.020153450608524,3.744644513080991,4.301036208301957,0.664,0.604,0.724,0.004,0.0,0.012,0.664,0.604,0.724,1.0,1.0,1.0,3.0,2.0,3.0,4.6557343850966175,4.331116883628754,4.996409224722475,4.6557343850966175,4.331116883628754,4.996409224722475,0.3414015591776298,0,1,15
livebench,d01_p0,32,34,250,4.816069924251385,4.548453541899738,5.099270262053785,4.020153450608524,3.744644513080991,4.301036208301957,0.84,0.792,0.884,0.0,0.0,0.0,0.84,0.792,0.884,1.0,1.0,1.0,3.0,3.0,3.0,5.236077751229372,4.933435643491593,5.564053977248574,5.236077751229372,4.933435643491593,5.564053977248574,0.795916473642861,0,1,31
livebench,d01_p0,64,66,250,5.693937120884402,5.411238098653183,5.997338988722107,4.020153450608524,3.744644513080991,4.301036208301957,0.964,0.94,0.984,0.004,0.0,0.012,0.96,0.936,0.984,1.0,1.0,1.0,3.0,3.0,3.0,5.22718675165035,4.9191543366280825,5.5568914320571166,5.22718675165035,4.9191543366280825,5.5568914320571166,1.6737836702758777,0,1,63
livebench,d01_p0,128,130,250,6.724807738828203,6.414357059062295,7.05873480398721,4.020153450608524,3.744644513080991,4.301036208301957,0.996,0.988,1.0,0.0,0.0,0.0,0.996,0.988,1.0,1.0,1.0,1.0,3.0,2.0,3.0,5.1313868387986545,4.802422410438835,5.466362014594564,5.1313868387986545,4.802422410438835,5.466362014594564,2.704654288219679,0,1,127
livebench,d01_p0,256,258,250,7.463922545786503,7.135996083111937,7.803143330561748,4.020153450608524,3.744644513080991,4.301036208301957,1.0,1.0,1.0,0.0,0.0,0.0,1.0,1.0,1.0,1.0,1.0,1.0,3.0,3.0,3.0,5.1146176892800295,4.820688283528513,5.429494857938731,5.1146176892800295,4.820688283528513,5.429494857938731,3.443769095177979,0,1,255
livebench,d01_p0,512,514,250,7.806836277758287,7.4756539769060595,8.14710198053366,4.020153450608524,3.744644513080991,4.301036208301957,1.0,1.0,1.0,0.004,0.0,0.012,0.996,0.988,1.0,1.0,1.0,1.0,3.0,3.0,3.0,5.032926590491567,4.743791179970592,5.33805146001124,5.032926590491567,4.743791179970592,5.33805146001124,3.786682827149763,0,1,511
livebench,d01_p0,1024,1026,250,7.950123077378191,7.620240730886423,8.292614169841205,4.020153450608524,3.744644513080991,4.301036208301957,1.0,1.0,1.0,0.004,0.0,0.012,0.996,0.988,1.0,1.0,1.0,1.0,3.0,2.0,3.0,4.641979577997769,4.347375280551978,4.962817876647571,4.641979577997769,4.347375280551978,4.962817876647571,3.929969626769666,0,1,1023
livebench,d01_p0,2048,2050,250,7.993850441085859,7.66328380423258,8.332587947522734,4.020153450608524,3.744644513080991,4.301036208301957,1.0,1.0,1.0,0.012,0.0,0.028,0.988,0.972,1.0,1.0,1.0,1.0,3.0,2.0,3.0,4.571166049601179,4.274459426410323,4.909010254924605,4.571166049601179,4.274459426410323,4.909010254924605,3.9736969904773343,0,1,2047
livebench,d02_p0,1,3,250,4.036954974283535,3.7628600613566894,4.311442706703611,4.020153450608524,3.744644513080991,4.301036208301957,0.664,0.604,0.72,0.5,0.44,0.56,0.168,0.124,0.216,1.0,1.0,1.0,1.5,1.0,2.0,2.8303496229080327,2.4399873531596445,3.2558042442437833,2.8303496229080327,2.4399873531596445,3.2558042442437833,0.016801523675010976,0,2,0
livebench,d02_p0,2,4,250,4.0321802610224315,3.7558716194418373,4.311057749647234,4.020153450608524,3.744644513080991,4.301036208301957,0.132,0.092,0.176,0.0,0.0,0.0,0.132,0.092,0.176,2.0,2.0,2.0,2.0,2.0,3.0,4.538483378505525,4.246962397422814,4.852425922933137,4.538483378505525,4.246962397422814,4.852425922933137,0.012026810413907185,0,2,2
livebench,d02_p0,4,6,250,4.0831479995403,3.8052346041143155,4.356346156431463,4.020153450608524,3.744644513080991,4.301036208301957,0.368,0.308,0.428,0.004,0.0,0.012,0.368,0.308,0.428,2.0,2.0,2.0,3.0,2.0,3.0,4.910408477853723,4.576912347152026,5.263611071389595,4.910408477853723,4.576912347152026,5.263611071389595,0.06299454893177536,0,2,6
livebench,d02_p0,8,10,250,4.344115364729099,4.0711740707474675,4.626483912653182,4.020153450608524,3.744644513080991,4.301036208301957,0.676,0.62,0.732,0.008,0.0,0.02,0.676,0.62,0.732,1.0,1.0,1.0,3.0,2.0,3.0,4.614132626452053,4.277126122207089,4.970112866373578,4.614132626452053,4.277126122207089,4.970112866373578,0.3239619141205745,0,2,14
livebench,d02_p0,16,18,250,4.798426424033622,4.5237581758775285,5.090659037602345,4.020153450608524,3.744644513080991,4.301036208301957,0.86,0.816,0.9,0.0,0.0,0.0,0.86,0.816,0.9,1.0,1.0,1.0,3.0,3.0,3.0,5.065484319633482,4.758099951577793,5.3977518364898085,5.065484319633482,4.758099951577793,5.3977518364898085,0.7782729734250973,0,2,30
livebench,d02_p0,32,34,250,5.558220275450962,5.271992518010254,5.874807498684895,4.020153450608524,3.744644513080991,4.301036208301957,0.964,0.94,0.984,0.004,0.0,0.012,0.96,0.9359000000000001,0.98,1.0,1.0,1.0,3.0,3.0,3.0,5.577892063343108,5.281647610845025,5.899559751493352,5.577892063343108,5.281647610845025,5.899559751493352,1.5380668248424376,0,2,62
livebench,d02_p0,64,66,250,6.720780548400015,6.412360425558817,7.046475089826692,4.020153450608524,3.744644513080991,4.301036208301957,0.996,0.988,1.0,0.004,0.0,0.012,0.992,0.98,1.0,1.0,1.0,1.0,3.0,3.0,3.0,5.477722242771163,5.180190396707617,5.800492234954227,5.477722242771163,5.180190396707617,5.800492234954227,2.7006270977914903,0,2,126
livebench,d02_p0,128,130,250,7.527541151766249,7.206658525321939,7.863067604486203,4.020153450608524,3.744644513080991,4.301036208301957,1.0,1.0,1.0,0.0,0.0,0.0,1.0,1.0,1.0,1.0,1.0,1.0,3.0,3.0,3.0,5.2256243005782705,4.907321738802037,5.573478075360981,5.2256243005782705,4.907321738802037,5.573478075360981,3.5073877011577244,0,2,254
livebench,d02_p0,256,258,250,7.87589144972438,7.547061612850304,8.222145221632564,4.020153450608524,3.744644513080991,4.301036208301957,1.0,1.0,1.0,0.004,0.0,0.012,0.996,0.988,1.0,1.0,1.0,1.0,3.0,3.0,3.0,4.912255067151652,4.596119757731067,5.245775582415979,4.912255067151652,4.596119757731067,5.245775582415979,3.8557379991158554,0,2,510
livebench,d02_p0,512,514,250,7.997428078915241,7.661523102690906,8.340244836307825,4.020153450608524,3.744644513080991,4.301036208301957,1.0,1.0,1.0,0.008,0.0,0.02,0.992,0.98,1.0,1.0,1.0,1.0,3.0,2.0,3.0,4.804510223295016,4.480380737473905,5.148788142784131,4.804510223295016,4.480380737473905,5.148788142784131,3.9772746283067164,0,2,1022
livebench,d02_p0,1024,1026,250,8.045028244582138,7.709855910715992,8.387230642079926,4.020153450608524,3.744644513080991,4.301036208301957,1.0,1.0,1.0,0.012,0.0,0.028,0.988,0.972,1.0,1.0,1.0,1.0,3.0,2.0,3.0,4.586563442026419,4.268684276958654,4.941054679636823,4.586563442026419,4.268684276958654,4.941054679636823,4.024874793973614,0,2,2046
livebench,d02_p0,2048,2050,250,8.03451034223499,7.706138682100851,8.374985970236358,4.020153450608524,3.744644513080991,4.301036208301957,1.0,1.0,1.0,0.02,0.004,0.04,0.98,0.96,0.996,1.0,1.0,1.0,3.0,2.0,3.0,4.523308284162305,4.211439592981815,4.858740024868707,4.523308284162305,4.211439592981815,4.858740024868707,4.014356891626465,0,2,4094
livebench,d03_p0,1,3,250,4.09133079806518,3.8145641761837594,4.370768264186203,4.020153450608524,3.744644513080991,4.301036208301957,0.644,0.58,0.704,0.272,0.2199,0.328,0.388,0.328,0.448,1.0,1.0,1.0,2.0,2.0,2.0,3.0031884816136607,2.6281105195344256,3.40232261513698,3.0031884816136607,2.6281105195344256,3.40232261513698,0.07117734745665594,0,3,0
livebench,d03_p0,2,4,250,4.039019994831002,3.763836783887987,4.31673134177333,4.020153450608524,3.744644513080991,4.301036208301957,0.204,0.152,0.256,0.0,0.0,0.0,0.204,0.152,0.256,2.0,2.0,2.0,2.0,2.0,3.0,4.342801782566836,4.0543470902978465,4.649135516190658,4.342801782566836,4.0543470902978465,4.649135516190658,0.0188665442224778,0,3,3
livebench,d03_p0,4,6,250,4.163604559740125,3.8911043418379463,4.435701365560256,4.020153450608524,3.744644513080991,4.301036208301957,0.528,0.468,0.592,0.012,0.0,0.028,0.528,0.468,0.592,1.0,1.0,2.0,3.0,2.0,3.0,4.560497252509555,4.225256571135994,4.916735340135782,4.560497252509555,4.225256571135994,4.916735340135782,0.14345110913160042,0,3,9
livebench,d03_p0,8,10,250,4.585849354874641,4.314942200108246,4.869984135569686,4.020153450608524,3.744644513080991,4.301036208301957,0.768,0.712,0.8160999999999994,0.012,0.0,0.028,0.76,0.704,0.812,1.0,1.0,1.0,2.0,2.0,3.0,4.501646312141351,4.168923161774249,4.853945016345141,4.501646312141351,4.168923161774249,4.853945016345141,0.5656959042661169,0,3,21
livebench,d03_p0,16,18,250,5.2694027887437205,4.987404016965583,5.56505233408265,4.020153450608524,3.744644513080991,4.301036208301957,0.928,0.896,0.96,0.0,0.0,0.0,0.928,0.896,0.96,1.0,1.0,1.0,3.0,2.0,3.0,4.809245948355545,4.528470211886794,5.112003033442001,4.809245948355545,4.528470211886794,5.112003033442001,1.2492493381351961,0,3,45
livebench,d03_p0,32,34,250,6.315222255824465,6.006296801303723,6.640732015283849,4.020153450608524,3.744644513080991,4.301036208301957,0.988,0.972,1.0,0.0,0.0,0.0,0.988,0.972,1.0,1.0,1.0,1.0,3.0,3.0,3.0,5.395977411014093,5.105126476080944,5.699716471403629,5.395977411014093,5.105126476080944,5.699716471403629,2.2950688052159407,0,3,93
livebench,d03_p0,64,66,250,7.285999089046516,6.964263818502855,7.622539963670985,4.020153450608524,3.744644513080991,4.301036208301957,1.0,1.0,1.0,0.004,0.0,0.012,0.996,0.988,1.0,1.0,1.0,1.0,3.0,3.0,3.0,5.2987225575050525,5.004012414100948,5.615583181754263,5.2987225575050525,5.004012414100948,5.615583181754263,3.265845638437992,0,3,189
livebench,d03_p0,128,130,250,7.807238156139226,7.4761056306934,8.153847185446084,4.020153450608524,3.744644513080991,4.301036208301957,1.0,1.0,1.0,0.008,0.0,0.02,0.992,0.98,1.0,1.0,1.0,1.0,3.0,3.0,3.0,5.237481765386873,4.916647920797609,5.584307889876388,5.237481765386873,4.916647920797609,5.584307889876388,3.7870847055307015,0,3,381
livebench,d03_p0,256,258,250,8.003509466390103,7.664430050415064,8.347243013841352,4.020153450608524,3.744644513080991,4.301036208301957,1.0,1.0,1.0,0.012,0.0,0.024,0.988,0.976,1.0,1.0,1.0,1.0,3.0,3.0,3.0,5.145124004521465,4.829455129292209,5.475876981324032,5.145124004521465,4.829455129292209,5.475876981324032,3.9833560157815784,0,3,765
livebench,d03_p0,512,514,250,8.057237359714318,7.7231617734183775,8.401761031333518,4.020153450608524,3.744644513080991,4.301036208301957,1.0,1.0,1.0,0.0,0.0,0.0,1.0,1.0,1.0,1.0,1.0,1.0,3.0,3.0,3.0,5.022688246420965,4.722231954987086,5.346076503908078,5.022688246420965,4.722231954987086,5.346076503908078,4.037083909105793,0,3,1533
livebench,d03_p0,1024,1026,250,8.079006620229137,7.746619328470288,8.423431760217714,4.020153450608524,3.744644513080991,4.301036208301957,1.0,1.0,1.0,0.012,0.0,0.028,0.988,0.972,1.0,1.0,1.0,1.0,3.0,3.0,3.0,4.743258486394842,4.443178189340785,5.067871334477497,4.743258486394842,4.443178189340785,5.067871334477497,4.058853169620613,0,3,3069
livebench,d03_p0,2048,2050,250,8.045544483689076,7.7156012849005835,8.38459589981576,4.020153450608524,3.744644513080991,4.301036208301957,1.0,1.0,1.0,0.004,0.0,0.012,0.996,0.988,1.0,1.0,1.0,1.0,3.0,2.0,3.0,4.719631918226479,4.413966520747192,5.041276072798312,4.719631918226479,4.413966520747192,5.041276072798312,4.025391033080552,0,3,6141
livebench,d06_p0,1,3,250,4.379067622767564,4.103578592983345,4.658706404067497,4.020153450608524,3.744644513080991,4.301036208301957,0.752,0.696,0.804,0.184,0.132,0.236,0.572,0.512,0.636,1.0,1.0,1.0,2.0,2.0,2.0,2.9006648174423835,2.5529771411594595,3.2821839577238183,2.9006648174423835,2.5529771411594595,3.2821839577238183,0.3589141721590394,0,6,0
livebench,d06_p0,2,4,250,4.1099152543099855,3.841690820352961,4.384466392705949,4.020153450608524,3.744644513080991,4.301036208301957,0.424,0.364,0.488,0.02,0.004,0.036,0.424,0.364,0.488,2.0,2.0,2.0,2.0,2.0,3.0,4.190570153289542,3.878983184030553,4.519772980804611,4.190570153289542,3.878983184030553,4.519772980804611,0.08976180370146114,0,6,6
livebench,d06_p0,4,6,250,4.3923681113370545,4.125068784808756,4.663316959454355,4.020153450608524,3.744644513080991,4.301036208301957,0.74,0.684,0.796,0.004,0.0,0.012,0.74,0.684,0.796,1.0,1.0,1.0,3.0,2.0,3.0,4.692955263574236,4.379183206909824,5.035835200678459,4.692955263574236,4.379183206909824,5.035835200678459,0.37221466072853016,0,6,18
livebench,d06_p0,8,10,250,5.30475298010601,5.025025328686974,5.599177464067818,4.020153450608524,3.744644513080991,4.301036208301957,0.932,0.9,0.96,0.008,0.0,0.02,0.924,0.888,0.956,1.0,1.0,1.0,2.0,2.0,3.0,4.500341803541087,4.154734244397654,4.861744738355052,4.500341803541087,4.154734244397654,4.861744738355052,1.284599529497486,0,6,42
livebench,d06_p0,16,18,250,6.4176936975829655,6.117179285370121,6.743576887005026,4.020153450608524,3.744644513080991,4.301036208301957,0.996,0.988,1.0,0.008,0.0,0.02,0.988,0.972,1.0,1.0,1.0,1.0,3.0,2.0,3.0,4.805815585670413,4.479147924660888,5.149264054306939,4.805815585670413,4.479147924660888,5.149264054306939,2.397540246974441,0,6,90
livebench,d06_p0,32,34,250,7.273914574778852,6.9451743942457815,7.618316047646881,4.020153450608524,3.744644513080991,4.301036208301957,0.996,0.988,1.0,0.004,0.0,0.012,0.992,0.98,1.0,1.0,1.0,1.0,3.0,3.0,3.0,5.173255293723341,4.863281035715359,5.5021246311347545,5.173255293723341,4.863281035715359,5.5021246311347545,3.2537611241703273,0,6,186
livebench,d06_p0,64,66,250,7.8506147637756385,7.52239596757941,8.197782548303106,4.020153450608524,3.744644513080991,4.301036208301957,1.0,1.0,1.0,0.004,0.0,0.012,0.996,0.988,1.0,1.0,1.0,1.0,3.0,3.0,3.0,5.269636876443708,4.948260852535389,5.6182625739883285,5.269636876443708,4.948260852535389,5.6182625739883285,3.830461313167114,0,6,378
livebench,d06_p0,128,130,250,8.066835215132341,7.72893586847145,8.418924306900296,4.020153450608524,3.744644513080991,4.301036208301957,1.0,1.0,1.0,0.004,0.0,0.012,0.996,0.988,1.0,1.0,1.0,1.0,3.0,3.0,3.0,5.504813018987575,5.214416575517766,5.801223699185766,5.504813018987575,5.214416575517766,5.801223699185766,4.046681764523817,0,6,762
livebench,d06_p0,256,258,250,8.141820666238932,7.8045708273799335,8.486613812061707,4.020153450608524,3.744644513080991,4.301036208301957,1.0,1.0,1.0,0.004,0.0,0.012,0.996,0.988,1.0,1.0,1.0,1.0,3.0,3.0,3.0,5.30170129567709,4.996494984073458,5.623108528205512,5.30170129567709,4.996494984073458,5.623108528205512,4.121667215630407,0,6,1530
livebench,d06_p0,512,514,250,8.129251394025195,7.793894353100831,8.474281640809735,4.020153450608524,3.744644513080991,4.301036208301957,1.0,1.0,1.0,0.0,0.0,0.0,1.0,1.0,1.0,1.0,1.0,1.0,3.0,3.0,3.0,5.047863656194981,4.732128497882614,5.3824931942102285,5.047863656194981,4.732128497882614,5.3824931942102285,4.10909794341667,0,6,3066
livebench,d06_p0,1024,1026,250,8.108583868655797,7.772198807617622,8.451955778015877,4.020153450608524,3.744644513080991,4.301036208301957,1.0,1.0,1.0,0.008,0.0,0.02,0.992,0.98,1.0,1.0,1.0,1.0,3.0,2.5,3.0,4.802669039809465,4.4858229579629585,5.146862722335577,4.802669039809465,4.4858229579629585,5.146862722335577,4.088430418047273,0,6,6138
livebench,d06_p0,2048,2050,250,8.060933513720107,7.730593075585547,8.399132016498276,4.020153450608524,3.744644513080991,4.301036208301957,1.0,1.0,1.0,0.004,0.0,0.012,0.996,0.988,1.0,1.0,1.0,1.0,3.0,3.0,3.0,4.93355559508519,4.6434048786196795,5.2311651128506895,4.93355559508519,4.6434048786196795,5.2311651128506895,4.040780063111582,0,6,12282
livebench,d09_p0,1,3,250,4.492088269079404,4.219528846393192,4.769692274726057,4.020153450608524,3.744644513080991,4.301036208301957,0.804,0.752,0.852,0.08,0.048,0.116,0.736,0.68,0.788,1.0,1.0,1.0,2.0,2.0,2.0,2.9811149558206615,2.6580066256485773,3.346145152172546,2.9811149558206615,2.6580066256485773,3.346145152172546,0.4719348184708796,0,9,0
livebench,d09_p0,2,4,250,4.199055011804337,3.936500323823127,4.46321023731561,4.020153450608524,3.744644513080991,4.301036208301957,0.532,0.472,0.596,0.02,0.004,0.03609999999999945,0.532,0.472,0.596,1.0,1.0,2.0,2.0,2.0,3.0,4.39815490127536,4.09222251694328,4.721092794806997,4.39815490127536,4.09222251694328,4.721092794806997,0.17890156119581224,0,9,9
livebench,d09_p0,4,6,250,4.888228611763501,4.614162099601771,5.172448347456153,4.020153450608524,3.744644513080991,4.301036208301957,0.86,0.816,0.9,0.012,0.0,0.028,0.848,0.804,0.892,1.0,1.0,1.0,3.0,2.0,3.0,4.584580115169208,4.276054871587755,4.9326725503005555,4.584580115169208,4.276054871587755,4.9326725503005555,0.8680751611549766,0,9,27
livebench,d09_p0,8,10,250,5.926693790938755,5.637405821808047,6.2215387068840045,4.020153450608524,3.744644513080991,4.301036208301957,0.956,0.928,0.98,0.004,0.0,0.012,0.952,0.924,0.976,1.0,1.0,1.0,3.0,2.0,3.0,4.672644354933536,4.347296385545461,5.01845676126162,4.672644354933536,4.347296385545461,5.01845676126162,1.9065403403302303,0,9,63
livebench,d09_p0,16,18,250,7.042574514097692,6.721375839413623,7.380500968315395,4.020153450608524,3.744644513080991,4.301036208301957,1.0,1.0,1.0,0.012,0.0,0.028,0.988,0.972,1.0,1.0,1.0,1.0,3.0,2.0,3.0,4.855781688030078,4.540814793114827,5.181602891755071,4.855781688030078,4.540814793114827,5.181602891755071,3.0224210634891673,0,9,135
livebench,d09_p0,32,34,250,7.725892749359034,7.390572333821079,8.065309750940381,4.020153450608524,3.744644513080991,4.301036208301957,1.0,1.0,1.0,0.004,0.0,0.012,0.996,0.988,1.0,1.0,1.0,1.0,3.0,3.0,3.0,5.396222877360151,5.055909936801528,5.752225323784403,5.396222877360151,5.055909936801528,5.752225323784403,3.70573929875051,0,9,279
livebench,d09_p0,64,66,250,8.032927672632708,7.695738465315078,8.377672732301134,4.020153450608524,3.744644513080991,4.301036208301957,1.0,1.0,1.0,0.008,0.0,0.02,0.992,0.98,1.0,1.0,1.0,1.0,3.0,2.0,3.0,5.05314646212004,4.718828217231106,5.400380072104265,5.05314646212004,4.718828217231106,5.400380072104265,4.012774222024183,0,9,567
livebench,d09_p0,128,130,250,8.138821551384707,7.795865200571881,8.488366455141815,4.020153450608524,3.744644513080991,4.301036208301957,1.0,1.0,1.0,0.0,0.0,0.0,1.0,1.0,1.0,1.0,1.0,1.0,3.0,3.0,3.0,5.319750664852223,5.017284110930718,5.628778937525054,5.319750664852223,5.017284110930718,5.628778937525054,4.1186681007761825,0,9,1143
livebench,d09_p0,256,258,250,8.195765268291815,7.855114252492487,8.54393318789649,4.020153450608524,3.744644513080991,4.301036208301957,1.0,1.0,1.0,0.004,0.0,0.012,0.996,0.988,1.0,1.0,1.0,1.0,3.0,3.0,3.0,5.168760068100186,4.852828315166276,5.505047329221359,5.168760068100186,4.852828315166276,5.505047329221359,4.175611817683291,0,9,2295
livebench,d09_p0,512,514,250,8.156405786497173,7.822215828680054,8.502436171027448,4.020153450608524,3.744644513080991,4.301036208301957,1.0,1.0,1.0,0.0,0.0,0.0,1.0,1.0,1.0,1.0,1.0,1.0,3.0,3.0,3.0,5.034369317391029,4.711913545912862,5.366652949010056,5.034369317391029,4.711913545912862,5.366652949010056,4.136252335888648,0,9,4599
livebench,d09_p0,1024,1026,250,8.12030838243097,7.784344038959747,8.465569374811928,4.020153450608524,3.744644513080991,4.301036208301957,1.0,1.0,1.0,0.0,0.0,0.0,1.0,1.0,1.0,1.0,1.0,1.0,3.0,2.0,3.0,4.789024695307871,4.4902666310319255,5.100325038574107,4.789024695307871,4.4902666310319255,5.100325038574107,4.100154931822446,0,9,9207
livebench,d09_p0,2048,2050,250,8.071062190605947,7.737407225575329,8.40960593315234,4.020153450608524,3.744644513080991,4.301036208301957,1.0,1.0,1.0,0.0,0.0,0.0,1.0,1.0,1.0,1.0,1.0,1.0,3.0,3.0,3.0,5.234936229364874,4.957185137380698,5.526004943084653,5.234936229364874,4.957185137380698,5.526004943084653,4.050908739997422,0,9,18423
livebench,d18_p0,1,3,250,5.224442254707076,4.9379092413581995,5.528284638076376,4.020153450608524,3.744644513080991,4.301036208301957,0.924,0.888,0.952,0.208,0.16,0.26,0.716,0.656,0.772,1.0,1.0,1.0,2.0,2.0,2.0,2.4379752604902514,2.1080064052864667,2.795129860337667,2.4379752604902514,2.1080064052864667,2.795129860337667,1.2042888040985513,0,18,0
livebench,d18_p0,2,4,250,4.533311496510751,4.2722357841175285,4.817554808847347,4.020153450608524,3.744644513080991,4.301036208301957,0.768,0.716,0.82,0.028,0.008,0.052,0.744,0.688,0.7960999999999995,1.0,1.0,1.0,2.0,2.0,2.0,4.131933632843027,3.783257650221615,4.485108640833252,4.131933632843027,3.783257650221615,4.485108640833252,0.5131580459022267,0,18,18
livebench,d18_p0,4,6,250,5.839331643903093,5.557181116546521,6.135479157805344,4.020153450608524,3.744644513080991,4.301036208301957,0.952,0.924,0.976,0.008,0.0,0.02,0.944,0.912,0.972,1.0,1.0,1.0,3.0,2.0,3.0,4.576443184622124,4.255685897475052,4.924804356063306,4.576443184622124,4.255685897475052,4.924804356063306,1.8191781932945688,0,18,54
livebench,d18_p0,8,10,250,7.009068990427295,6.691127952073525,7.344178910362014,4.020153450608524,3.744644513080991,4.301036208301957,0.992,0.98,1.0,0.0,0.0,0.0,0.992,0.98,1.0,1.0,1.0,1.0,3.0,3.0,3.0,4.801935124479109,4.499036683115586,5.137247541826226,4.801935124479109,4.499036683115586,5.137247541826226,2.9889155398187706,0,18,126
livebench,d18_p0,16,18,250,7.841562534416194,7.506756055462878,8.193052533422259,4.020153450608524,3.744644513080991,4.301036208301957,1.0,1.0,1.0,0.02,0.004,0.04,0.98,0.96,0.996,1.0,1.0,1.0,3.0,2.0,3.0,4.6940592540616946,4.360440333827946,5.053108535000765,4.6940592540616946,4.360440333827946,5.053108535000765,3.8214090838076693,0,18,270
livebench,d18_p0,32,34,250,8.191924311607108,7.844451788901787,8.54690089927457,4.020153450608524,3.744644513080991,4.301036208301957,1.0,1.0,1.0,0.016,0.004,0.032,0.984,0.968,0.996,1.0,1.0,1.0,3.0,2.0,3.0,4.74008836264257,4.37735831499374,5.131657527971451,4.74008836264257,4.37735831499374,5.131657527971451,4.171770860998584,0,18,558
livebench,d18_p0,64,66,250,8.255515789476732,7.913086099020837,8.609537791029512,4.020153450608524,3.744644513080991,4.301036208301957,1.0,1.0,1.0,0.008,0.0,0.02,0.992,0.98,1.0,1.0,1.0,1.0,3.0,3.0,3.0,4.949915477807497,4.608040737743893,5.31585942534239,4.949915477807497,4.608040737743893,5.31585942534239,4.235362338868208,0,18,1134
livebench,d18_p0,128,130,250,8.270285394508825,7.922290643522173,8.622168578993202,4.020153450608524,3.744644513080991,4.301036208301957,1.0,1.0,1.0,0.008,0.0,0.02,0.992,0.98,1.0,1.0,1.0,1.0,3.0,3.0,3.0,5.046398911874984,4.748076506831615,5.355929723277059,5.046398911874984,4.748076506831615,5.355929723277059,4.250131943900301,0,18,2286
livebench,d18_p0,256,258,250,8.251654553431592,7.908230274103403,8.599311868481598,4.020153450608524,3.744644513080991,4.301036208301957,1.0,1.0,1.0,0.012,0.0,0.028,0.988,0.972,1.0,1.0,1.0,1.0,3.0,3.0,3.0,4.769504197764709,4.447417861884716,5.078778700546479,4.769504197764709,4.447417861884716,5.078778700546479,4.231501102823068,0,18,4590
livebench,d18_p0,512,514,250,8.17859632054928,7.842183296337537,8.524539769576872,4.020153450608524,3.744644513080991,4.301036208301957,1.0,1.0,1.0,0.012,0.0,0.028,0.988,0.972,1.0,1.0,1.0,1.0,3.0,3.0,3.0,4.818734485253757,4.496983215198611,5.148778876339172,4.818734485253757,4.496983215198611,5.148778876339172,4.158442869940756,0,18,9198
livebench,d18_p0,1024,1026,250,8.132694165383393,7.795948526280872,8.478502507531651,4.020153450608524,3.744644513080991,4.301036208301957,1.0,1.0,1.0,0.008,0.0,0.02,0.992,0.98,1.0,1.0,1.0,1.0,3.0,2.0,3.0,4.638178470346627,4.338309223089135,4.9650318536319435,4.638178470346627,4.338309223089135,4.9650318536319435,4.112540714774869,0,18,18414
livebench,d18_p0,2048,2050,250,8.077606191783056,7.744973159460587,8.416610953343445,4.020153450608524,3.744644513080991,4.301036208301957,1.0,1.0,1.0,0.0,0.0,0.0,1.0,1.0,1.0,1.0,1.0,1.0,3.0,3.0,3.0,5.140177910688015,4.873701857245796,5.412659028509692,5.140177910688015,4.873701857245796,5.412659028509692,4.057452741174532,0,18,36846
livebench,d01_p1,1,3,250,4.020153450608524,3.744644513080991,4.301036208301957,4.020153450608524,3.744644513080991,4.301036208301957,0.684,0.624,0.74,0.668,0.608,0.724,0.028,0.012,0.048099999999999456,1.0,1.0,1.0,1.0,1.0,1.0,2.341722423192506,1.927081688202415,2.7899437224087746,2.341722423192506,1.927081688202415,2.7899437224087746,0.0,1,1,0
livebench,d01_p1,2,4,250,4.022376390568384,3.7476337174439793,4.302567298822654,4.020153450608524,3.744644513080991,4.301036208301957,0.088,0.056,0.128,0.0,0.0,0.0,0.088,0.056,0.128,2.0,2.0,2.0,2.0,2.0,3.0,4.591518058085559,4.289084442758142,4.911882614765543,4.591518058085559,4.289084442758142,4.911882614765543,0.002222939959859893,1,1,1
livebench,d01_p1,4,6,250,4.049675942899198,3.7763688319856,4.320936367500403,4.020153450608524,3.744644513080991,4.301036208301957,0.212,0.164,0.268,0.024,0.008,0.044,0.212,0.164,0.268,2.0,2.0,2.0,3.0,2.0,3.0,4.560565547397048,4.225038361340496,4.9014924691514965,4.560565547397048,4.225038361340496,4.9014924691514965,0.02952249229067405,1,1,3
livebench,d01_p1,8,10,250,4.199757811346971,3.9350507294403805,4.475706161299621,4.020153450608524,3.744644513080991,4.301036208301957,0.464,0.404,0.528,0.032,0.012,0.056,0.448,0.3879,0.512,2.0,1.0,2.0,3.0,2.0,3.0,4.4185318420522215,4.058349289689131,4.785597485598991,4.4185318420522215,4.058349289689131,4.785597485598991,0.17960436073844654,1,1,7
livebench,d01_p1,16,18,250,4.361555009786154,4.100824167049981,4.638357518191919,4.020153450608524,3.744644513080991,4.301036208301957,0.664,0.604,0.724,0.004,0.0,0.012,0.664,0.604,0.724,1.0,1.0,1.0,3.0,2.0,3.0,4.6557343850966175,4.331116883628754,4.996409224722475,4.6557343850966175,4.331116883628754,4.996409224722475,0.3414015591776298,1,1,15
livebench,d01_p1,32,34,250,4.816069924251385,4.548453541899738,5.099270262053785,4.020153450608524,3.744644513080991,4.301036208301957,0.84,0.792,0.884,0.0,0.0,0.0,0.84,0.792,0.884,1.0,1.0,1.0,3.0,3.0,3.0,5.236077751229372,4.933435643491593,5.564053977248574,5.236077751229372,4.933435643491593,5.564053977248574,0.795916473642861,1,1,31
livebench,d01_p1,64,66,250,5.693937120884402,5.411238098653183,5.997338988722107,4.020153450608524,3.744644513080991,4.301036208301957,0.964,0.94,0.984,0.004,0.0,0.012,0.96,0.936,0.984,1.0,1.0,1.0,3.0,3.0,3.0,5.22718675165035,4.9191543366280825,5.5568914320571166,5.22718675165035,4.9191543366280825,5.5568914320571166,1.6737836702758777,1,1,63
livebench,d01_p1,128,130,250,6.724807738828203,6.414357059062295,7.05873480398721,4.020153450608524,3.744644513080991,4.301036208301957,0.996,0.988,1.0,0.0,0.0,0.0,0.996,0.988,1.0,1.0,1.0,1.0,3.0,2.0,3.0,5.1313868387986545,4.802422410438835,5.466362014594564,5.1313868387986545,4.802422410438835,5.466362014594564,2.704654288219679,1,1,127
livebench,d01_p1,256,258,250,7.463922545786503,7.135996083111937,7.803143330561748,4.020153450608524,3.744644513080991,4.301036208301957,1.0,1.0,1.0,0.0,0.0,0.0,1.0,1.0,1.0,1.0,1.0,1.0,3.0,3.0,3.0,5.1146176892800295,4.820688283528513,5.429494857938731,5.1146176892800295,4.820688283528513,5.429494857938731,3.443769095177979,1,1,255
livebench,d01_p1,512,514,250,7.806836277758287,7.4756539769060595,8.14710198053366,4.020153450608524,3.744644513080991,4.301036208301957,1.0,1.0,1.0,0.004,0.0,0.012,0.996,0.988,1.0,1.0,1.0,1.0,3.0,3.0,3.0,5.032926590491567,4.743791179970592,5.33805146001124,5.032926590491567,4.743791179970592,5.33805146001124,3.786682827149763,1,1,511
livebench,d01_p1,1024,1026,250,7.950123077378191,7.620240730886423,8.292614169841205,4.020153450608524,3.744644513080991,4.301036208301957,1.0,1.0,1.0,0.004,0.0,0.012,0.996,0.988,1.0,1.0,1.0,1.0,3.0,2.0,3.0,4.641979577997769,4.347375280551978,4.962817876647571,4.641979577997769,4.347375280551978,4.962817876647571,3.929969626769666,1,1,1023
livebench,d01_p1,2048,2050,250,7.993850441085859,7.66328380423258,8.332587947522734,4.020153450608524,3.744644513080991,4.301036208301957,1.0,1.0,1.0,0.012,0.0,0.028,0.988,0.972,1.0,1.0,1.0,1.0,3.0,2.0,3.0,4.571166049601179,4.274459426410323,4.909010254924605,4.571166049601179,4.274459426410323,4.909010254924605,3.9736969904773343,1,1,2047
livebench,d02_p1,1,3,250,4.0742687727736,3.8050509101020555,4.347119645745443,4.020153450608524,3.744644513080991,4.301036208301957,0.676,0.616,0.732,0.408,0.344,0.464,0.272,0.22,0.332,1.0,1.0,1.0,2.0,2.0,2.0,2.6371616216207263,2.261065762030976,3.0507681957860715,2.6371616216207263,2.261065762030976,3.0507681957860715,0.05411532216507542,1,2,0
livebench,d02_p1,2,4,250,4.026375816994732,3.751550545486157,4.306058214640538,4.020153450608524,3.744644513080991,4.301036208301957,0.152,0.108,0.204,0.0,0.0,0.0,0.152,0.108,0.204,2.0,2.0,2.0,3.0,2.0,3.0,4.629240993690402,4.336921643391709,4.93973309349464,4.629240993690402,4.336921643391709,4.93973309349464,0.006222366386207767,1,2,2
livebench,d02_p1,4,6,250,4.09808248212642,3.8292984181725704,4.366605924791119,4.020153450608524,3.744644513080991,4.301036208301957,0.4,0.34,0.464,0.012,0.0,0.028,0.4,0.34,0.464,2.0,2.0,2.0,3.0,2.0,3.0,4.567965640962939,4.2302654610495924,4.910664900007807,4.567965640962939,4.2302654610495924,4.910664900007807,0.07792903151789599,1,2,6
livebench,d02_p1,8,10,250,4.375280512824871,4.097783128723148,4.656991800714013,4.020153450608524,3.744644513080991,4.301036208301957,0.692,0.632,0.752,0.048,0.024,0.076,0.648,0.584,0.708,1.0,1.0,1.0,3.0,2.0,3.0,4.419420907619774,4.053927129423859,4.797104300415955,4.419420907619774,4.053927129423859,4.797104300415955,0.35512706221634627,1,2,14
livebench,d02_p1,16,18,250,4.831628417782366,4.555397631621732,5.121002039249604,4.020153450608524,3.744644513080991,4.301036208301957,0.848,0.804,0.892,0.02,0.004,0.04,0.832,0.784,0.876,1.0,1.0,1.0,3.0,2.0,3.0,4.832823546023587,4.5046548316501696,5.182640865852844,4.832823546023587,4.5046548316501696,5.182640865852844,0.8114749671738419,1,2,30
livebench,d02_p1,32,34,250,5.619940536545111,5.321463387409048,5.918783611241562,4.020153450608524,3.744644513080991,4.301036208301957,0.968,0.944,0.988,0.0,0.0,0.0,0.968,0.944,0.988,1.0,1.0,1.0,3.0,3.0,3.0,5.119518029961446,4.812147637247117,5.448147956717026,5.119518029961446,4.812147637247117,5.448147956717026,1.5997870859365868,1,2,62
livebench,d02_p1,64,66,250,6.633253318089585,6.335496691610401,6.961899395015284,4.020153450608524,3.744644513080991,4.301036208301957,0.992,0.98,1.0,0.0,0.0,0.0,0.992,0.98,1.0,1.0,1.0,1.0,3.0,3.0,3.0,5.260710149644519,4.96179834442097,5.582633004302935,5.260710149644519,4.96179834442097,5.582633004302935,2.6130998674810604,1,2,126
livebench,d02_p1,128,130,250,7.522593667943592,7.201586711387079,7.8575859409618865,4.020153450608524,3.744644513080991,4.301036208301957,1.0,1.0,1.0,0.0,0.0,0.0,1.0,1.0,1.0,1.0,1.0,1.0,3.0,3.0,3.0,5.148202279255346,4.86526851058029,5.450448824733824,5.148202279255346,4.86526851058029,5.450448824733824,3.5024402173350673,1,2,254
livebench,d02_p1,256,258,250,7.890593551551048,7.555821406102271,8.23589343703974,4.020153450608524,3.744644513080991,4.301036208301957,1.0,1.0,1.0,0.0,0.0,0.0,1.0,1.0,1.0,1.0,1.0,1.0,3.0,3.0,3.0,5.335749155469145,5.059161883146691,5.629005727054745,5.335749155469145,5.059161883146691,5.629005727054745,3.870440100942524,1,2,510
livebench,d02_p1,512,514,250,8.008553344432308,7.6755407244123965,8.348527640239318,4.020153450608524,3.744644513080991,4.301036208301957,1.0,1.0,1.0,0.0,0.0,0.0,1.0,1.0,1.0,1.0,1.0,1.0,3.0,3.0,3.0,5.0572565492598915,4.772057725828351,5.355583895419946,5.0572565492598915,4.772057725828351,5.355583895419946,3.9883998938237832,1,2,1022
livebench,d02_p1,1024,1026,250,8.032326986378056,7.699984848603358,8.374095255337417,4.020153450608524,3.744644513080991,4.301036208301957,1.0,1.0,1.0,0.004,0.0,0.012,0.996,0.988,1.0,1.0,1.0,1.0,3.0,2.0,3.0,4.720670863510015,4.438663592295617,5.030646688406889,4.720670863510015,4.438663592295617,5.030646688406889,4.012173535769532,1,2,2046
livebench,d02_p1,2048,2050,250,8.037930063421065,7.707677432888343,8.372806418890555,4.020153450608524,3.744644513080991,4.301036208301957,1.0,1.0,1.0,0.004,0.0,0.012,0.996,0.988,1.0,1.0,1.0,1.0,3.0,2.0,3.0,4.795435592573432,4.508916588125064,5.101923366092775,4.795435592573432,4.508916588125064,5.101923366092775,4.017776612812541,1,2,4094
livebench,d03_p1,1,3,250,4.083608229601939,3.8128881124010108,4.356819298249818,4.020153450608524,3.744644513080991,4.301036208301957,0.676,0.616,0.732,0.284,0.228,0.34,0.392,0.332,0.46,1.0,1.0,1.0,2.0,2.0,2.0,2.9934036471927086,2.651047997629041,3.3656732110163237,2.9934036471927086,2.651047997629041,3.3656732110163237,0.06345477899341478,1,3,0
livebench,d03_p1,2,4,250,4.061309888354189,3.7936248148515133,4.333701475534095,4.020153450608524,3.744644513080991,4.301036208301957,0.256,0.204,0.316,0.024,0.008,0.044,0.256,0.204,0.316,2.0,2.0,2.0,2.0,2.0,3.0,4.186607054469534,3.859302089295303,4.519889576249521,4.186607054469534,3.859302089295303,4.519889576249521,0.041156437745664576,1,3,3
livebench,d03_p1,4,6,250,4.230015034924902,3.9585819487401204,4.5055279507203725,4.020153450608524,3.744644513080991,4.301036208301957,0.564,0.5,0.628,0.024,0.008,0.044,0.556,0.492,0.62,1.0,1.0,1.5,2.0,2.0,3.0,4.301199485295718,3.9524187105891,4.653108686397325,4.301199485295718,3.9524187105891,4.653108686397325,0.20986158431637758,1,3,9
livebench,d03_p1,8,10,250,4.66160644218769,4.387186943261594,4.95308045865311,4.020153450608524,3.744644513080991,4.301036208301957,0.816,0.768,0.864,0.012,0.0,0.028,0.808,0.756,0.856,1.0,1.0,1.0,3.0,2.0,3.0,4.475845574394472,4.141562767451105,4.838093074664978,4.475845574394472,4.141562767451105,4.838093074664978,0.6414529915791656,1,3,21
livebench,d03_p1,16,18,250,5.449259021941657,5.176866738981388,5.754327699242696,4.020153450608524,3.744644513080991,4.301036208301957,0.916,0.88,0.948,0.008,0.0,0.02,0.908,0.872,0.944,1.0,1.0,1.0,3.0,2.0,3.0,4.604485322299681,4.270011883362093,4.953386053840081,4.604485322299681,4.270011883362093,4.953386053840081,1.4291055713331327,1,3,45
livebench,d03_p1,32,34,250,6.408675258445002,6.105444711803865,6.726072662489327,4.020153450608524,3.744644513080991,4.301036208301957,0.984,0.968,0.996,0.004,0.0,0.012,0.98,0.96,0.996,1.0,1.0,1.0,3.0,3.0,3.0,4.911625997526804,4.611942479236677,5.226351318241113,4.911625997526804,4.611942479236677,5.226351318241113,2.3885218078364776,1,3,93
livebench,d03_p1,64,66,250,7.311887988885746,7.0012556914574375,7.636659685037528,4.020153450608524,3.744644513080991,4.301036208301957,1.0,1.0,1.0,0.0,0.0,0.0,1.0,1.0,1.0,1.0,1.0,1.0,3.0,3.0,3.0,5.223709487304605,4.925460169952849,5.528200511569951,5.223709487304605,4.925460169952849,5.528200511569951,3.291734538277222,1,3,189
livebench,d03_p1,128,130,250,7.787248306975375,7.456162268805329,8.130062178526755,4.020153450608524,3.744644513080991,4.301036208301957,1.0,1.0,1.0,0.0,0.0,0.0,1.0,1.0,1.0,1.0,1.0,1.0,3.0,3.0,3.0,5.322677618089768,5.060550251960409,5.604282384762015,5.322677618089768,5.060550251960409,5.604282384762015,3.7670948563668505,1,3,381
livebench,d03_p1,256,258,250,7.983150072248225,7.6444288452899825,8.324628042287369,4.020153450608524,3.744644513080991,4.301036208301957,1.0,1.0,1.0,0.0,0.0,0.0,1.0,1.0,1.0,1.0,1.0,1.0,3.0,3.0,3.0,5.308101812089481,5.046644505888751,5.588888661295416,5.308101812089481,5.046644505888751,5.588888661295416,3.962996621639701,1,3,765
livebench,d03_p1,512,514,250,8.038234475565602,7.705687512593579,8.377768810617955,4.020153450608524,3.744644513080991,4.301036208301957,1.0,1.0,1.0,0.0,0.0,0.0,1.0,1.0,1.0,1.0,1.0,1.0,3.0,3.0,3.0,5.164678967518158,4.9056453581179635,5.438499737498911,5.164678967518158,4.9056453581179635,5.438499737498911,4.018081024957078,1,3,1533
livebench,d03_p1,1024,1026,250,8.071255023130293,7.736467527685544,8.416466989842142,4.020153450608524,3.744644513080991,4.301036208301957,1.0,1.0,1.0,0.0,0.0,0.0,1.0,1.0,1.0,1.0,1.0,1.0,3.0,3.0,3.0,4.834783304294086,4.549390511799913,5.1412992244815285,4.834783304294086,4.549390511799913,5.1412992244815285,4.051101572521769,1,3,3069
livebench,d03_p1,2048,2050,250,8.049382059203726,7.7181331008178224,8.38693948189944,4.020153450608524,3.744644513080991,4.301036208301957,1.0,1.0,1.0,0.0,0.0,0.0,1.0,1.0,1.0,1.0,1.0,1.0,3.0,3.0,3.0,5.030852892148584,4.760770849110788,5.317698879946521,5.030852892148584,4.760770849110788,5.317698879946521,4.029228608595202,1,3,6141
livebench,d06_p1,1,3,250,4.400697797273809,4.120085420348646,4.685698205594983,4.020153450608524,3.744644513080991,4.301036208301957,0.8,0.744,0.848,0.216,0.164,0.268,0.588,0.524,0.648,1.0,1.0,1.0,2.0,2.0,2.0,2.5774413301598607,2.2407562265781915,2.9399585314658236,2.5774413301598607,2.2407562265781915,2.9399585314658236,0.38054434666528447,1,6,0
livebench,d06_p1,2,4,250,4.135127977553837,3.859314485599973,4.416635698347465,4.020153450608524,3.744644513080991,4.301036208301957,0.432,0.372,0.496,0.056,0.028,0.084,0.404,0.344,0.464,2.0,2.0,2.0,2.0,2.0,3.0,4.205657692845665,3.853452013754367,4.57558995224818,4.205657692845665,3.853452013754367,4.57558995224818,0.1149745269453124,1,6,6
livebench,d06_p1,4,6,250,4.584576784020606,4.314302809947743,4.8593447509192504,4.020153450608524,3.744644513080991,4.301036208301957,0.772,0.72,0.824,0.024,0.008,0.044,0.752,0.7,0.804,1.0,1.0,1.0,2.0,2.0,3.0,4.216535597350193,3.8654170608226783,4.579708049167489,4.216535597350193,3.8654170608226783,4.579708049167489,0.5644233334120816,1,6,18
livebench,d06_p1,8,10,250,5.3700277078342955,5.084910410301182,5.662977417027039,4.020153450608524,3.744644513080991,4.301036208301957,0.928,0.896,0.956,0.0,0.0,0.0,0.928,0.896,0.956,1.0,1.0,1.0,3.0,2.0,3.0,4.804692277368003,4.476858675131475,5.177532246452227,4.804692277368003,4.476858675131475,5.177532246452227,1.3498742572257711,1,6,42
livebench,d06_p1,16,18,250,6.355571723939208,6.061038698583764,6.675655078803292,4.020153450608524,3.744644513080991,4.301036208301957,0.98,0.96,0.996,0.012,0.0,0.028,0.968,0.944,0.988,1.0,1.0,1.0,3.0,2.0,3.0,4.772223566112099,4.425472157635876,5.145098871992852,4.772223566112099,4.425472157635876,5.145098871992852,2.335418273330684,1,6,90
livebench,d06_p1,32,34,250,7.311765540694805,6.9884450370396225,7.649608402298338,4.020153450608524,3.744644513080991,4.301036208301957,0.996,0.988,1.0,0.02,0.004,0.04,0.976,0.956,0.992,1.0,1.0,1.0,3.0,2.0,3.0,4.723514808371001,4.3854514359180055,5.087613167846813,4.723514808371001,4.3854514359180055,5.087613167846813,3.2916120900862804,1,6,186
livebench,d06_p1,64,66,250,7.810707861715615,7.4811490587315,8.164617687539504,4.020153450608524,3.744644513080991,4.301036208301957,1.0,1.0,1.0,0.016,0.004,0.032099999999999455,0.984,0.9679,0.996,1.0,1.0,1.0,3.0,2.0,3.0,4.780414959962131,4.4459362676622405,5.130899210042473,4.780414959962131,4.4459362676622405,5.130899210042473,3.790554411107091,1,6,378
livebench,d06_p1,128,130,250,8.024103983234198,7.68723587279813,8.37837077448769,4.020153450608524,3.744644513080991,4.301036208301957,1.0,1.0,1.0,0.0,0.0,0.0,1.0,1.0,1.0,1.0,1.0,1.0,3.0,3.0,3.0,5.033362232540366,4.756641664371681,5.324744909701519,5.033362232540366,4.756641664371681,5.324744909701519,4.003950532625674,1,6,762
livebench,d06_p1,256,258,250,8.116392551264704,7.779184401385729,8.461991726034418,4.020153450608524,3.744644513080991,4.301036208301957,1.0,1.0,1.0,0.0,0.0,0.0,1.0,1.0,1.0,1.0,1.0,1.0,3.0,3.0,3.0,4.929782705366533,4.65378658807335,5.222220114391095,4.929782705366533,4.65378658807335,5.222220114391095,4.09623910065618,1,6,1530
livebench,d06_p1,512,514,250,8.116358379249823,7.782720196138153,8.461173750548413,4.020153450608524,3.744644513080991,4.301036208301957,1.0,1.0,1.0,0.0,0.0,0.0,1.0,1.0,1.0,1.0,1.0,1.0,3.0,3.0,3.0,4.829594411739377,4.534101417710599,5.138389091868885,4.829594411739377,4.534101417710599,5.138389091868885,4.096204928641298,1,6,3066
livebench,d06_p1,1024,1026,250,8.105744763316693,7.770498771515447,8.449343065242957,4.020153450608524,3.744644513080991,4.301036208301957,1.0,1.0,1.0,0.0,0.0,0.0,1.0,1.0,1.0,1.0,1.0,1.0,3.0,2.0,3.0,4.620053004987747,4.325086794148238,4.940059932836447,4.620053004987747,4.325086794148238,4.940059932836447,4.085591312708169,1,6,6138
livebench,d06_p1,2048,2050,250,8.060902341240277,7.729564845651744,8.398958034236504,4.020153450608524,3.744644513080991,4.301036208301957,1.0,1.0,1.0,0.0,0.0,0.0,1.0,1.0,1.0,1.0,1.0,1.0,3.0,3.0,3.0,5.163165485744044,4.878564413212167,5.4474381760205075,5.163165485744044,4.878564413212167,5.4474381760205075,4.040748890631753,1,6,12282
livebench,d09_p1,1,3,250,4.530478998584333,4.249530966493605,4.813167374402974,4.020153450608524,3.744644513080991,4.301036208301957,0.828,0.78,0.872,0.06,0.032,0.092,0.772,0.72,0.82,1.0,1.0,1.0,2.0,2.0,2.0,3.0114930261190422,2.7150355415293332,3.3310583921891124,3.0114930261190422,2.7150355415293332,3.3310583921891124,0.5103255479758086,1,9,0
livebench,d09_p1,2,4,250,4.214673817818994,3.9406921224655003,4.484419446730407,4.020153450608524,3.744644513080991,4.301036208301957,0.556,0.496,0.62,0.02,0.004,0.04,0.556,0.496,0.62,1.0,1.0,2.0,2.0,2.0,3.0,4.293701299793823,3.952851592796257,4.6581133962200365,4.293701299793823,3.952851592796257,4.6581133962200365,0.19452036721046984,1,9,9
livebench,d09_p1,4,6,250,4.840793037304875,4.56931051512068,5.124610734926537,4.020153450608524,3.744644513080991,4.301036208301957,0.856,0.812,0.8960999999999995,0.008,0.0,0.02,0.848,0.804,0.892,1.0,1.0,1.0,3.0,2.0,3.0,4.495057879130336,4.167948172059774,4.85003803937256,4.495057879130336,4.167948172059774,4.85003803937256,0.820639586696351,1,9,27
livebench,d09_p1,8,10,250,5.888120822599853,5.593839751536782,6.196106362890681,4.020153450608524,3.744644513080991,4.301036208301957,0.968,0.944,0.988,0.0,0.0,0.0,0.968,0.944,0.988,1.0,1.0,1.0,2.0,2.0,3.0,4.544599840044051,4.221594043246965,4.892622955885226,4.544599840044051,4.221594043246965,4.892622955885226,1.8679673719913286,1,9,63
livebench,d09_p1,16,18,250,7.006414910405392,6.684235462711732,7.339614015842875,4.020153450608524,3.744644513080991,4.301036208301957,0.996,0.988,1.0,0.008,0.0,0.02,0.988,0.972,1.0,1.0,1.0,1.0,2.5,2.0,3.0,4.605321549755651,4.261974470011465,4.976001194235429,4.605321549755651,4.261974470011465,4.976001194235429,2.986261459796868,1,9,135
livebench,d09_p1,32,34,250,7.714067603588479,7.377591888134519,8.057387437383627,4.020153450608524,3.744644513080991,4.301036208301957,1.0,1.0,1.0,0.004,0.0,0.012,0.996,0.988,1.0,1.0,1.0,1.0,3.0,2.0,3.0,4.857434771734242,4.532266682102809,5.21415214726379,4.857434771734242,4.532266682102809,5.21415214726379,3.6939141529799544,1,9,279
livebench,d09_p1,64,66,250,7.959053765356705,7.630405384532722,8.306027668997471,4.020153450608524,3.744644513080991,4.301036208301957,1.0,1.0,1.0,0.0,0.0,0.0,1.0,1.0,1.0,1.0,1.0,1.0,3.0,3.0,3.0,5.187716177637331,4.892937210125013,5.500603726591912,5.187716177637331,4.892937210125013,5.500603726591912,3.9389003147481807,1,9,567
livebench,d09_p1,128,130,250,8.120507297737117,7.781574512977859,8.475144621161911,4.020153450608524,3.744644513080991,4.301036208301957,1.0,1.0,1.0,0.0,0.0,0.0,1.0,1.0,1.0,1.0,1.0,1.0,3.0,3.0,3.0,5.36879549665575,5.105019810972955,5.655828071487915,5.36879549665575,5.105019810972955,5.655828071487915,4.100353847128592,1,9,1143
livebench,d09_p1,256,258,250,8.178244865854746,7.837776729100639,8.524776977815055,4.020153450608524,3.744644513080991,4.301036208301957,1.0,1.0,1.0,0.008,0.0,0.02,0.992,0.98,1.0,1.0,1.0,1.0,3.0,3.0,3.0,5.173030166766493,4.893984485434154,5.472768872237004,5.173030166766493,4.893984485434154,5.472768872237004,4.158091415246221,1,9,2295
livebench,d09_p1,512,514,250,8.148904303412356,7.813883349911251,8.495907466321658,4.020153450608524,3.744644513080991,4.301036208301957,1.0,1.0,1.0,0.008,0.0,0.02,0.992,0.98,1.0,1.0,1.0,1.0,3.0,3.0,3.0,4.984536531570684,4.672220940596229,5.296607637197382,4.984536531570684,4.672220940596229,5.296607637197382,4.128750852803832,1,9,4599
livebench,d09_p1,1024,1026,250,8.119262927885515,7.783781334609762,8.464003718246271,4.020153450608524,3.744644513080991,4.301036208301957,1.0,1.0,1.0,0.012,0.0,0.028,0.988,0.972,1.0,1.0,1.0,1.0,3.0,2.0,3.0,4.573499592002504,4.250558512199254,4.907545397428873,4.573499592002504,4.250558512199254,4.907545397428873,4.099109477276991,1,9,9207
livebench,d09_p1,2048,2050,250,8.071183402727158,7.737118336686439,8.409973129779118,4.020153450608524,3.744644513080991,4.301036208301957,1.0,1.0,1.0,0.004,0.0,0.012,0.996,0.988,1.0,1.0,1.0,1.0,3.0,3.0,3.0,4.9587709886750195,4.673845344908491,5.267946333115002,4.9587709886750195,4.673845344908491,5.267946333115002,4.0510299521186335,1,9,18423
livebench,d18_p1,1,3,250,5.224442254707076,4.9379092413581995,5.528284638076376,4.020153450608524,3.744644513080991,4.301036208301957,0.924,0.888,0.952,0.208,0.16,0.26,0.716,0.656,0.772,1.0,1.0,1.0,2.0,2.0,2.0,2.4379752604902514,2.1080064052864667,2.795129860337667,2.4379752604902514,2.1080064052864667,2.795129860337667,1.2042888040985513,1,18,0
livebench,d18_p1,2,4,250,4.533311496510751,4.2722357841175285,4.817554808847347,4.020153450608524,3.744644513080991,4.301036208301957,0.768,0.716,0.82,0.028,0.008,0.052,0.744,0.688,0.7960999999999995,1.0,1.0,1.0,2.0,2.0,2.0,4.131933632843027,3.783257650221615,4.485108640833252,4.131933632843027,3.783257650221615,4.485108640833252,0.5131580459022267,1,18,18
livebench,d18_p1,4,6,250,5.839331643903093,5.557181116546521,6.135479157805344,4.020153450608524,3.744644513080991,4.301036208301957,0.952,0.924,0.976,0.008,0.0,0.02,0.944,0.912,0.972,1.0,1.0,1.0,3.0,2.0,3.0,4.576443184622124,4.255685897475052,4.924804356063306,4.576443184622124,4.255685897475052,4.924804356063306,1.8191781932945688,1,18,54
livebench,d18_p1,8,10,250,7.009068990427295,6.691127952073525,7.344178910362014,4.020153450608524,3.744644513080991,4.301036208301957,0.992,0.98,1.0,0.0,0.0,0.0,0.992,0.98,1.0,1.0,1.0,1.0,3.0,3.0,3.0,4.801935124479109,4.499036683115586,5.137247541826226,4.801935124479109,4.499036683115586,5.137247541826226,2.9889155398187706,1,18,126
livebench,d18_p1,16,18,250,7.841562534416194,7.506756055462878,8.193052533422259,4.020153450608524,3.744644513080991,4.301036208301957,1.0,1.0,1.0,0.02,0.004,0.04,0.98,0.96,0.996,1.0,1.0,1.0,3.0,2.0,3.0,4.6940592540616946,4.360440333827946,5.053108535000765,4.6940592540616946,4.360440333827946,5.053108535000765,3.8214090838076693,1,18,270
livebench,d18_p1,32,34,250,8.191924311607108,7.844451788901787,8.54690089927457,4.020153450608524,3.744644513080991,4.301036208301957,1.0,1.0,1.0,0.016,0.004,0.032,0.984,0.968,0.996,1.0,1.0,1.0,3.0,2.0,3.0,4.74008836264257,4.37735831499374,5.131657527971451,4.74008836264257,4.37735831499374,5.131657527971451,4.171770860998584,1,18,558
livebench,d18_p1,64,66,250,8.255515789476732,7.913086099020837,8.609537791029512,4.020153450608524,3.744644513080991,4.301036208301957,1.0,1.0,1.0,0.008,0.0,0.02,0.992,0.98,1.0,1.0,1.0,1.0,3.0,3.0,3.0,4.949915477807497,4.608040737743893,5.31585942534239,4.949915477807497,4.608040737743893,5.31585942534239,4.235362338868208,1,18,1134
livebench,d18_p1,128,130,250,8.270285394508825,7.922290643522173,8.622168578993202,4.020153450608524,3.744644513080991,4.301036208301957,1.0,1.0,1.0,0.008,0.0,0.02,0.992,0.98,1.0,1.0,1.0,1.0,3.0,3.0,3.0,5.046398911874984,4.748076506831615,5.355929723277059,5.046398911874984,4.748076506831615,5.355929723277059,4.250131943900301,1,18,2286
livebench,d18_p1,256,258,250,8.251654553431592,7.908230274103403,8.599311868481598,4.020153450608524,3.744644513080991,4.301036208301957,1.0,1.0,1.0,0.012,0.0,0.028,0.988,0.972,1.0,1.0,1.0,1.0,3.0,3.0,3.0,4.769504197764709,4.447417861884716,5.078778700546479,4.769504197764709,4.447417861884716,5.078778700546479,4.231501102823068,1,18,4590
livebench,d18_p1,512,514,250,8.17859632054928,7.842183296337537,8.524539769576872,4.020153450608524,3.744644513080991,4.301036208301957,1.0,1.0,1.0,0.012,0.0,0.028,0.988,0.972,1.0,1.0,1.0,1.0,3.0,3.0,3.0,4.818734485253757,4.496983215198611,5.148778876339172,4.818734485253757,4.496983215198611,5.148778876339172,4.158442869940756,1,18,9198
livebench,d18_p1,1024,1026,250,8.132694165383393,7.795948526280872,8.478502507531651,4.020153450608524,3.744644513080991,4.301036208301957,1.0,1.0,1.0,0.008,0.0,0.02,0.992,0.98,1.0,1.0,1.0,1.0,3.0,2.0,3.0,4.638178470346627,4.338309223089135,4.9650318536319435,4.638178470346627,4.338309223089135,4.9650318536319435,4.112540714774869,1,18,18414
livebench,d18_p1,2048,2050,250,8.077606191783056,7.744973159460587,8.416610953343445,4.020153450608524,3.744644513080991,4.301036208301957,1.0,1.0,1.0,0.0,0.0,0.0,1.0,1.0,1.0,1.0,1.0,1.0,3.0,3.0,3.0,5.140177910688015,4.873701857245796,5.412659028509692,5.140177910688015,4.873701857245796,5.412659028509692,4.057452741174532,1,18,36846
livebench,d01_p2,1,3,250,4.020153450608524,3.744644513080991,4.301036208301957,4.020153450608524,3.744644513080991,4.301036208301957,0.684,0.624,0.74,0.668,0.608,0.724,0.028,0.012,0.048099999999999456,1.0,1.0,1.0,1.0,1.0,1.0,2.341722423192506,1.927081688202415,2.7899437224087746,2.341722423192506,1.927081688202415,2.7899437224087746,0.0,2,1,0
livebench,d01_p2,2,4,250,4.022376390568384,3.7476337174439793,4.302567298822654,4.020153450608524,3.744644513080991,4.301036208301957,0.088,0.056,0.128,0.0,0.0,0.0,0.088,0.056,0.128,2.0,2.0,2.0,2.0,2.0,3.0,4.591518058085559,4.289084442758142,4.911882614765543,4.591518058085559,4.289084442758142,4.911882614765543,0.002222939959859893,2,1,1
livebench,d01_p2,4,6,250,4.049675942899198,3.7763688319856,4.320936367500403,4.020153450608524,3.744644513080991,4.301036208301957,0.212,0.164,0.268,0.024,0.008,0.044,0.212,0.164,0.268,2.0,2.0,2.0,3.0,2.0,3.0,4.560565547397048,4.225038361340496,4.9014924691514965,4.560565547397048,4.225038361340496,4.9014924691514965,0.02952249229067405,2,1,3
livebench,d01_p2,8,10,250,4.199757811346971,3.9350507294403805,4.475706161299621,4.020153450608524,3.744644513080991,4.301036208301957,0.464,0.404,0.528,0.032,0.012,0.056,0.448,0.3879,0.512,2.0,1.0,2.0,3.0,2.0,3.0,4.4185318420522215,4.058349289689131,4.785597485598991,4.4185318420522215,4.058349289689131,4.785597485598991,0.17960436073844654,2,1,7
livebench,d01_p2,16,18,250,4.361555009786154,4.100824167049981,4.638357518191919,4.020153450608524,3.744644513080991,4.301036208301957,0.664,0.604,0.724,0.004,0.0,0.012,0.664,0.604,0.724,1.0,1.0,1.0,3.0,2.0,3.0,4.6557343850966175,4.331116883628754,4.996409224722475,4.6557343850966175,4.331116883628754,4.996409224722475,0.3414015591776298,2,1,15
livebench,d01_p2,32,34,250,4.816069924251385,4.548453541899738,5.099270262053785,4.020153450608524,3.744644513080991,4.301036208301957,0.84,0.792,0.884,0.0,0.0,0.0,0.84,0.792,0.884,1.0,1.0,1.0,3.0,3.0,3.0,5.236077751229372,4.933435643491593,5.564053977248574,5.236077751229372,4.933435643491593,5.564053977248574,0.795916473642861,2,1,31
livebench,d01_p2,64,66,250,5.693937120884402,5.411238098653183,5.997338988722107,4.020153450608524,3.744644513080991,4.301036208301957,0.964,0.94,0.984,0.004,0.0,0.012,0.96,0.936,0.984,1.0,1.0,1.0,3.0,3.0,3.0,5.22718675165035,4.9191543366280825,5.5568914320571166,5.22718675165035,4.9191543366280825,5.5568914320571166,1.6737836702758777,2,1,63
livebench,d01_p2,128,130,250,6.724807738828203,6.414357059062295,7.05873480398721,4.020153450608524,3.744644513080991,4.301036208301957,0.996,0.988,1.0,0.0,0.0,0.0,0.996,0.988,1.0,1.0,1.0,1.0,3.0,2.0,3.0,5.1313868387986545,4.802422410438835,5.466362014594564,5.1313868387986545,4.802422410438835,5.466362014594564,2.704654288219679,2,1,127
livebench,d01_p2,256,258,250,7.463922545786503,7.135996083111937,7.803143330561748,4.020153450608524,3.744644513080991,4.301036208301957,1.0,1.0,1.0,0.0,0.0,0.0,1.0,1.0,1.0,1.0,1.0,1.0,3.0,3.0,3.0,5.1146176892800295,4.820688283528513,5.429494857938731,5.1146176892800295,4.820688283528513,5.429494857938731,3.443769095177979,2,1,255
livebench,d01_p2,512,514,250,7.806836277758287,7.4756539769060595,8.14710198053366,4.020153450608524,3.744644513080991,4.301036208301957,1.0,1.0,1.0,0.004,0.0,0.012,0.996,0.988,1.0,1.0,1.0,1.0,3.0,3.0,3.0,5.032926590491567,4.743791179970592,5.33805146001124,5.032926590491567,4.743791179970592,5.33805146001124,3.786682827149763,2,1,511
livebench,d01_p2,1024,1026,250,7.950123077378191,7.620240730886423,8.292614169841205,4.020153450608524,3.744644513080991,4.301036208301957,1.0,1.0,1.0,0.004,0.0,0.012,0.996,0.988,1.0,1.0,1.0,1.0,3.0,2.0,3.0,4.641979577997769,4.347375280551978,4.962817876647571,4.641979577997769,4.347375280551978,4.962817876647571,3.929969626769666,2,1,1023
livebench,d01_p2,2048,2050,250,7.993850441085859,7.66328380423258,8.332587947522734,4.020153450608524,3.744644513080991,4.301036208301957,1.0,1.0,1.0,0.012,0.0,0.028,0.988,0.972,1.0,1.0,1.0,1.0,3.0,2.0,3.0,4.571166049601179,4.274459426410323,4.909010254924605,4.571166049601179,4.274459426410323,4.909010254924605,3.9736969904773343,2,1,2047
livebench,d02_p2,1,3,250,4.10873732646725,3.840123691855722,4.391076357245076,4.020153450608524,3.744644513080991,4.301036208301957,0.684,0.624,0.74,0.432,0.368,0.492,0.264,0.212,0.32,1.0,1.0,1.0,2.0,2.0,2.0,2.591926470428492,2.2053027937885843,3.0083961167254647,2.591926470428492,2.2053027937885843,3.0083961167254647,0.08858387585872585,2,2,0
livebench,d02_p2,2,4,250,4.085929869565412,3.809072633344516,4.364034146815271,4.020153450608524,3.744644513080991,4.301036208301957,0.292,0.236,0.3480999999999994,0.192,0.144,0.244,0.168,0.12,0.216,2.0,2.0,2.0,2.0,2.0,2.0,3.6209090653238754,3.198108405169954,4.054288101643094,3.6209090653238754,3.198108405169954,4.054288101643094,0.06577641895688746,2,2,2
livebench,d02_p2,4,6,250,4.136358983948872,3.865841267120181,4.407498815145801,4.020153450608524,3.744644513080991,4.301036208301957,0.44,0.38,0.504,0.104,0.068,0.144,0.36,0.304,0.42,2.0,1.0,2.0,2.0,2.0,3.0,4.108118367568514,3.7204019807502426,4.505313947097107,4.108118367568514,3.7204019807502426,4.505313947097107,0.11620553334034778,2,2,6
livebench,d02_p2,8,10,250,4.345928720899173,4.072572140872151,4.625766047861084,4.020153450608524,3.744644513080991,4.301036208301957,0.692,0.636,0.748,0.1,0.064,0.136,0.608,0.548,0.668,1.0,1.0,1.0,2.0,2.0,3.0,4.011178836930897,3.629268002095887,4.403256881803141,4.011178836930897,3.629268002095887,4.403256881803141,0.3257752702906487,2,2,14
livebench,d02_p2,16,18,250,4.830824790853754,4.546385977438258,5.119307502319592,4.020153450608524,3.744644513080991,4.301036208301957,0.84,0.796,0.884,0.068,0.04,0.1,0.776,0.724,0.828,1.0,1.0,1.0,3.0,2.0,3.0,4.396842953681608,4.019479020780266,4.77354578540545,4.396842953681608,4.019479020780266,4.77354578540545,0.8106713402452295,2,2,30
livebench,d02_p2,32,34,250,5.699500589335544,5.413495508633698,5.996246893495453,4.020153450608524,3.744644513080991,4.301036208301957,0.964,0.94,0.9840999999999994,0.008,0.0,0.02,0.956,0.928,0.98,1.0,1.0,1.0,3.0,3.0,3.0,4.977267439406789,4.662388540476691,5.297519512278464,4.977267439406789,4.662388540476691,5.297519512278464,1.67934713872702,2,2,62
livebench,d02_p2,64,66,250,6.734086505291351,6.42914552644616,7.070314780391311,4.020153450608524,3.744644513080991,4.301036208301957,0.996,0.988,1.0,0.012,0.0,0.028,0.984,0.968,0.996,1.0,1.0,1.0,3.0,3.0,3.0,5.160615956309418,4.840240456743701,5.497111421050623,5.160615956309418,4.840240456743701,5.497111421050623,2.713933054682827,2,2,126
livebench,d02_p2,128,130,250,7.531084377121048,7.202592100868229,7.866329142219178,4.020153450608524,3.744644513080991,4.301036208301957,1.0,1.0,1.0,0.0,0.0,0.0,1.0,1.0,1.0,1.0,1.0,1.0,3.0,3.0,3.0,5.118546437561606,4.823944861776679,5.437596547134206,5.118546437561606,4.823944861776679,5.437596547134206,3.5109309265125237,2,2,254
livebench,d02_p2,256,258,250,7.888324052239341,7.551178862036741,8.231627336016917,4.020153450608524,3.744644513080991,4.301036208301957,1.0,1.0,1.0,0.004,0.0,0.012,0.996,0.988,1.0,1.0,1.0,1.0,3.0,3.0,3.0,5.074496686694208,4.786828771135342,5.365529437577789,5.074496686694208,4.786828771135342,5.365529437577789,3.8681706016308164,2,2,510
livebench,d02_p2,512,514,250,7.995141969004078,7.658707071171268,8.335755075575975,4.020153450608524,3.744644513080991,4.301036208301957,1.0,1.0,1.0,0.0,0.0,0.0,1.0,1.0,1.0,1.0,1.0,1.0,3.0,3.0,3.0,4.895935893491764,4.616914211104159,5.183682182732845,4.895935893491764,4.616914211104159,5.183682182732845,3.974988518395554,2,2,1022
livebench,d02_p2,1024,1026,250,8.044400293143685,7.712320292499091,8.387233120198266,4.020153450608524,3.744644513080991,4.301036208301957,1.0,1.0,1.0,0.0,0.0,0.0,1.0,1.0,1.0,1.0,1.0,1.0,3.0,3.0,3.0,4.774037781332163,4.491334855561565,5.076877030877411,4.774037781332163,4.491334855561565,5.076877030877411,4.0242468425351605,2,2,2046
livebench,d02_p2,2048,2050,250,8.030596061061964,7.701520403694872,8.366695071159283,4.020153450608524,3.744644513080991,4.301036208301957,1.0,1.0,1.0,0.008,0.0,0.02,0.992,0.98,1.0,1.0,1.0,1.0,3.0,3.0,3.0,4.7612407953876446,4.465120570305034,5.079066029916102,4.7612407953876446,4.465120570305034,5.079066029916102,4.010442610453439,2,2,4094
livebench,d03_p2,1,3,250,4.185384042297308,3.913677668621833,4.472816122923569,4.020153450608524,3.744644513080991,4.301036208301957,0.64,0.5799,0.696,0.392,0.332,0.456,0.256,0.2,0.312,1.0,1.0,1.0,2.0,2.0,2.0,2.858247708111231,2.4247142379427866,3.306637205837027,2.858247708111231,2.4247142379427866,3.306637205837027,0.1652305916887835,2,3,0
livebench,d03_p2,2,4,250,4.0916728411672,3.819673699960899,4.366190078816032,4.020153450608524,3.744644513080991,4.301036208301957,0.348,0.2919,0.412,0.156,0.112,0.2,0.256,0.2,0.312,2.0,2.0,2.0,2.0,2.0,2.0,3.6701016613290713,3.2705006128421372,4.093542889214792,3.6701016613290713,3.2705006128421372,4.093542889214792,0.07151939055867551,2,3,3
livebench,d03_p2,4,6,250,4.22567460341701,3.9506297884964003,4.493403300256347,4.020153450608524,3.744644513080991,4.301036208301957,0.532,0.472,0.6,0.064,0.036,0.096,0.488,0.428,0.552,1.0,1.0,2.0,2.0,2.0,3.0,4.167449897429242,3.808278044876085,4.54806945939052,4.167449897429242,3.808278044876085,4.54806945939052,0.20552115280848593,2,3,9
livebench,d03_p2,8,10,250,4.64077112271823,4.369687327960758,4.929438989026893,4.020153450608524,3.744644513080991,4.301036208301957,0.804,0.752,0.8480999999999994,0.052,0.028,0.08,0.76,0.704,0.812,1.0,1.0,1.0,2.0,2.0,3.0,4.1159596429908865,3.748479678763368,4.5129690306772385,4.1159596429908865,3.748479678763368,4.5129690306772385,0.6206176721097059,2,3,21
livebench,d03_p2,16,18,250,5.428712011984157,5.140433568278609,5.725093814996627,4.020153450608524,3.744644513080991,4.301036208301957,0.932,0.9,0.96,0.064,0.036,0.096,0.868,0.8279,0.912,1.0,1.0,1.0,2.0,2.0,3.0,4.337312799013249,3.972786856758446,4.716220930119538,4.337312799013249,3.972786856758446,4.716220930119538,1.4085585613756324,2,3,45
livebench,d03_p2,32,34,250,6.314555290847801,6.014162844004324,6.641652366883033,4.020153450608524,3.744644513080991,4.301036208301957,0.98,0.96,0.996,0.004,0.0,0.012,0.976,0.956,0.992,1.0,1.0,1.0,3.0,3.0,3.0,5.185395892562683,4.856527036903876,5.522958246036776,5.185395892562683,4.856527036903876,5.522958246036776,2.294401840239277,2,3,93
livebench,d03_p2,64,66,250,7.305775338151791,6.991440050692327,7.642355958706748,4.020153450608524,3.744644513080991,4.301036208301957,0.996,0.988,1.0,0.004,0.0,0.012,0.992,0.98,1.0,1.0,1.0,1.0,3.0,3.0,3.0,5.349713230706999,5.0220139645569875,5.686544879302854,5.349713230706999,5.0220139645569875,5.686544879302854,3.2856218875432663,2,3,189
livebench,d03_p2,128,130,250,7.796422536463515,7.466980484499928,8.138219207154625,4.020153450608524,3.744644513080991,4.301036208301957,1.0,1.0,1.0,0.0,0.0,0.0,1.0,1.0,1.0,1.0,1.0,1.0,3.0,3.0,3.0,5.358551276041327,5.061887434876698,5.678956241459958,5.358551276041327,5.061887434876698,5.678956241459958,3.7762690858549908,2,3,381
livebench,d03_p2,256,258,250,7.998963285031612,7.656005654493726,8.35125212301166,4.020153450608524,3.744644513080991,4.301036208301957,1.0,1.0,1.0,0.004,0.0,0.012,0.996,0.988,1.0,1.0,1.0,1.0,3.0,3.0,3.0,5.255911943102426,4.958194228568402,5.566931317100289,5.255911943102426,4.958194228568402,5.566931317100289,3.978809834423088,2,3,765
livebench,d03_p2,512,514,250,8.05644894866417,7.7177726983026504,8.396707302225483,4.020153450608524,3.744644513080991,4.301036208301957,1.0,1.0,1.0,0.0,0.0,0.0,1.0,1.0,1.0,1.0,1.0,1.0,3.0,3.0,3.0,5.050001862749206,4.750443186588649,5.369662630497934,5.050001862749206,4.750443186588649,5.369662630497934,4.0362954980556465,2,3,1533
livebench,d03_p2,1024,1026,250,8.074527072095336,7.740490540979112,8.41693910150616,4.020153450608524,3.744644513080991,4.301036208301957,1.0,1.0,1.0,0.0,0.0,0.0,1.0,1.0,1.0,1.0,1.0,1.0,3.0,3.0,3.0,4.879145385674839,4.585579268554412,5.203451225973226,4.879145385674839,4.585579268554412,5.203451225973226,4.054373621486811,2,3,3069
livebench,d03_p2,2048,2050,250,8.046859159149767,7.7184070187920275,8.387210360791837,4.020153450608524,3.744644513080991,4.301036208301957,1.0,1.0,1.0,0.0,0.0,0.0,1.0,1.0,1.0,1.0,1.0,1.0,3.0,3.0,3.0,4.8571504598554345,4.577363800119128,5.166630432558545,4.8571504598554345,4.577363800119128,5.166630432558545,4.026705708541242,2,3,6141
livebench,d06_p2,1,3,250,4.446531833966081,4.1657316586117075,4.7307594141746465,4.020153450608524,3.744644513080991,4.301036208301957,0.792,0.74,0.84,0.312,0.256,0.368,0.484,0.424,0.544,1.0,1.0,1.0,2.0,2.0,2.0,2.553848337035296,2.136449118237543,2.9994741896182644,2.553848337035296,2.136449118237543,2.9994741896182644,0.42637838335755696,2,6,0
livebench,d06_p2,2,4,250,4.1521165470034385,3.8858906738473458,4.41865897911397,4.020153450608524,3.744644513080991,4.301036208301957,0.492,0.432,0.56,0.14,0.1,0.18409999999999946,0.392,0.332,0.456,2.0,1.0,2.0,2.0,2.0,2.0,3.749203354693054,3.3548446258171976,4.159430126607207,3.749203354693054,3.3548446258171976,4.159430126607207,0.1319630963949141,2,6,6
livebench,d06_p2,4,6,250,4.561088235883521,4.2956224228937385,4.834234733569695,4.020153450608524,3.744644513080991,4.301036208301957,0.792,0.744,0.844,0.092,0.06,0.128,0.708,0.648,0.76,1.0,1.0,1.0,3.0,2.0,3.0,4.085157180931307,3.7136577503224037,4.469065345227158,4.085157180931307,3.7136577503224037,4.469065345227158,0.540934785274997,2,6,18
livebench,d06_p2,8,10,250,5.338602269135012,5.048187682570262,5.625197583878002,4.020153450608524,3.744644513080991,4.301036208301957,0.928,0.896,0.956,0.072,0.04,0.108,0.856,0.812,0.9,1.0,1.0,1.0,3.0,2.0,3.0,4.154426526800799,3.7796978776599497,4.5348086776439125,4.154426526800799,3.7796978776599497,4.5348086776439125,1.3184488185264875,2,6,42
livebench,d06_p2,16,18,250,6.536193263456764,6.228339508789841,6.857516940486534,4.020153450608524,3.744644513080991,4.301036208301957,0.984,0.968,0.996,0.056,0.028,0.088,0.928,0.892,0.956,1.0,1.0,1.0,3.0,2.0,3.0,4.356867211277017,3.985097402906298,4.745174431991102,4.356867211277017,3.985097402906298,4.745174431991102,2.5160398128482395,2,6,90
livebench,d06_p2,32,34,250,7.439723135331227,7.117029869785162,7.775102563700697,4.020153450608524,3.744644513080991,4.301036208301957,1.0,1.0,1.0,0.012,0.0,0.028,0.988,0.972,1.0,1.0,1.0,1.0,3.0,3.0,3.0,5.094706871107317,4.771393500091883,5.435394122355359,5.094706871107317,4.771393500091883,5.435394122355359,3.4195696847227026,2,6,186
livebench,d06_p2,64,66,250,7.969374455920242,7.640119591885734,8.319000328216628,4.020153450608524,3.744644513080991,4.301036208301957,1.0,1.0,1.0,0.004,0.0,0.012,0.996,0.988,1.0,1.0,1.0,1.0,3.0,3.0,3.0,5.233064280177385,4.907301458873863,5.573881745405152,5.233064280177385,4.907301458873863,5.573881745405152,3.949221005311718,2,6,378
livebench,d06_p2,128,130,250,8.102903841762489,7.762874761473254,8.45418941611289,4.020153450608524,3.744644513080991,4.301036208301957,1.0,1.0,1.0,0.0,0.0,0.0,1.0,1.0,1.0,1.0,1.0,1.0,3.0,3.0,3.0,5.37743588145152,5.084842349049969,5.686136415059185,5.37743588145152,5.084842349049969,5.686136415059185,4.082750391153964,2,6,762
livebench,d06_p2,256,258,250,8.171171530398748,7.827611198747724,8.515291748221356,4.020153450608524,3.744644513080991,4.301036208301957,1.0,1.0,1.0,0.004,0.0,0.012,0.996,0.988,1.0,1.0,1.0,1.0,3.0,3.0,3.0,4.977088420217823,4.679129209178002,5.288315770371215,4.977088420217823,4.679129209178002,5.288315770371215,4.151018079790224,2,6,1530
livebench,d06_p2,512,514,250,8.139944637824177,7.8021882225408286,8.487382043378922,4.020153450608524,3.744644513080991,4.301036208301957,1.0,1.0,1.0,0.004,0.0,0.012,0.996,0.988,1.0,1.0,1.0,1.0,3.0,2.0,3.0,4.975855889480985,4.6846257923776315,5.27204326380578,4.975855889480985,4.6846257923776315,5.27204326380578,4.119791187215653,2,6,3066
livebench,d06_p2,1024,1026,250,8.114493935455114,7.779437371344747,8.46085280723623,4.020153450608524,3.744644513080991,4.301036208301957,1.0,1.0,1.0,0.0,0.0,0.0,1.0,1.0,1.0,1.0,1.0,1.0,3.0,3.0,3.0,5.070734559126475,4.794098078586824,5.374268679461189,5.070734559126475,4.794098078586824,5.374268679461189,4.094340484846589,2,6,6138
livebench,d06_p2,2048,2050,250,8.069503096804906,7.738655727651971,8.408902680342619,4.020153450608524,3.744644513080991,4.301036208301957,1.0,1.0,1.0,0.0,0.0,0.0,1.0,1.0,1.0,1.0,1.0,1.0,3.0,3.0,3.0,5.263002362101665,5.0150342828893395,5.542941937826668,5.263002362101665,5.0150342828893395,5.542941937826668,4.049349646196382,2,6,12282
livebench,d09_p2,1,3,250,4.55103332996407,4.263047139892718,4.840164628869242,4.020153450608524,3.744644513080991,4.301036208301957,0.828,0.78,0.872,0.184,0.136,0.232,0.644,0.584,0.7,1.0,1.0,1.0,2.0,2.0,2.0,2.878099266856445,2.486040083772915,3.272857915256859,2.878099266856445,2.486040083772915,3.272857915256859,0.5308798793555454,2,9,0
livebench,d09_p2,2,4,250,4.241583059959095,3.9745927016746725,4.516045738795871,4.020153450608524,3.744644513080991,4.301036208301957,0.584,0.524,0.648,0.124,0.084,0.168,0.476,0.412,0.54,1.0,1.0,1.0,2.0,2.0,2.0,3.757553576219382,3.3611848171332164,4.163746025823141,3.757553576219382,3.3611848171332164,4.163746025823141,0.22142960935057054,2,9,9
livebench,d09_p2,4,6,250,4.926335607380372,4.6546613373403325,5.204015284148899,4.020153450608524,3.744644513080991,4.301036208301957,0.86,0.82,0.9,0.048,0.02,0.076,0.812,0.76,0.86,1.0,1.0,1.0,2.0,2.0,3.0,4.2420407483848495,3.9128496364906695,4.592402252265444,4.2420407483848495,3.9128496364906695,4.592402252265444,0.9061821567718473,2,9,27
livebench,d09_p2,8,10,250,5.955632832290607,5.666534978758885,6.257806250726203,4.020153450608524,3.744644513080991,4.301036208301957,0.956,0.928,0.98,0.02,0.004,0.04,0.936,0.904,0.964,1.0,1.0,1.0,3.0,2.0,3.0,4.339423306854847,4.002781226418876,4.6871395269558,4.339423306854847,4.002781226418876,4.6871395269558,1.9354793816820823,2,9,63
livebench,d09_p2,16,18,250,7.052220713215501,6.733927397809918,7.393978455395801,4.020153450608524,3.744644513080991,4.301036208301957,0.996,0.988,1.0,0.068,0.04,0.1,0.928,0.892,0.96,1.0,1.0,1.0,2.0,2.0,3.0,4.169605391254699,3.8133453791654977,4.543474175699391,4.169605391254699,3.8133453791654977,4.543474175699391,3.0320672626069767,2,9,135
livebench,d09_p2,32,34,250,7.736086180806036,7.404579068551757,8.085092300173578,4.020153450608524,3.744644513080991,4.301036208301957,1.0,1.0,1.0,0.028,0.008,0.052,0.972,0.948,0.992,1.0,1.0,1.0,3.0,2.0,3.0,4.731810967038071,4.381513447353118,5.078230643028963,4.731810967038071,4.381513447353118,5.078230643028963,3.715932730197512,2,9,279
livebench,d09_p2,64,66,250,8.043118589624436,7.707017534143864,8.399924064256991,4.020153450608524,3.744644513080991,4.301036208301957,1.0,1.0,1.0,0.012,0.0,0.028,0.988,0.972,1.0,1.0,1.0,1.0,3.0,3.0,3.0,5.047681654435877,4.717245883562295,5.392276975220346,5.047681654435877,4.717245883562295,5.392276975220346,4.022965139015912,2,9,567
livebench,d09_p2,128,130,250,8.136049374905495,7.795209622575846,8.483124622535398,4.020153450608524,3.744644513080991,4.301036208301957,1.0,1.0,1.0,0.004,0.0,0.012,0.996,0.988,1.0,1.0,1.0,1.0,3.0,3.0,3.0,5.1820988371542756,4.876404578691115,5.518294980188101,5.1820988371542756,4.876404578691115,5.518294980188101,4.115895924296971,2,9,1143
livebench,d09_p2,256,258,250,8.17883508532363,7.834194688528377,8.524336042463258,4.020153450608524,3.744644513080991,4.301036208301957,1.0,1.0,1.0,0.012,0.0,0.028,0.988,0.972,1.0,1.0,1.0,1.0,3.0,3.0,3.0,4.7820750107979615,4.494809040373039,5.090949274602281,4.7820750107979615,4.494809040373039,5.090949274602281,4.158681634715106,2,9,2295
livebench,d09_p2,512,514,250,8.147821004420825,7.810623656495123,8.493319339339918,4.020153450608524,3.744644513080991,4.301036208301957,1.0,1.0,1.0,0.004,0.0,0.012,0.996,0.988,1.0,1.0,1.0,1.0,3.0,3.0,3.0,4.956106962410678,4.682856687291056,5.243460534916581,4.956106962410678,4.682856687291056,5.243460534916581,4.127667553812301,2,9,4599
livebench,d09_p2,1024,1026,250,8.118638554477112,7.782207668322794,8.463085164522152,4.020153450608524,3.744644513080991,4.301036208301957,1.0,1.0,1.0,0.012,0.0,0.028,0.988,0.972,1.0,1.0,1.0,1.0,3.0,2.0,3.0,4.705366684498158,4.406362454434442,5.026671700051734,4.705366684498158,4.406362454434442,5.026671700051734,4.098485103868588,2,9,9207
livebench,d09_p2,2048,2050,250,8.071317375097749,7.738661688046869,8.4099382121217,4.020153450608524,3.744644513080991,4.301036208301957,1.0,1.0,1.0,0.012,0.0,0.028,0.988,0.972,1.0,1.0,1.0,1.0,3.0,3.0,3.0,4.82597988292762,4.537925964883095,5.119978357617855,4.82597988292762,4.537925964883095,5.119978357617855,4.051163924489225,2,9,18423
livebench,d18_p2,1,3,250,5.224442254707076,4.9379092413581995,5.528284638076376,4.020153450608524,3.744644513080991,4.301036208301957,0.924,0.888,0.952,0.208,0.16,0.26,0.716,0.656,0.772,1.0,1.0,1.0,2.0,2.0,2.0,2.4379752604902514,2.1080064052864667,2.795129860337667,2.4379752604902514,2.1080064052864667,2.795129860337667,1.2042888040985513,2,18,0
livebench,d18_p2,2,4,250,4.533311496510751,4.2722357841175285,4.817554808847347,4.020153450608524,3.744644513080991,4.301036208301957,0.768,0.716,0.82,0.028,0.008,0.052,0.744,0.688,0.7960999999999995,1.0,1.0,1.0,2.0,2.0,2.0,4.131933632843027,3.783257650221615,4.485108640833252,4.131933632843027,3.783257650221615,4.485108640833252,0.5131580459022267,2,18,18
livebench,d18_p2,4,6,250,5.839331643903093,5.557181116546521,6.135479157805344,4.020153450608524,3.744644513080991,4.301036208301957,0.952,0.924,0.976,0.008,0.0,0.02,0.944,0.912,0.972,1.0,1.0,1.0,3.0,2.0,3.0,4.576443184622124,4.255685897475052,4.924804356063306,4.576443184622124,4.255685897475052,4.924804356063306,1.8191781932945688,2,18,54
livebench,d18_p2,8,10,250,7.009068990427295,6.691127952073525,7.344178910362014,4.020153450608524,3.744644513080991,4.301036208301957,0.992,0.98,1.0,0.0,0.0,0.0,0.992,0.98,1.0,1.0,1.0,1.0,3.0,3.0,3.0,4.801935124479109,4.499036683115586,5.137247541826226,4.801935124479109,4.499036683115586,5.137247541826226,2.9889155398187706,2,18,126
livebench,d18_p2,16,18,250,7.841562534416194,7.506756055462878,8.193052533422259,4.020153450608524,3.744644513080991,4.301036208301957,1.0,1.0,1.0,0.02,0.004,0.04,0.98,0.96,0.996,1.0,1.0,1.0,3.0,2.0,3.0,4.6940592540616946,4.360440333827946,5.053108535000765,4.6940592540616946,4.360440333827946,5.053108535000765,3.8214090838076693,2,18,270
livebench,d18_p2,32,34,250,8.191924311607108,7.844451788901787,8.54690089927457,4.020153450608524,3.744644513080991,4.301036208301957,1.0,1.0,1.0,0.016,0.004,0.032,0.984,0.968,0.996,1.0,1.0,1.0,3.0,2.0,3.0,4.74008836264257,4.37735831499374,5.131657527971451,4.74008836264257,4.37735831499374,5.131657527971451,4.171770860998584,2,18,558
livebench,d18_p2,64,66,250,8.255515789476732,7.913086099020837,8.609537791029512,4.020153450608524,3.744644513080991,4.301036208301957,1.0,1.0,1.0,0.008,0.0,0.02,0.992,0.98,1.0,1.0,1.0,1.0,3.0,3.0,3.0,4.949915477807497,4.608040737743893,5.31585942534239,4.949915477807497,4.608040737743893,5.31585942534239,4.235362338868208,2,18,1134
livebench,d18_p2,128,130,250,8.270285394508825,7.922290643522173,8.622168578993202,4.020153450608524,3.744644513080991,4.301036208301957,1.0,1.0,1.0,0.008,0.0,0.02,0.992,0.98,1.0,1.0,1.0,1.0,3.0,3.0,3.0,5.046398911874984,4.748076506831615,5.355929723277059,5.046398911874984,4.748076506831615,5.355929723277059,4.250131943900301,2,18,2286
livebench,d18_p2,256,258,250,8.251654553431592,7.908230274103403,8.599311868481598,4.020153450608524,3.744644513080991,4.301036208301957,1.0,1.0,1.0,0.012,0.0,0.028,0.988,0.972,1.0,1.0,1.0,1.0,3.0,3.0,3.0,4.769504197764709,4.447417861884716,5.078778700546479,4.769504197764709,4.447417861884716,5.078778700546479,4.231501102823068,2,18,4590
livebench,d18_p2,512,514,250,8.17859632054928,7.842183296337537,8.524539769576872,4.020153450608524,3.744644513080991,4.301036208301957,1.0,1.0,1.0,0.012,0.0,0.028,0.988,0.972,1.0,1.0,1.0,1.0,3.0,3.0,3.0,4.818734485253757,4.496983215198611,5.148778876339172,4.818734485253757,4.496983215198611,5.148778876339172,4.158442869940756,2,18,9198
livebench,d18_p2,1024,1026,250,8.132694165383393,7.795948526280872,8.478502507531651,4.020153450608524,3.744644513080991,4.301036208301957,1.0,1.0,1.0,0.008,0.0,0.02,0.992,0.98,1.0,1.0,1.0,1.0,3.0,2.0,3.0,4.638178470346627,4.338309223089135,4.9650318536319435,4.638178470346627,4.338309223089135,4.9650318536319435,4.112540714774869,2,18,18414
livebench,d18_p2,2048,2050,250,8.077606191783056,7.744973159460587,8.416610953343445,4.020153450608524,3.744644513080991,4.301036208301957,1.0,1.0,1.0,0.0,0.0,0.0,1.0,1.0,1.0,1.0,1.0,1.0,3.0,3.0,3.0,5.140177910688015,4.873701857245796,5.412659028509692,5.140177910688015,4.873701857245796,5.412659028509692,4.057452741174532,2,18,36846
