summary,dimension,partition,false90_k,false90_I,false90_k_random,false90_I_random,score_gap_plus1_k,score_gap_plus1_I,score_gap_plus1_k_random,score_gap_plus1_I_random,score_gap_plus2_k,score_gap_plus2_I,score_gap_plus2_k_random,score_gap_plus2_I_random
partition,1,0,64.0,63.0,64.0,63.0,64.0,63.0,64.0,63.0,128.0,127.0,128.0,127.0
partition,1,1,64.0,63.0,64.0,63.0,64.0,63.0,64.0,63.0,128.0,127.0,128.0,127.0
partition,1,2,64.0,63.0,64.0,63.0,64.0,63.0,64.0,63.0,128.0,127.0,128.0,127.0
partition,2,0,32.0,62.0,32.0,62.0,32.0,62.0,32.0,62.0,64.0,126.0,64.0,126.0
partition,2,1,32.0,62.0,32.0,62.0,32.0,62.0,32.0,62.0,64.0,126.0,64.0,126.0
partition,2,2,32.0,62.0,32.0,62.0,32.0,62.0,32.0,62.0,64.0,126.0,64.0,126.0
partition,3,0,16.0,45.0,16.0,45.0,16.0,45.0,16.0,45.0,32.0,93.0,32.0,93.0
partition,3,1,16.0,45.0,16.0,45.0,16.0,45.0,16.0,45.0,32.0,93.0,32.0,93.0
partition,3,2,32.0,93.0,32.0,93.0,16.0,45.0,16.0,45.0,32.0,93.0,32.0,93.0
partition,6,0,8.0,42.0,8.0,42.0,8.0,42.0,8.0,42.0,16.0,90.0,16.0,90.0
partition,6,1,8.0,42.0,8.0,42.0,8.0,42.0,8.0,42.0,16.0,90.0,16.0,90.0
partition,6,2,16.0,90.0,16.0,90.0,8.0,42.0,8.0,42.0,16.0,90.0,16.0,90.0
partition,9,0,8.0,63.0,8.0,63.0,8.0,63.0,8.0,63.0,16.0,135.0,16.0,135.0
partition,9,1,8.0,63.0,8.0,63.0,8.0,63.0,8.0,63.0,16.0,135.0,16.0,135.0
partition,9,2,8.0,63.0,8.0,63.0,8.0,63.0,8.0,63.0,16.0,135.0,16.0,135.0
partition,18,0,4.0,54.0,4.0,54.0,1.0,0.0,4.0,54.0,8.0,126.0,8.0,126.0
partition,18,1,4.0,54.0,4.0,54.0,1.0,0.0,4.0,54.0,8.0,126.0,8.0,126.0
partition,18,2,4.0,54.0,4.0,54.0,1.0,0.0,4.0,54.0,8.0,126.0,8.0,126.0
dimension_mean,1,-1,64.0,63.0,64.0,63.0,64.0,63.0,64.0,63.0,128.0,127.0,128.0,127.0
dimension_mean,2,-1,32.0,62.0,32.0,62.0,32.0,62.0,32.0,62.0,64.0,126.0,64.0,126.0
dimension_mean,3,-1,16.0,45.0,16.0,45.0,16.0,45.0,16.0,45.0,32.0,93.0,32.0,93.0
dimension_mean,6,-1,8.0,42.0,8.0,42.0,8.0,42.0,8.0,42.0,16.0,90.0,16.0,90.0
dimension_mean,9,-1,8.0,63.0,8.0,63.0,8.0,63.0,8.0,63.0,16.0,135.0,16.0,135.0
dimension_mean,18,-1,4.0,54.0,4.0,54.0,1.0,0.0,4.0,54.0,8.0,126.0,8.0,126.0
