benchmark,policy,new_submissions,original_count_equivalent,trials,score_gap_p90_pp,score_gap_p90_pp_ci_low,score_gap_p90_pp_ci_high,preload_p90_pp,preload_p90_pp_ci_low,preload_p90_pp_ci_high,first_s,first_s_ci_low,first_s_ci_high,first_t,first_t_ci_low,first_t_ci_high,first_s_not_t,first_s_not_t_ci_low,first_s_not_t_ci_high,median_rank_s,median_rank_s_ci_low,median_rank_s_ci_high,median_rank_t,median_rank_t_ci_low,median_rank_t_ci_high,mean_heldout_regret_pp,mean_heldout_regret_pp_ci_low,mean_heldout_regret_pp_ci_high,mean_ranking_regret_pp,mean_ranking_regret_pp_ci_low,mean_ranking_regret_pp_ci_high,score_gap_above_preload_pp
helm_capabilities,full_frontier,1,3,250,3.845848819984976,3.656239385012428,4.070591091194931,3.8340954037193233,3.607732297858446,4.070591091194931,0.736,0.684,0.792,0.448,0.384,0.512,0.38,0.3239,0.44,1.0,1.0,1.0,2.0,1.0,2.0,0.580529480428205,0.3555525898522346,0.8254575155670164,0.580529480428205,0.3555525898522346,0.8254575155670164,0.0117534162656527
helm_capabilities,full_frontier,2,4,250,3.8340954037193233,3.607732297858446,4.070591091194931,3.8340954037193233,3.607732297858446,4.070591091194931,0.0,0.0,0.0,0.0,0.0,0.0,0.0,0.0,0.0,15.0,14.0,15.0,17.0,17.0,17.0,9.005275530413517,8.778095752504731,9.249262071233968,9.005275530413517,8.778095752504731,9.249262071233968,0.0
helm_capabilities,full_frontier,4,6,250,3.8340954037193233,3.607732297858446,4.070591091194931,3.8340954037193233,3.607732297858446,4.070591091194931,0.0,0.0,0.0,0.0,0.0,0.0,0.0,0.0,0.0,13.0,13.0,14.0,19.0,18.0,19.0,9.33046439780341,9.0948298777113,9.58240319932066,9.33046439780341,9.0948298777113,9.58240319932066,0.0
helm_capabilities,full_frontier,8,10,250,3.8340954037193233,3.607732297858446,4.070591091194931,3.8340954037193233,3.607732297858446,4.070591091194931,0.0,0.0,0.0,0.0,0.0,0.0,0.0,0.0,0.0,10.0,10.0,11.0,18.0,18.0,19.0,9.280727932713756,9.034970938954986,9.546799309469828,9.280727932713756,9.034970938954986,9.546799309469828,0.0
helm_capabilities,full_frontier,16,18,250,3.8340954037193233,3.607732297858446,4.070591091194931,3.8340954037193233,3.607732297858446,4.070591091194931,0.012,0.0,0.028,0.0,0.0,0.0,0.012,0.0,0.028,8.0,8.0,8.0,18.0,17.0,18.0,9.156322461933062,8.910897845748806,9.412686222024645,9.156322461933062,8.910897845748806,9.412686222024645,0.0
helm_capabilities,full_frontier,32,34,250,3.8340954037193233,3.607732297858446,4.070591091194931,3.8340954037193233,3.607732297858446,4.070591091194931,0.044,0.02,0.072,0.0,0.0,0.0,0.044,0.02,0.072,5.0,5.0,5.0,17.0,17.0,18.0,9.07572094562727,8.833365756674347,9.337189296356442,9.07572094562727,8.833365756674347,9.337189296356442,0.0
helm_capabilities,full_frontier,64,66,250,3.845848819984976,3.708422798323516,4.093197058534448,3.8340954037193233,3.607732297858446,4.070591091194931,0.524,0.46,0.584,0.0,0.0,0.0,0.524,0.46,0.584,1.0,1.0,2.0,18.0,17.5,19.0,9.242212261034105,8.986188995597255,9.508244966791972,9.242212261034105,8.986188995597255,9.508244966791972,0.0117534162656527
helm_capabilities,full_frontier,128,130,250,4.307154928480614,3.9270527323612914,4.584044239243379,3.8340954037193233,3.607732297858446,4.070591091194931,0.908,0.872,0.944,0.0,0.0,0.0,0.908,0.872,0.944,1.0,1.0,1.0,18.0,18.0,19.0,9.23297470376886,8.97697300789376,9.50107108999408,9.23297470376886,8.97697300789376,9.50107108999408,0.4730595247612905
helm_capabilities,full_frontier,256,258,250,5.510781750896915,5.181460556656966,5.724265650630544,3.8340954037193233,3.607732297858446,4.070591091194931,0.928,0.896,0.96,0.0,0.0,0.0,0.928,0.896,0.96,1.0,1.0,1.0,18.0,17.0,18.0,9.147876019480371,8.891444322402714,9.41685562341529,9.147876019480371,8.891444322402714,9.41685562341529,1.6766863471775917
helm_capabilities,full_frontier,512,514,250,6.258544441720708,5.841212718043456,6.498018192854755,3.8340954037193233,3.607732297858446,4.070591091194931,0.932,0.9,0.964,0.0,0.0,0.0,0.932,0.9,0.964,1.0,1.0,1.0,17.0,17.0,18.0,9.110485909160904,8.859467310970054,9.378704428466012,9.110485909160904,8.859467310970054,9.378704428466012,2.4244490380013843
helm_capabilities,full_frontier,1024,1026,250,6.365522576746571,6.048877939145156,6.700063524981473,3.8340954037193233,3.607732297858446,4.070591091194931,0.932,0.9,0.964,0.0,0.0,0.0,0.932,0.9,0.964,1.0,1.0,1.0,18.0,17.0,18.5,9.227342223453288,8.973427987359457,9.503250203302697,9.227342223453288,8.973427987359457,9.503250203302697,2.5314271730272475
helm_capabilities,full_frontier,2048,2050,250,6.473720662472745,6.089361486180047,6.777744201913083,3.8340954037193233,3.607732297858446,4.070591091194931,0.932,0.9,0.964,0.0,0.0,0.0,0.932,0.9,0.964,1.0,1.0,1.0,17.0,16.0,17.0,9.032719135404594,8.7719156120087,9.312026821117293,9.032719135404594,8.7719156120087,9.312026821117293,2.639625258753422
helm_capabilities,top5,1,3,250,3.8340954037193233,3.607732297858446,4.070591091194931,3.8340954037193233,3.607732297858446,4.070591091194931,0.976,0.956,0.992,0.884,0.844,0.924,0.108,0.072,0.148,1.0,1.0,1.0,1.0,1.0,1.0,-1.2549115661175736,-1.365109695591929,-1.1424841820454514,-1.2549115661175736,-1.365109695591929,-1.1424841820454514,0.0
helm_capabilities,top5,2,4,250,3.8340954037193233,3.607732297858446,4.070591091194931,3.8340954037193233,3.607732297858446,4.070591091194931,0.24,0.188,0.292,0.028,0.008,0.048,0.24,0.188,0.292,2.0,2.0,2.0,5.0,5.0,5.0,1.4189543019503343,1.3330606037826485,1.5099425747122586,1.4189543019503343,1.3330606037826485,1.5099425747122586,0.0
helm_capabilities,top5,4,6,250,3.845848819984976,3.656239385012428,4.093197058534448,3.8340954037193233,3.607732297858446,4.070591091194931,0.624,0.56,0.68,0.02,0.004,0.04,0.624,0.56,0.68,1.0,1.0,1.0,4.0,4.0,5.0,1.3386288458902182,1.252483774821778,1.4289587927974292,1.3386288458902182,1.252483774821778,1.4289587927974292,0.0117534162656527
helm_capabilities,top5,8,10,250,3.9270527323612914,3.756477457958457,4.170717630481335,3.8340954037193233,3.607732297858446,4.070591091194931,0.888,0.848,0.924,0.008,0.0,0.02,0.884,0.844,0.924,1.0,1.0,1.0,5.0,4.0,5.0,1.436226313797416,1.3526960503511265,1.5233316521939189,1.436226313797416,1.3526960503511265,1.5233316521939189,0.092957328641968
helm_capabilities,top5,16,18,250,4.162580416809663,3.9099046844250447,4.500537994276146,3.8340954037193233,3.607732297858446,4.070591091194931,1.0,1.0,1.0,0.02,0.004,0.04,0.98,0.96,0.996,1.0,1.0,1.0,5.0,4.0,5.0,1.3933193821741374,1.3049983393668916,1.4863128087517483,1.3933193821741374,1.3049983393668916,1.4863128087517483,0.32848501309034
helm_capabilities,top5,32,34,250,4.895977667602747,4.536478274429825,5.226007271264532,3.8340954037193233,3.607732297858446,4.070591091194931,1.0,1.0,1.0,0.016,0.004,0.032,0.984,0.968,0.996,1.0,1.0,1.0,5.0,4.0,5.0,1.4378327917023166,1.342057484951822,1.5330922244408205,1.4378327917023166,1.342057484951822,1.5330922244408205,1.061882263883423
helm_capabilities,top5,64,66,250,5.612004393713485,5.290375551636123,6.065659757995559,3.8340954037193233,3.607732297858446,4.070591091194931,1.0,1.0,1.0,0.044,0.02,0.072,0.956,0.928,0.98,1.0,1.0,1.0,5.0,4.0,5.0,1.3241408555966745,1.2335843659564651,1.4167473276107334,1.3241408555966745,1.2335843659564651,1.4167473276107334,1.7779089899941614
helm_capabilities,top5,128,130,250,6.175546074789885,6.020822009340382,6.530538649696724,3.8340954037193233,3.607732297858446,4.070591091194931,1.0,1.0,1.0,0.016,0.004,0.032,0.984,0.968,0.996,1.0,1.0,1.0,5.0,4.5,5.0,1.4162991445091195,1.3279250968287597,1.5078654461944174,1.4162991445091195,1.3279250968287597,1.5078654461944174,2.341450671070562
helm_capabilities,top5,256,258,250,6.584583389257912,6.325996097285999,6.803436681841059,3.8340954037193233,3.607732297858446,4.070591091194931,1.0,1.0,1.0,0.008,0.0,0.02,0.992,0.98,1.0,1.0,1.0,1.0,5.0,5.0,5.0,1.7070886514485133,1.6197616115938342,1.79225336549904,1.7070886514485133,1.6197616115938342,1.79225336549904,2.750487985538589
helm_capabilities,top5,512,514,250,6.729408725427483,6.557184716395434,6.923272243991008,3.8340954037193233,3.607732297858446,4.070591091194931,1.0,1.0,1.0,0.012,0.0,0.028,0.988,0.972,1.0,1.0,1.0,1.0,5.0,4.0,5.0,1.4564031977062604,1.3682988267128695,1.542175022815414,1.4564031977062604,1.3682988267128695,1.542175022815414,2.8953133217081595
helm_capabilities,top5,1024,1026,250,6.840716563217801,6.643614720352343,7.044611742122922,3.8340954037193233,3.607732297858446,4.070591091194931,1.0,1.0,1.0,0.02,0.004,0.04,0.98,0.96,0.996,1.0,1.0,1.0,5.0,4.0,5.0,1.402653137724451,1.316649174751631,1.48786985290382,1.402653137724451,1.316649174751631,1.48786985290382,3.006621159498477
helm_capabilities,top5,2048,2050,250,6.892602411120106,6.729618326955205,7.068903459480118,3.8340954037193233,3.607732297858446,4.070591091194931,1.0,1.0,1.0,0.016,0.004,0.032,0.984,0.968,0.996,1.0,1.0,1.0,5.0,5.0,5.0,1.4997153250440436,1.4141514476714907,1.5819965802897684,1.4997153250440436,1.4141514476714907,1.5819965802897684,3.0585070074007827
helm_lite,full_frontier,1,3,250,2.022609067537923,1.8485890472344253,2.1700715778095847,1.995122285162804,1.7985206795157804,2.0991756878665555,0.84,0.796,0.88,0.696,0.64,0.756,0.156,0.112,0.2,1.0,1.0,1.0,1.0,1.0,1.0,-0.0573519944196743,-0.1686341447537944,0.0538232146374791,0.8185714285714272,0.1414285714285699,1.5071428571428556,0.0274867823751192
helm_lite,full_frontier,2,4,250,1.995122285162804,1.7985206795157804,2.0991756878665555,1.995122285162804,1.7985206795157804,2.0991756878665555,0.012,0.0,0.028,0.0,0.0,0.0,0.012,0.0,0.028,4.0,4.0,4.0,5.0,5.0,5.0,5.79008253450474,5.625521085967146,5.958039309543071,26.217142857142854,25.452642857142852,26.970214285714285,0.0
helm_lite,full_frontier,4,6,250,1.995122285162804,1.7985206795157804,2.0991756878665555,1.995122285162804,1.7985206795157804,2.0991756878665555,0.028,0.012,0.0480999999999994,0.0,0.0,0.0,0.028,0.012,0.0480999999999994,3.0,3.0,3.0,5.0,5.0,5.0,5.40229329638267,5.249043487430811,5.562162062479799,25.70285714285714,24.905678571428574,26.43428571428571,0.0
helm_lite,full_frontier,8,10,250,2.0103630184959864,1.801756240172636,2.1323531783282306,1.995122285162804,1.7985206795157804,2.0991756878665555,0.064,0.036,0.096,0.0,0.0,0.0,0.064,0.036,0.096,3.0,3.0,3.0,5.0,5.0,5.0,5.501907222266576,5.348304871676124,5.6590211161175,25.65,24.881285714285717,26.36742857142857,0.0152407333331827
helm_lite,full_frontier,16,18,250,2.022609067537923,1.8485890472344253,2.202127529440012,1.995122285162804,1.7985206795157804,2.0991756878665555,0.144,0.104,0.188,0.0,0.0,0.0,0.144,0.104,0.188,2.0,2.0,3.0,5.0,5.0,5.0,5.609950383580715,5.447986644601313,5.766016966579017,25.527142857142856,24.719892857142856,26.270071428571427,0.0274867823751192
helm_lite,full_frontier,32,34,250,2.3079316257815923,2.022609067537923,2.4699116126076284,1.995122285162804,1.7985206795157804,2.0991756878665555,0.552,0.492,0.612,0.0,0.0,0.0,0.552,0.492,0.612,1.0,1.0,2.0,5.0,5.0,5.0,5.840155961003203,5.67098608435908,6.012682263924698,26.504285714285714,25.709964285714285,27.26717857142857,0.3128093406187886
helm_lite,full_frontier,64,66,250,2.778602926529869,2.4144480088993947,3.117070558589072,1.995122285162804,1.7985206795157804,2.0991756878665555,0.94,0.908,0.968,0.0,0.0,0.0,0.94,0.908,0.968,1.0,1.0,1.0,5.0,5.0,5.0,5.872594089537361,5.700028095516368,6.051834841057949,27.3,26.458464285714285,28.12289285714285,0.7834806413670654
helm_lite,full_frontier,128,130,250,3.5631375001064947,3.3278820463275185,3.7644677045382826,1.995122285162804,1.7985206795157804,2.0991756878665555,0.988,0.972,1.0,0.0,0.0,0.0,0.988,0.972,1.0,1.0,1.0,1.0,5.0,5.0,5.0,5.910323512291649,5.737452628977514,6.081291311757862,27.367142857142856,26.55278571428572,28.10589285714285,1.568015214943691
helm_lite,full_frontier,256,258,250,4.229429088780067,4.117552138928882,4.419861773430051,1.995122285162804,1.7985206795157804,2.0991756878665555,0.992,0.98,1.0,0.0,0.0,0.0,0.992,0.98,1.0,1.0,1.0,1.0,5.0,5.0,5.0,5.7745448735888765,5.604573611966708,5.944852560756397,26.78285714285714,26.015321428571426,27.54292857142857,2.2343068036172635
helm_lite,full_frontier,512,514,250,4.667034476270013,4.546616106878168,4.733633471257168,1.995122285162804,1.7985206795157804,2.0991756878665555,1.0,1.0,1.0,0.0,0.0,0.0,1.0,1.0,1.0,1.0,1.0,1.0,5.0,5.0,5.0,5.618484428226111,5.457788030849683,5.78306062225356,25.62571428571428,24.84142857142857,26.37607142857142,2.671912191107209
helm_lite,full_frontier,1024,1026,250,4.919427124545675,4.8313139446785165,5.005211568355672,1.995122285162804,1.7985206795157804,2.0991756878665555,1.0,1.0,1.0,0.0,0.0,0.0,1.0,1.0,1.0,1.0,1.0,1.0,5.0,5.0,5.0,5.507153245717771,5.346743185995005,5.662265447247124,25.641428571428573,24.877142857142854,26.3915,2.924304839382871
helm_lite,full_frontier,2048,2050,250,5.098360791512974,4.997376934455502,5.209881629277654,1.995122285162804,1.7985206795157804,2.0991756878665555,1.0,1.0,1.0,0.0,0.0,0.0,1.0,1.0,1.0,1.0,1.0,1.0,5.0,5.0,5.0,5.460880212044898,5.30271575442484,5.617130358007314,25.51142857142857,24.70132142857143,26.261499999999995,3.10323850635017
helm_lite,top5,1,3,250,1.995122285162804,1.7985206795157804,2.0991756878665555,1.995122285162804,1.7985206795157804,2.0991756878665555,0.68,0.624,0.736,0.324,0.268,0.384,0.356,0.296,0.412,1.0,1.0,1.0,2.0,2.0,2.0,0.3683316933122925,0.2644306657509832,0.4699721185549308,3.55142857142857,2.867107142857142,4.188607142857141,0.0
helm_lite,top5,2,4,250,1.995122285162804,1.7985206795157804,2.0991756878665555,1.995122285162804,1.7985206795157804,2.0991756878665555,0.02,0.004,0.04,0.0,0.0,0.0,0.02,0.004,0.04,4.0,3.0,4.0,5.0,5.0,5.0,4.842506040217464,4.676251138230955,5.003807970600809,24.34857142857143,23.59414285714285,25.06289285714286,0.0
helm_lite,top5,4,6,250,1.995122285162804,1.7985206795157804,2.0991756878665555,1.995122285162804,1.7985206795157804,2.0991756878665555,0.044,0.02,0.072,0.0,0.0,0.0,0.044,0.02,0.072,3.0,3.0,3.0,5.0,5.0,5.0,4.605918554666671,4.450704830565743,4.751305139250594,24.121428571428574,23.36142857142857,24.81432142857143,0.0
helm_lite,top5,8,10,250,2.0158681496622863,1.8269812747076288,2.156119129140128,1.995122285162804,1.7985206795157804,2.0991756878665555,0.144,0.104,0.192,0.0,0.0,0.0,0.144,0.104,0.192,3.0,3.0,3.0,5.0,5.0,5.0,4.690003691067123,4.535793047158662,4.839166484200275,23.864285714285717,23.087071428571427,24.554357142857143,0.0207458644994826
helm_lite,top5,16,18,250,2.025664334061384,1.8485890472344253,2.202127529440012,1.995122285162804,1.7985206795157804,2.0991756878665555,0.408,0.352,0.472,0.0,0.0,0.0,0.408,0.352,0.472,2.0,2.0,2.0,5.0,5.0,5.0,4.671033697794039,4.509647058183583,4.832365116590824,23.50857142857143,22.69853571428571,24.272857142857145,0.0305420488985797
helm_lite,top5,32,34,250,2.4144480088993947,2.169756436901124,2.572840606235316,1.995122285162804,1.7985206795157804,2.0991756878665555,0.712,0.656,0.768,0.0,0.0,0.0,0.712,0.656,0.768,1.0,1.0,1.0,5.0,5.0,5.0,4.843109223323529,4.66721477930981,5.013431741468906,23.988571428571426,23.169964285714286,24.76435714285714,0.419325723736591
helm_lite,top5,64,66,250,3.219400648157214,2.999192581590054,3.456173062202877,1.995122285162804,1.7985206795157804,2.0991756878665555,0.976,0.956,0.992,0.0,0.0,0.0,0.976,0.956,0.992,1.0,1.0,1.0,5.0,5.0,5.0,4.797675926124264,4.621570059316482,4.977549205711804,24.498571428571427,23.64275,25.318607142857143,1.2242783629944105
helm_lite,top5,128,130,250,3.911194162553045,3.760823459767587,4.102713135397751,1.995122285162804,1.7985206795157804,2.0991756878665555,1.0,1.0,1.0,0.0,0.0,0.0,1.0,1.0,1.0,1.0,1.0,1.0,5.0,5.0,5.0,4.8807365171190105,4.706204949719973,5.050205499506294,24.867142857142856,24.06417857142857,25.63442857142857,1.9160718773902408
helm_lite,top5,256,258,250,4.432288344906896,4.248284958326703,4.634897972514746,1.995122285162804,1.7985206795157804,2.0991756878665555,1.0,1.0,1.0,0.0,0.0,0.0,1.0,1.0,1.0,1.0,1.0,1.0,5.0,5.0,5.0,4.744119783200492,4.570395827558718,4.912779986922263,23.99571428571428,23.21853571428571,24.75857142857143,2.437166059744092
helm_lite,top5,512,514,250,4.733160098684571,4.618910235252061,4.896447773346141,1.995122285162804,1.7985206795157804,2.0991756878665555,1.0,1.0,1.0,0.0,0.0,0.0,1.0,1.0,1.0,1.0,1.0,1.0,5.0,5.0,5.0,4.648800027586201,4.489414295988866,4.809323127653807,23.514285714285712,22.698464285714284,24.26714285714285,2.738037813521768
helm_lite,top5,1024,1026,250,4.95854716507371,4.84365669334805,5.069326151771028,1.995122285162804,1.7985206795157804,2.0991756878665555,1.0,1.0,1.0,0.0,0.0,0.0,1.0,1.0,1.0,1.0,1.0,1.0,5.0,5.0,5.0,4.613041715620672,4.463342024291697,4.767448954419454,23.82285714285714,23.025607142857144,24.57575,2.9634248799109058
helm_lite,top5,2048,2050,250,5.1365479573447175,4.979687068988103,5.228413168863283,1.995122285162804,1.7985206795157804,2.0991756878665555,1.0,1.0,1.0,0.0,0.0,0.0,1.0,1.0,1.0,1.0,1.0,1.0,5.0,5.0,5.0,4.586707763487905,4.432812382474357,4.741036009933407,23.59285714285714,22.758535714285717,24.387321428571425,3.1414256721819136
livebench,full_frontier,1,3,250,7.222660479256026,6.533158743901052,7.978361181438476,6.909765858798722,6.231340109432121,7.941556017088275,0.96,0.932,0.984,0.032,0.012,0.056,0.928,0.8959,0.9560999999999994,1.0,1.0,1.0,2.0,2.0,2.0,2.096857628772583,1.832190158257551,2.38337545020852,2.096857628772583,1.832190158257551,2.38337545020852,0.3128946204573042
livebench,full_frontier,2,4,250,6.909765858798722,6.231340109432121,7.941556017088275,6.909765858798722,6.231340109432121,7.941556017088275,0.0,0.0,0.0,0.0,0.0,0.0,0.0,0.0,0.0,6.0,5.0,6.0,12.0,12.0,13.0,14.03859350205264,13.701718283634149,14.345763246408051,14.03859350205264,13.701718283634149,14.345763246408051,0.0
livebench,full_frontier,4,6,250,6.909765858798722,6.231340109432121,7.941556017088275,6.909765858798722,6.231340109432121,7.941556017088275,0.056,0.028,0.084,0.0,0.0,0.0,0.056,0.028,0.084,2.0,2.0,2.0,12.5,12.0,13.0,14.068454599166085,13.723684857454172,14.383967513454294,14.068454599166085,13.723684857454172,14.383967513454294,0.0
livebench,full_frontier,8,10,250,7.217439517803603,6.463407970309692,7.979930141883895,6.909765858798722,6.231340109432121,7.941556017088275,0.56,0.5,0.624,0.0,0.0,0.0,0.56,0.5,0.624,1.0,1.0,1.5,13.0,13.0,14.0,14.53590716778399,14.175394782004654,14.870292946333189,14.53590716778399,14.175394782004654,14.870292946333189,0.3076736590048812
livebench,full_frontier,16,18,250,8.214254024177748,7.485009563334244,9.059857122746662,6.909765858798722,6.231340109432121,7.941556017088275,0.968,0.944,0.988,0.0,0.0,0.0,0.968,0.944,0.988,1.0,1.0,1.0,13.0,12.0,13.0,14.032933277252212,13.690171113752868,14.36005237282566,14.032933277252212,13.690171113752868,14.36005237282566,1.304488165379026
livebench,full_frontier,32,34,250,9.113958474516435,8.274379866255616,9.804399753309625,6.909765858798722,6.231340109432121,7.941556017088275,0.996,0.988,1.0,0.0,0.0,0.0,0.996,0.988,1.0,1.0,1.0,1.0,13.0,12.0,13.0,14.199015668733647,13.86182008901486,14.540931758733512,14.199015668733647,13.86182008901486,14.540931758733512,2.204192615717715
livebench,full_frontier,64,66,250,9.384561893656596,8.658760393557262,10.20512216305387,6.909765858798722,6.231340109432121,7.941556017088275,1.0,1.0,1.0,0.0,0.0,0.0,1.0,1.0,1.0,1.0,1.0,1.0,13.0,13.0,14.0,14.33963050509978,13.97982290630562,14.700366060711543,14.33963050509978,13.97982290630562,14.700366060711543,2.474796034857873
livebench,full_frontier,128,130,250,9.546271117006826,8.791355302752901,10.215223173154875,6.909765858798722,6.231340109432121,7.941556017088275,1.0,1.0,1.0,0.0,0.0,0.0,1.0,1.0,1.0,1.0,1.0,1.0,13.0,13.0,14.0,14.495846919107846,14.17406330251198,14.7993958051474,14.495846919107846,14.17406330251198,14.7993958051474,2.6365052582081043
livebench,full_frontier,256,258,250,9.553634152189638,8.800199667041115,10.316233274164976,6.909765858798722,6.231340109432121,7.941556017088275,1.0,1.0,1.0,0.0,0.0,0.0,1.0,1.0,1.0,1.0,1.0,1.0,14.0,14.0,14.0,15.049518253605246,14.734258973295784,15.3505408561311,15.049518253605246,14.734258973295784,15.3505408561311,2.6438682933909154
livebench,full_frontier,512,514,250,9.637417858269936,8.800199667041115,10.35033130760779,6.909765858798722,6.231340109432121,7.941556017088275,1.0,1.0,1.0,0.0,0.0,0.0,1.0,1.0,1.0,1.0,1.0,1.0,13.0,13.0,14.0,14.21363034623631,13.882993231933716,14.535756532368817,14.21363034623631,13.882993231933716,14.535756532368817,2.727651999471214
livebench,full_frontier,1024,1026,250,9.637417858269936,8.800199667041115,10.385053529830014,6.909765858798722,6.231340109432121,7.941556017088275,1.0,1.0,1.0,0.0,0.0,0.0,1.0,1.0,1.0,1.0,1.0,1.0,14.0,13.0,14.0,14.703538312399951,14.38602436456579,15.0065278768455,14.703538312399951,14.38602436456579,15.0065278768455,2.727651999471214
livebench,full_frontier,2048,2050,250,9.637417858269936,8.800199667041115,10.385053529830014,6.909765858798722,6.231340109432121,7.941556017088275,1.0,1.0,1.0,0.0,0.0,0.0,1.0,1.0,1.0,1.0,1.0,1.0,14.0,13.0,14.0,14.895873271550382,14.575552593706044,15.19165503053833,14.895873271550382,14.575552593706044,15.19165503053833,2.727651999471214
livebench,top5,1,3,250,8.415969502307458,7.838942249649161,8.767414577670174,6.909765858798722,6.231340109432121,7.941556017088275,0.924,0.888,0.952,0.208,0.16,0.26,0.716,0.656,0.772,1.0,1.0,1.0,2.0,2.0,2.0,2.437975260490252,2.1080064052864667,2.795129860337667,2.437975260490252,2.1080064052864667,2.795129860337667,1.5062036435087365
livebench,top5,2,4,250,7.712340119422728,6.909765858798722,8.214254024177748,6.909765858798722,6.231340109432121,7.941556017088275,0.768,0.716,0.82,0.028,0.008,0.052,0.744,0.688,0.7960999999999995,1.0,1.0,1.0,2.0,2.0,2.0,4.131933632843028,3.783257650221615,4.485108640833252,4.131933632843028,3.783257650221615,4.485108640833252,0.8025742606240058
livebench,top5,4,6,250,8.910930407688461,8.442249428843517,9.876133458644324,6.909765858798722,6.231340109432121,7.941556017088275,0.952,0.924,0.976,0.008,0.0,0.02,0.944,0.912,0.972,1.0,1.0,1.0,3.0,2.0,3.0,4.576443184622124,4.255685897475053,4.924804356063307,4.576443184622124,4.255685897475053,4.924804356063307,2.001164548889739
livebench,top5,8,10,250,10.408236337789866,10.013302030642834,11.421675969938184,6.909765858798722,6.231340109432121,7.941556017088275,0.992,0.98,1.0,0.0,0.0,0.0,0.992,0.98,1.0,1.0,1.0,1.0,3.0,3.0,3.0,4.801935124479108,4.499036683115586,5.137247541826227,4.801935124479108,4.499036683115586,5.137247541826227,3.498470478991144
livebench,top5,16,18,250,11.43061916519476,11.040041854956822,12.354256509651984,6.909765858798722,6.231340109432121,7.941556017088275,1.0,1.0,1.0,0.02,0.004,0.04,0.98,0.96,0.996,1.0,1.0,1.0,3.0,2.0,3.0,4.694059254061695,4.3604403338279445,5.053108535000765,4.694059254061695,4.3604403338279445,5.053108535000765,4.520853306396039
livebench,top5,32,34,250,11.797421384974088,11.313545298938765,12.61153793239697,6.909765858798722,6.231340109432121,7.941556017088275,1.0,1.0,1.0,0.016,0.004,0.032,0.984,0.968,0.996,1.0,1.0,1.0,3.0,2.0,3.0,4.74008836264257,4.3773583149937405,5.13165752797145,4.74008836264257,4.3773583149937405,5.13165752797145,4.887655526175366
livebench,top5,64,66,250,11.856447229853773,11.46073936764838,12.423099456044024,6.909765858798722,6.231340109432121,7.941556017088275,1.0,1.0,1.0,0.008,0.0,0.02,0.992,0.98,1.0,1.0,1.0,1.0,3.0,3.0,3.0,4.949915477807497,4.608040737743892,5.315859425342389,4.949915477807497,4.608040737743892,5.315859425342389,4.946681371055051
livebench,top5,128,130,250,11.915166365402008,11.503074487650084,12.547349810276852,6.909765858798722,6.231340109432121,7.941556017088275,1.0,1.0,1.0,0.008,0.0,0.02,0.992,0.98,1.0,1.0,1.0,1.0,3.0,3.0,3.0,5.046398911874984,4.748076506831614,5.3559297232770575,5.046398911874984,4.748076506831614,5.3559297232770575,5.005400506603286
livebench,top5,256,258,250,11.915166365402008,11.53085226542786,12.57713749340253,6.909765858798722,6.231340109432121,7.941556017088275,1.0,1.0,1.0,0.012,0.0,0.028,0.988,0.972,1.0,1.0,1.0,1.0,3.0,3.0,3.0,4.769504197764708,4.447417861884717,5.078778700546479,4.769504197764708,4.447417861884717,5.078778700546479,5.005400506603286
livebench,top5,512,514,250,11.88060181922575,11.277512482334672,12.43537302606373,6.909765858798722,6.231340109432121,7.941556017088275,1.0,1.0,1.0,0.012,0.0,0.028,0.988,0.972,1.0,1.0,1.0,1.0,3.0,3.0,3.0,4.818734485253756,4.49698321519861,5.148778876339172,4.818734485253756,4.49698321519861,5.148778876339172,4.970835960427029
livebench,top5,1024,1026,250,11.843915313575277,11.250527767868574,12.376859928008594,6.909765858798722,6.231340109432121,7.941556017088275,1.0,1.0,1.0,0.008,0.0,0.02,0.992,0.98,1.0,1.0,1.0,1.0,3.0,2.0,3.0,4.638178470346627,4.338309223089135,4.965031853631942,4.638178470346627,4.338309223089135,4.965031853631942,4.934149454776555
livebench,top5,2048,2050,250,11.685428103488803,11.153382191240857,12.376859928008594,6.909765858798722,6.231340109432121,7.941556017088275,1.0,1.0,1.0,0.0,0.0,0.0,1.0,1.0,1.0,1.0,1.0,1.0,3.0,3.0,3.0,5.140177910688015,4.873701857245797,5.412659028509693,5.140177910688015,4.873701857245797,5.412659028509693,4.775662244690081
openllm,full_frontier,1,3,250,3.1237003795444696,2.74140647080634,3.275952307996527,2.8393792272351392,2.4192955691759943,3.194542063187261,0.992,0.98,1.0,0.8,0.7519,0.852,0.192,0.14,0.244,1.0,1.0,1.0,1.0,1.0,1.0,-1.8383154047619596,-2.025810224131515,-1.6543019459633588,-1.8383154047619596,-2.025810224131515,-1.6543019459633588,0.2843211523093303
openllm,full_frontier,2,4,250,2.8393792272351392,2.4192955691759943,3.194542063187261,2.8393792272351392,2.4192955691759943,3.194542063187261,0.024,0.008,0.044,0.0,0.0,0.0,0.024,0.008,0.044,3.0,3.0,3.0,3.0,3.0,3.0,3.760705819778643,3.4929943355426434,4.023306820617715,3.760705819778643,3.4929943355426434,4.023306820617715,0.0
openllm,full_frontier,4,6,250,2.8393792272351392,2.462485840151235,3.194542063187261,2.8393792272351392,2.4192955691759943,3.194542063187261,0.12,0.08,0.164,0.0,0.0,0.0,0.12,0.08,0.164,3.0,3.0,3.0,3.0,3.0,3.0,3.867023504040226,3.6005075944657827,4.121220312674906,3.867023504040226,3.6005075944657827,4.121220312674906,0.0
openllm,full_frontier,8,10,250,3.132989157945726,2.86499831711688,3.283305913715412,2.8393792272351392,2.4192955691759943,3.194542063187261,0.488,0.424,0.552,0.0,0.0,0.0,0.488,0.424,0.552,2.0,1.0,2.0,3.0,3.0,3.0,3.757609657523042,3.4746473069671917,4.034269009971681,3.757609657523042,3.4746473069671917,4.034269009971681,0.2936099307105868
openllm,full_frontier,16,18,250,3.849010959793775,3.570525161386151,4.133416685981977,2.8393792272351392,2.4192955691759943,3.194542063187261,0.74,0.684,0.796,0.0,0.0,0.0,0.74,0.684,0.796,1.0,1.0,1.0,3.0,3.0,3.0,3.883097059001463,3.605485128563709,4.146472507852673,3.883097059001463,3.605485128563709,4.146472507852673,1.0096317325586357
openllm,full_frontier,32,34,250,5.242826912461518,5.126741964001058,5.596537049827721,2.8393792272351392,2.4192955691759943,3.194542063187261,0.9,0.86,0.936,0.0,0.0,0.0,0.9,0.86,0.936,1.0,1.0,1.0,4.0,3.0,4.0,4.115688336032138,3.8469914490739594,4.379060804908038,4.115688336032138,3.8469914490739594,4.379060804908038,2.403447685226378
openllm,full_frontier,64,66,250,7.253321141408478,6.966989203425494,7.824746889728185,2.8393792272351392,2.4192955691759943,3.194542063187261,1.0,1.0,1.0,0.0,0.0,0.0,1.0,1.0,1.0,1.0,1.0,1.0,3.0,3.0,4.0,4.086071160728789,3.831013835731717,4.332268088388941,4.086071160728789,3.831013835731717,4.332268088388941,4.413941914173339
openllm,full_frontier,128,130,250,9.21645900115048,9.03924202575688,9.606030857294993,2.8393792272351392,2.4192955691759943,3.194542063187261,1.0,1.0,1.0,0.0,0.0,0.0,1.0,1.0,1.0,1.0,1.0,1.0,4.0,3.0,4.0,4.136312455256531,3.877990981138813,4.395488149534448,4.136312455256531,3.877990981138813,4.395488149534448,6.377079773915342
openllm,full_frontier,256,258,250,10.623262008429654,10.38824766168882,10.947513799446524,2.8393792272351392,2.4192955691759943,3.194542063187261,1.0,1.0,1.0,0.0,0.0,0.0,1.0,1.0,1.0,1.0,1.0,1.0,4.0,3.0,4.0,4.04310446990366,3.80833869108282,4.26915957599934,4.04310446990366,3.80833869108282,4.26915957599934,7.783882781194515
openllm,full_frontier,512,514,250,11.056869648182255,10.910210209405932,11.438557337572515,2.8393792272351392,2.4192955691759943,3.194542063187261,1.0,1.0,1.0,0.0,0.0,0.0,1.0,1.0,1.0,1.0,1.0,1.0,4.0,3.0,4.0,4.164709966665421,3.908181617693232,4.411204629853604,4.164709966665421,3.908181617693232,4.411204629853604,8.217490420947119
openllm,full_frontier,1024,1026,250,11.244799011495472,11.071167643950169,11.587204704252771,2.8393792272351392,2.4192955691759943,3.194542063187261,1.0,1.0,1.0,0.0,0.0,0.0,1.0,1.0,1.0,1.0,1.0,1.0,4.0,3.5,4.0,4.178336168560484,3.943132552943733,4.393837697118443,4.178336168560484,3.943132552943733,4.393837697118443,8.405419784260335
openllm,full_frontier,2048,2050,250,11.26354582428926,11.088626658643578,11.625485545081403,2.8393792272351392,2.4192955691759943,3.194542063187261,1.0,1.0,1.0,0.0,0.0,0.0,1.0,1.0,1.0,1.0,1.0,1.0,4.0,4.0,4.0,4.230052217652634,3.999873515715164,4.454792876947894,4.230052217652634,3.999873515715164,4.454792876947894,8.424166597054121
openllm,top5,1,3,250,3.1237003795444696,2.74140647080634,3.275952307996527,2.8393792272351392,2.4192955691759943,3.194542063187261,0.992,0.98,1.0,0.8,0.7519,0.852,0.192,0.14,0.244,1.0,1.0,1.0,1.0,1.0,1.0,-1.8383154047619596,-2.025810224131515,-1.6543019459633588,-1.8383154047619596,-2.025810224131515,-1.6543019459633588,0.2843211523093303
openllm,top5,2,4,250,2.8393792272351392,2.4192955691759943,3.194542063187261,2.8393792272351392,2.4192955691759943,3.194542063187261,0.024,0.008,0.044,0.0,0.0,0.0,0.024,0.008,0.044,3.0,3.0,3.0,3.0,3.0,3.0,3.760705819778643,3.4929943355426434,4.023306820617715,3.760705819778643,3.4929943355426434,4.023306820617715,0.0
openllm,top5,4,6,250,2.8393792272351392,2.462485840151235,3.194542063187261,2.8393792272351392,2.4192955691759943,3.194542063187261,0.12,0.08,0.164,0.0,0.0,0.0,0.12,0.08,0.164,3.0,3.0,3.0,3.0,3.0,3.0,3.867023504040226,3.6005075944657827,4.121220312674906,3.867023504040226,3.6005075944657827,4.121220312674906,0.0
openllm,top5,8,10,250,3.132989157945726,2.86499831711688,3.283305913715412,2.8393792272351392,2.4192955691759943,3.194542063187261,0.488,0.424,0.552,0.0,0.0,0.0,0.488,0.424,0.552,2.0,1.0,2.0,3.0,3.0,3.0,3.757609657523042,3.4746473069671917,4.034269009971681,3.757609657523042,3.4746473069671917,4.034269009971681,0.2936099307105868
openllm,top5,16,18,250,3.849010959793775,3.570525161386151,4.133416685981977,2.8393792272351392,2.4192955691759943,3.194542063187261,0.74,0.684,0.796,0.0,0.0,0.0,0.74,0.684,0.796,1.0,1.0,1.0,3.0,3.0,3.0,3.883097059001463,3.605485128563709,4.146472507852673,3.883097059001463,3.605485128563709,4.146472507852673,1.0096317325586357
openllm,top5,32,34,250,5.242826912461518,5.126741964001058,5.596537049827721,2.8393792272351392,2.4192955691759943,3.194542063187261,0.9,0.86,0.936,0.0,0.0,0.0,0.9,0.86,0.936,1.0,1.0,1.0,4.0,3.0,4.0,4.115688336032138,3.8469914490739594,4.379060804908038,4.115688336032138,3.8469914490739594,4.379060804908038,2.403447685226378
openllm,top5,64,66,250,7.253321141408478,6.966989203425494,7.824746889728185,2.8393792272351392,2.4192955691759943,3.194542063187261,1.0,1.0,1.0,0.0,0.0,0.0,1.0,1.0,1.0,1.0,1.0,1.0,3.0,3.0,4.0,4.086071160728789,3.831013835731717,4.332268088388941,4.086071160728789,3.831013835731717,4.332268088388941,4.413941914173339
openllm,top5,128,130,250,9.21645900115048,9.03924202575688,9.606030857294993,2.8393792272351392,2.4192955691759943,3.194542063187261,1.0,1.0,1.0,0.0,0.0,0.0,1.0,1.0,1.0,1.0,1.0,1.0,4.0,3.0,4.0,4.136312455256531,3.877990981138813,4.395488149534448,4.136312455256531,3.877990981138813,4.395488149534448,6.377079773915342
openllm,top5,256,258,250,10.623262008429654,10.38824766168882,10.947513799446524,2.8393792272351392,2.4192955691759943,3.194542063187261,1.0,1.0,1.0,0.0,0.0,0.0,1.0,1.0,1.0,1.0,1.0,1.0,4.0,3.0,4.0,4.04310446990366,3.80833869108282,4.26915957599934,4.04310446990366,3.80833869108282,4.26915957599934,7.783882781194515
openllm,top5,512,514,250,11.056869648182255,10.910210209405932,11.438557337572515,2.8393792272351392,2.4192955691759943,3.194542063187261,1.0,1.0,1.0,0.0,0.0,0.0,1.0,1.0,1.0,1.0,1.0,1.0,4.0,3.0,4.0,4.164709966665421,3.908181617693232,4.411204629853604,4.164709966665421,3.908181617693232,4.411204629853604,8.217490420947119
openllm,top5,1024,1026,250,11.244799011495472,11.071167643950169,11.587204704252771,2.8393792272351392,2.4192955691759943,3.194542063187261,1.0,1.0,1.0,0.0,0.0,0.0,1.0,1.0,1.0,1.0,1.0,1.0,4.0,3.5,4.0,4.178336168560484,3.943132552943733,4.393837697118443,4.178336168560484,3.943132552943733,4.393837697118443,8.405419784260335
openllm,top5,2048,2050,250,11.26354582428926,11.088626658643578,11.625485545081403,2.8393792272351392,2.4192955691759943,3.194542063187261,1.0,1.0,1.0,0.0,0.0,0.0,1.0,1.0,1.0,1.0,1.0,1.0,4.0,4.0,4.0,4.230052217652634,3.999873515715164,4.454792876947894,4.230052217652634,3.999873515715164,4.454792876947894,8.424166597054121
