benchmark,policy,new_submissions,eligible_trials,attempted_trials,model_selection_loss_pp,model_selection_loss_pp_low,model_selection_loss_pp_high,rank_drop,rank_drop_low,rank_drop_high,no_attack_s_pp,no_attack_s_pp_low,no_attack_s_pp_high,no_attack_t_pp,no_attack_t_pp_low,no_attack_t_pp_high,selected_s_pp,selected_s_pp_low,selected_s_pp_high,selected_t_pp,selected_t_pp_low,selected_t_pp_high,router_s_pp,router_s_pp_low,router_s_pp_high,router_t_pp,router_t_pp_low,router_t_pp_high,false_winner,false_winner_low,false_winner_high,selected_router,selected_router_low,selected_router_high,loss_vs_static_pp,loss_vs_static_pp_low,loss_vs_static_pp_high,score_gap_mean_pp,score_gap_mean_pp_low,score_gap_mean_pp_high,genuine_gap_mean_pp,genuine_gap_mean_pp_low,genuine_gap_mean_pp_high
terminal_science,historical_domain,0,250,250,0.0,0.0,0.0,0.0,0.0,0.0,69.7611111111111,68.97222222222221,70.50041666666667,65.74782608695652,65.22601449275362,66.26384057971015,69.7611111111111,68.97222222222221,70.50041666666667,65.74782608695652,65.22601449275362,66.26384057971015,,,,,,,0.0,0.0,0.0,0.0,0.0,0.0,0.0,0.0,0.0,12.428985507246377,11.856521739130436,13.032729468599033,12.428985507246377,11.856521739130436,13.032729468599033
terminal_science,historical_domain,1,212,250,2.4131802023516533,1.9952155451527847,2.8285458371706005,0.7830188679245284,0.6401775036541614,0.9230769230769231,69.26100628930818,68.42059501775611,70.0406184486373,65.8121410992617,65.2138382847765,66.42177568274494,72.84460167714884,72.01834862385321,73.62414104355929,63.39896089691004,62.90566251919261,63.92695885311083,72.80529350104823,71.98641114311452,73.59840479066023,63.28274541974296,62.78116003805429,63.81283643662004,0.9292452830188679,0.8939969491380781,0.9609803457257873,0.9528301886792453,0.9216589861751152,0.9802979812614702,0.0,0.0,0.0,12.934098988241729,12.300869298562622,13.566577069504671,12.133693373439067,11.547851728107595,12.743884228628438
terminal_science,historical_domain,2,212,250,1.8731200437517088,1.3850934437837619,2.3646300900663024,0.5990566037735849,0.46187788018433185,0.7339978820113752,69.26100628930818,68.42059501775611,70.0406184486373,65.8121410992617,65.2138382847765,66.42177568274494,72.68736897274633,71.88469183523073,73.48750852197897,63.93902105550998,63.44909833682718,64.46604193358444,72.20911949685534,71.36491033971818,73.0568899192035,63.02638774952147,62.36760843561473,63.631601095757496,0.8443396226415094,0.7932692307692307,0.8904125896934116,0.7924528301886793,0.7352838577291382,0.8477238230317508,-0.5400601585999449,-0.9829635016216454,-0.09089852071893675,12.855482636040469,12.232000046778255,13.48303975675713,12.133693373439067,11.547851728107595,12.743884228628438
terminal_science,historical_domain,4,212,250,2.0337708504238443,1.4058382919443675,2.7210170436415155,0.5471698113207547,0.3990378694581281,0.6956521739130435,69.26100628930818,68.42059501775611,70.0406184486373,65.8121410992617,65.2138382847765,66.42177568274494,75.47169811320755,74.6847919634378,76.2319532664396,63.778370248837845,63.13052802642797,64.3937866032059,75.3603249475891,74.57052840884363,76.14459585371533,63.48099535138091,62.74825232196961,64.14419264424392,0.8301886792452831,0.7793303087757314,0.8796296296296297,0.9622641509433962,0.9345717607827652,0.9858490566037735,-0.3794093519278093,-0.8647704149761304,0.13369364208325837,13.42231792908577,12.759767061308146,14.05306576201587,12.133693373439067,11.547851728107595,12.743884228628438
terminal_science,historical_domain,8,212,250,2.8609515996718615,2.217344497607655,3.549494275323793,0.7641509433962265,0.6056338028169014,0.9166762672811058,69.26100628930818,68.42059501775611,70.0406184486373,65.8121410992617,65.2138382847765,66.42177568274494,76.88024109014674,76.06681767795324,77.64150079089089,62.95118949958983,62.26305363673304,63.54855713919168,76.83438155136268,76.00308641975309,77.60903426791279,62.735849056603776,62.0399672951135,63.389964384384626,0.9150943396226415,0.875,0.9507449531536751,0.9811320754716981,0.9613432308236126,0.9954128440366973,0.4477713973202081,-0.07630869387827491,1.00556804167339,13.783212560386474,13.129164686022136,14.417104975756486,12.133693373439067,11.547851728107595,12.743884228628438
terminal_science,historical_domain,16,212,250,3.011348099535138,2.360801617246123,3.751883652286457,0.8349056603773585,0.6819957378680687,0.985986153581119,69.26100628930818,68.42059501775611,70.0406184486373,65.8121410992617,65.2138382847765,66.42177568274494,77.58778825995806,76.77244543650794,78.36154863347647,62.800792999726546,62.13237821789914,63.414792391098835,77.58778825995806,76.77244543650794,78.36154863347647,62.71875854525568,62.02953489883487,63.349205849506355,0.9386792452830188,0.9043062200956937,0.9682272727272725,0.9952830188679245,0.9852923065778035,1.0,0.5981678971834841,0.09013558269851206,1.1815664748271035,13.76498268161517,13.102950117342308,14.415991141711244,12.133693373439067,11.547851728107595,12.743884228628438
terminal_science,historical_domain,32,212,250,4.672545802570411,4.030661231884058,5.408082315051623,1.150943396226415,1.0095693779904307,1.285731622746186,69.26100628930818,68.42059501775611,70.0406184486373,65.8121410992617,65.2138382847765,66.42177568274494,78.26912997903564,77.49728158325493,79.02779423380726,61.13959529669128,60.42001074317492,61.80267636406018,78.26912997903564,77.49728158325493,79.02779423380726,61.13959529669128,60.42001074317492,61.80267636406018,0.9764150943396226,0.9534883720930233,0.9952380952380953,1.0,1.0,1.0,2.2593656002187585,1.7410485933503834,2.865017932952716,13.790618448637318,13.131214057067151,14.431586899306243,12.133693373439067,11.547851728107595,12.743884228628438
terminal_science,historical_domain,64,212,250,3.0113480995351374,2.354922213064084,3.7077744733603843,0.7830188679245284,0.6313296944208313,0.9478734463024233,69.26100628930818,68.42059501775611,70.0406184486373,65.8121410992617,65.2138382847765,66.42177568274494,78.45911949685534,77.67808477615222,79.21168747115496,62.80079299972655,62.08074412659532,63.45350997533937,78.45911949685534,77.67808477615222,79.21168747115496,62.80079299972655,62.08074412659532,63.45350997533937,0.9198113207547169,0.8820754716981132,0.954337899543379,1.0,1.0,1.0,0.5981678971834842,0.06945771105142744,1.1907943847359164,13.551351289763923,12.91258137005062,14.16522999946913,12.133693373439067,11.547851728107595,12.743884228628438
terminal_science,historical_domain,128,212,250,3.0352748154224765,2.355823285157211,3.772276541155259,0.7971698113207547,0.6462264150943396,0.9543482303353374,69.26100628930818,68.42059501775611,70.0406184486373,65.8121410992617,65.2138382847765,66.42177568274494,78.54428721174006,77.76454708485959,79.28519280137319,62.776866283839205,62.04656648847788,63.461062255293854,78.54428721174006,77.76454708485959,79.28519280137319,62.776866283839205,62.04656648847788,63.461062255293854,0.9292452830188679,0.8937118369749135,0.9587155963302753,1.0,1.0,1.0,0.6220946130708235,0.04304207594672596,1.246837485774422,13.309805396044116,12.67738355017567,13.94135392166526,12.133693373439067,11.547851728107595,12.743884228628438
terminal_science,historical_domain,256,212,250,2.4781241454744323,1.7184268536546514,3.2846573208722742,0.6462264150943396,0.48108534040518214,0.8078817733990148,69.26100628930818,68.42059501775611,70.0406184486373,65.8121410992617,65.2138382847765,66.42177568274494,78.67531446540882,77.91004542842778,79.41920666949873,63.33401695378726,62.5407391997781,64.05730761379873,78.67531446540882,77.91004542842778,79.41920666949873,63.33401695378726,62.5407391997781,64.05730761379873,0.8726415094339622,0.8264740917212626,0.9154945226917058,1.0,1.0,1.0,0.06494394312277883,-0.5478361500439719,0.7314994872390232,13.250843131893175,12.622088620383472,13.895582722414106,12.133693373439067,11.547851728107595,12.743884228628438
terminal_science,historical_domain,512,212,250,0.8887065901011751,0.16159311063675705,1.6678137737461098,0.25471698113207547,0.08368270149729214,0.41203761864879956,69.26100628930818,68.42059501775611,70.0406184486373,65.8121410992617,65.2138382847765,66.42177568274494,78.67531446540882,77.91004542842778,79.41920666949873,64.92343450916051,64.11814037936438,65.64351996545322,78.67531446540882,77.91004542842778,79.41920666949873,64.92343450916051,64.11814037936438,65.64351996545322,0.7216981132075472,0.6572769953051644,0.7794198626587199,1.0,1.0,1.0,-1.5244736122504778,-2.1252040045942415,-0.8504889901684066,13.229764834563852,12.601065495448722,13.866997181449111,12.133693373439067,11.547851728107595,12.743884228628438
terminal_science,historical_domain,1024,212,250,-0.6015859994531043,-1.3057176696107464,0.20958571360279013,-0.2358490566037736,-0.38806140530225586,-0.08211791831357053,69.26100628930818,68.42059501775611,70.0406184486373,65.8121410992617,65.2138382847765,66.42177568274494,78.67531446540882,77.91004542842778,79.41920666949873,66.41372709871479,65.56758303443853,67.173955173576,78.67531446540882,77.91004542842778,79.41920666949873,66.41372709871479,65.56758303443853,67.173955173576,0.5094339622641509,0.44327640267946217,0.573545243456234,1.0,1.0,1.0,-3.014766201804758,-3.6231884057971016,-2.299933290142029,13.210110746513537,12.579484662546548,13.844821136102336,12.133693373439067,11.547851728107595,12.743884228628438
terminal_science,historical_domain,2048,212,250,0.21875854525567393,-0.5237385294593531,1.059305873379099,0.03773584905660377,-0.118233021268648,0.19267495457164377,69.26100628930818,68.42059501775611,70.0406184486373,65.8121410992617,65.2138382847765,66.42177568274494,78.67531446540882,77.91004542842778,79.41920666949873,65.59338255400601,64.73529392017267,66.3432880124688,78.67531446540882,77.91004542842778,79.41920666949873,65.59338255400601,64.73529392017267,66.3432880124688,0.6226415094339622,0.5544895756847562,0.6851875352509871,1.0,1.0,1.0,-2.1944216570959796,-2.799041829796001,-1.4993428593791593,13.181341719077572,12.552979914475905,13.81667860775534,12.133693373439067,11.547851728107595,12.743884228628438
