n,d,baseline_pp,public_headroom_pp,headroom_trial_sd_pp,false90_k,false90_I,false90_B,false90_previous_k,false90_status,false90_k_ci_low,false90_k_ci_high,false90_bootstrap_crossed_fraction,score_gap_plus2_k,score_gap_plus2_I,score_gap_plus2_B,score_gap_plus2_previous_k,score_gap_plus2_status,score_gap_plus2_k_ci_low,score_gap_plus2_k_ci_high,score_gap_plus2_bootstrap_crossed_fraction
30,1,14.583610273879335,4.155883000000002,5.148361881923566,inf,inf,inf,2048,right_censored,512.0,inf,0.037,16,15,0.5,8,crossed,8,64,1.0
30,2,14.583610273879335,4.155883000000002,5.148361881923566,inf,inf,inf,2048,right_censored,128.0,inf,0.037,8,14,0.4666666666666667,4,crossed,4,16,1.0
30,3,14.583610273879335,4.155883000000002,5.148361881923566,inf,inf,inf,2048,right_censored,64.0,inf,0.042,4,9,0.3,2,crossed,4,8,1.0
30,6,14.583610273879335,4.155883000000002,5.148361881923566,inf,inf,inf,2048,right_censored,128.0,inf,0.048,4,18,0.6,2,crossed,1,4,1.0
30,9,14.583610273879335,4.155883000000002,5.148361881923566,inf,inf,inf,2048,right_censored,64.0,inf,0.05,1,0,0.0,0,static,1,4,1.0
30,18,14.583610273879335,4.155883000000002,5.148361881923566,inf,inf,inf,2048,right_censored,16.0,inf,0.064,1,0,0.0,0,static,1,1,1.0
66,1,10.625907712209964,4.455491333333334,3.46226554315677,64.0,63.0,0.9545454545454546,32,crossed,32.0,64.0,0.998,32,31,0.4696969696969697,16,crossed,16,64,1.0
66,2,10.625907712209964,4.455491333333334,3.46226554315677,32.0,62.0,0.9393939393939394,16,crossed,16.0,64.0,0.998,16,30,0.45454545454545453,8,crossed,8,32,1.0
66,3,10.625907712209964,4.455491333333334,3.46226554315677,32.0,93.0,1.4090909090909092,16,crossed,16.0,32.0,0.996,16,45,0.6818181818181818,8,crossed,8,32,1.0
66,6,10.625907712209964,4.455491333333334,3.46226554315677,16.0,90.0,1.3636363636363635,8,crossed,8.0,32.0,0.999,8,42,0.6363636363636364,4,crossed,4,16,1.0
66,9,10.625907712209964,4.455491333333334,3.46226554315677,8.0,63.0,0.9545454545454546,4,crossed,4.0,16.0,0.998,4,27,0.4090909090909091,2,crossed,4,8,1.0
66,18,10.625907712209964,4.455491333333334,3.46226554315677,4.0,54.0,0.8181818181818182,2,crossed,4.0,4.0,0.999,1,0,0.0,0,static,1,4,1.0
126,1,8.276950721711662,3.609578111111111,2.501585375238116,64.0,63.0,0.5,32,crossed,32.0,64.0,1.0,64,63,0.5,32,crossed,32,128,1.0
126,2,8.276950721711662,3.609578111111111,2.501585375238116,32.0,62.0,0.49206349206349204,16,crossed,16.0,32.0,1.0,32,62,0.49206349206349204,16,crossed,16,32,1.0
126,3,8.276950721711662,3.609578111111111,2.501585375238116,16.0,45.0,0.35714285714285715,8,crossed,16.0,32.0,1.0,16,45,0.35714285714285715,8,crossed,8,32,1.0
126,6,8.276950721711662,3.609578111111111,2.501585375238116,8.0,42.0,0.3333333333333333,4,crossed,8.0,16.0,1.0,8,42,0.3333333333333333,4,crossed,8,16,1.0
126,9,8.276950721711662,3.609578111111111,2.501585375238116,8.0,63.0,0.5,4,crossed,4.0,8.0,1.0,8,63,0.5,4,crossed,4,8,1.0
126,18,8.276950721711662,3.609578111111111,2.501585375238116,4.0,54.0,0.42857142857142855,2,crossed,4.0,4.0,1.0,1,0,0.0,0,static,1,4,1.0
204,1,6.909765858798739,3.355305333333333,1.91083242675011,64.0,63.0,0.3088235294117647,32,crossed,64.0,64.0,1.0,64,63,0.3088235294117647,32,crossed,64,128,1.0
204,2,6.909765858798739,3.355305333333333,1.91083242675011,32.0,62.0,0.30392156862745096,16,crossed,32.0,32.0,1.0,64,126,0.6176470588235294,32,crossed,32,64,1.0
204,3,6.909765858798739,3.355305333333333,1.91083242675011,16.0,45.0,0.22058823529411764,8,crossed,16.0,32.0,1.0,32,93,0.45588235294117646,16,crossed,16,32,1.0
204,6,6.909765858798739,3.355305333333333,1.91083242675011,8.0,42.0,0.20588235294117646,4,crossed,8.0,16.0,1.0,16,90,0.4411764705882353,8,crossed,8,16,1.0
204,9,6.909765858798739,3.355305333333333,1.91083242675011,8.0,63.0,0.3088235294117647,4,crossed,8.0,8.0,1.0,8,63,0.3088235294117647,4,crossed,8,16,1.0
204,18,6.909765858798739,3.355305333333333,1.91083242675011,4.0,54.0,0.2647058823529412,2,crossed,4.0,4.0,1.0,4,54,0.2647058823529412,2,crossed,1,8,1.0
