kind,outcome,model,scheme,cells,mae_log2_k,rmse_log2_k,mae_submissions,tested_budget_accuracy,within_factor_two,crossing_interval_accuracy,mae_pp,rmse_pp,mae_log2_k_lower_bound,censored_cells,static_cells
threshold,false90,k,leave_cell_out,18,1.241830065359477,1.432446548457167,16.580759243860374,0.16666666666666666,0.4444444444444444,0.16666666666666666,,,,,
threshold,false90,k,leave_n_out,18,1.1851851851851853,1.3642254619787417,15.971735612194955,0.16666666666666666,0.5555555555555556,0.16666666666666666,,,,,
threshold,false90,k,leave_d_out,18,1.4,1.613370063861036,18.27763150841493,0.1111111111111111,0.16666666666666666,0.1111111111111111,,,,,
threshold,false90,I,leave_cell_out,18,0.22678018389978907,0.301535847870955,2.9991553801693165,0.6111111111111112,1.0,0.6111111111111112,,,,,
threshold,false90,I,leave_n_out,18,0.23878472019212488,0.3340437729000079,3.0797820763576436,0.6111111111111112,1.0,0.6111111111111112,,,,,
threshold,false90,I,leave_d_out,18,0.22751895241441047,0.2903177655032426,3.063816052415126,0.6111111111111112,1.0,0.6111111111111112,,,,,
threshold,false90,B,leave_cell_out,18,0.7024580529554435,0.8331367668215295,10.717607814520838,0.3333333333333333,0.7777777777777778,0.3333333333333333,,,,,
threshold,false90,B,leave_n_out,18,0.9815587358953309,1.1396867331309337,16.15461707283474,0.05555555555555555,0.3888888888888889,0.05555555555555555,,,,,
threshold,false90,B,leave_d_out,18,0.6692854072523208,0.7897910100975247,10.132864996321292,0.3888888888888889,0.7777777777777778,0.3888888888888889,,,,,
threshold,false90,B_headroom,leave_cell_out,18,0.7024580529554435,0.8331367668215295,10.717607814520838,0.3333333333333333,0.7777777777777778,0.3333333333333333,,,,,
threshold,false90,B_headroom,leave_n_out,18,0.9815587358953309,1.1396867331309337,16.15461707283474,0.05555555555555555,0.3888888888888889,0.05555555555555555,,,,,
threshold,false90,B_headroom,leave_d_out,18,0.6692854072523208,0.7897910100975247,10.132864996321292,0.3888888888888889,0.7777777777777778,0.3888888888888889,,,,,
threshold,false90,B_headroom_unconstrained,leave_cell_out,18,0.25564417714313215,0.2870796477424018,4.002723958312918,0.5,1.0,0.5,,,,,
threshold,false90,B_headroom_unconstrained,leave_n_out,18,0.49583437661162083,0.6282923813814476,11.254276591416012,0.2222222222222222,0.7777777777777778,0.2222222222222222,,,,,
threshold,false90,B_headroom_unconstrained,leave_d_out,18,0.26605321575803914,0.29652939100489245,4.185277088226091,0.5,1.0,0.5,,,,,
threshold,score_gap_plus2,k,leave_cell_out,20,1.1789473684210525,1.396473595939116,14.775258188334877,0.25,0.5,0.25,,,,,
threshold,score_gap_plus2,k,leave_n_out,20,1.1786904761904762,1.4183569598022567,14.788542260824311,0.2,0.45,0.2,,,,,
threshold,score_gap_plus2,k,leave_d_out,20,1.2634868421052632,1.4884350456239435,15.538129020282707,0.25,0.5,0.25,,,,,
threshold,score_gap_plus2,I,leave_cell_out,20,0.7450571267235012,0.9286071404996047,10.64415281021402,0.5,0.65,0.5,,,,,
threshold,score_gap_plus2,I,leave_n_out,20,0.9238967577164828,1.1291232307106545,13.028891573719568,0.4,0.6,0.4,,,,,
threshold,score_gap_plus2,I,leave_d_out,20,0.7056398063149905,0.8854708339037186,10.080854032409153,0.5,0.7,0.5,,,,,
threshold,score_gap_plus2,B,leave_cell_out,20,0.2879627040118472,0.35023914340722095,4.372063154024231,0.65,1.0,0.65,,,,,
threshold,score_gap_plus2,B,leave_n_out,20,0.2956801718934905,0.35982891829666336,4.486849056061184,0.55,1.0,0.55,,,,,
threshold,score_gap_plus2,B,leave_d_out,20,0.28785505461410754,0.34464452322925887,4.327732477660689,0.65,1.0,0.65,,,,,
threshold,score_gap_plus2,B_headroom,leave_cell_out,20,0.2879627040118472,0.35023914340722095,4.372063154024231,0.65,1.0,0.65,,,,,
threshold,score_gap_plus2,B_headroom,leave_n_out,20,0.2956801718934905,0.35982891829666336,4.486849056061184,0.55,1.0,0.55,,,,,
threshold,score_gap_plus2,B_headroom,leave_d_out,20,0.28785505461410754,0.34464452322925887,4.327732477660689,0.65,1.0,0.65,,,,,
threshold,score_gap_plus2,B_headroom_unconstrained,leave_cell_out,20,0.29924507399644434,0.3400476891804836,4.655622346337219,0.5,1.0,0.5,,,,,
threshold,score_gap_plus2,B_headroom_unconstrained,leave_n_out,20,0.26637567651382443,0.30993643593085884,4.188018039565575,0.5,1.0,0.5,,,,,
threshold,score_gap_plus2,B_headroom_unconstrained,leave_d_out,20,0.289407365107491,0.3328698027653046,4.496091799418835,0.5,1.0,0.5,,,,,
curve,false_selection,k,leave_cell_out,24,,,,,,,9.41399394855128,13.192210945337433,,,
curve,false_selection,k,leave_n_out,24,,,,,,,10.236503124962969,13.617866831512444,,,
curve,false_selection,k,leave_d_out,24,,,,,,,9.933700510005085,14.31098584416696,,,
curve,false_selection,I,leave_cell_out,24,,,,,,,6.750983100724215,8.800515910710882,,,
curve,false_selection,I,leave_n_out,24,,,,,,,7.805570176226394,9.971972854511819,,,
curve,false_selection,I,leave_d_out,24,,,,,,,6.825225617831581,9.079704744481502,,,
curve,false_selection,B,leave_cell_out,24,,,,,,,8.89503232378253,10.948559846618823,,,
curve,false_selection,B,leave_n_out,24,,,,,,,10.583976160912165,12.526189291580636,,,
curve,false_selection,B,leave_d_out,24,,,,,,,8.837378644358495,11.265789409838394,,,
curve,false_selection,B_headroom,leave_cell_out,24,,,,,,,8.895032191754533,10.948559729455132,,,
curve,false_selection,B_headroom,leave_n_out,24,,,,,,,10.583976454504317,12.5261897135583,,,
curve,false_selection,B_headroom,leave_d_out,24,,,,,,,8.837378766710982,11.265789549429485,,,
curve,false_selection,B_headroom_unconstrained,leave_cell_out,24,,,,,,,8.323229013997292,10.792491531522481,,,
curve,false_selection,B_headroom_unconstrained,leave_n_out,24,,,,,,,14.079864396236845,18.34902822789087,,,
curve,false_selection,B_headroom_unconstrained,leave_d_out,24,,,,,,,8.133680569937221,10.849515073774285,,,
threshold_all_cells,false90,B,leave_cell_out,24,,,,0.25,,,,,2.706970254777495,6.0,0.0
threshold_all_cells,false90,B_headroom,leave_cell_out,24,,,,0.25,,,,,2.706970254777495,6.0,0.0
threshold_all_cells,false90,B_headroom_unconstrained,leave_cell_out,24,,,,0.375,,,,,2.2550148993818446,6.0,0.0
threshold_all_cells,false90,I,leave_cell_out,24,,,,0.4583333333333333,,,,,1.9355331566480745,6.0,0.0
threshold_all_cells,false90,k,leave_cell_out,24,,,,0.125,,,,,2.695261437908497,6.0,0.0
threshold_all_cells,score_gap_plus2,B,leave_cell_out,24,0.46949102869937437,,,0.5416666666666666,,,,,,0.0,4.0
threshold_all_cells,score_gap_plus2,B_headroom,leave_cell_out,24,0.46949102869937437,,,0.5416666666666666,,,,,,0.0,4.0
threshold_all_cells,score_gap_plus2,B_headroom_unconstrained,leave_cell_out,24,0.4865049677055367,,,0.4166666666666667,,,,,,0.0,4.0
threshold_all_cells,score_gap_plus2,I,leave_cell_out,24,0.93753012784107,,,0.4166666666666667,,,,,,0.0,4.0
threshold_all_cells,score_gap_plus2,k,leave_cell_out,24,1.6157894736842104,,,0.20833333333333334,,,,,,0.0,4.0
