comparison,new_submissions,metric,difference,ci_low,ci_high
category minus task,1,false_winner,-6.4,-12.8,0.4
category minus task,1,heldout_regret_pp,-0.21662322136134032,-0.5719877053817101,0.15852341235945294
category minus task,1,reused_gain_static_pp,0.0,0.0,0.0
category minus task,1,heldout_gain_static_pp,0.0,0.0,0.0
category minus task,1,distinguishability,0.0,0.0,0.0
category minus task,1,reused_score_pp,-1.8753256722840066,-2.0853461259213586,-1.676004329080298
category minus task,1,heldout_score_pp,0.21662322136134066,-0.15852341235945275,0.57198770538171
aggregate minus task,1,false_winner,-69.2,-74.8,-63.2
aggregate minus task,1,heldout_regret_pp,-1.8779399520599966,-2.1970681055136043,-1.535246888948857
aggregate minus task,1,reused_gain_static_pp,0.0,0.0,0.0
aggregate minus task,1,heldout_gain_static_pp,0.0,0.0,0.0
aggregate minus task,1,distinguishability,-0.0023921816144747863,-0.0055764424368703654,0.0
aggregate minus task,1,reused_score_pp,-3.381960785764845,-3.5906576238009142,-3.1612823006502704
aggregate minus task,1,heldout_score_pp,1.8779399520599973,1.5352468889488569,2.197068105513604
aggregate minus category,1,false_winner,-62.8,-68.8,-56.8
aggregate minus category,1,heldout_regret_pp,-1.6613167306986563,-1.9892223527733623,-1.3107390036773143
aggregate minus category,1,reused_gain_static_pp,0.0,0.0,0.0
aggregate minus category,1,heldout_gain_static_pp,0.0,0.0,0.0
aggregate minus category,1,distinguishability,-0.0023921816144747863,-0.0055764424368703654,0.0
aggregate minus category,1,reused_score_pp,-1.5066351134808387,-1.6879133027443032,-1.3259107881276195
aggregate minus category,1,heldout_score_pp,1.6613167306986565,1.3107390036773143,1.9892223527733628
category minus task,2,false_winner,-47.6,-54.4,-41.2
category minus task,2,heldout_regret_pp,0.9294980860119497,0.5812260389851578,1.280882603636493
category minus task,2,reused_gain_static_pp,-0.575260963986349,-0.7461365059899729,-0.3926251258740741
category minus task,2,heldout_gain_static_pp,-1.14612130737329,-1.3691852886156757,-0.9147264730266709
category minus task,2,distinguishability,0.0,0.0,0.0
category minus task,2,reused_score_pp,-2.450586636270356,-2.687018531775068,-2.2061280446123535
category minus task,2,heldout_score_pp,-0.9294980860119499,-1.2808826036364933,-0.5812260389851575
aggregate minus task,2,false_winner,-74.8,-80.0,-69.6
aggregate minus task,2,heldout_regret_pp,0.12001360790303144,-0.23861557002206216,0.48782844956339044
aggregate minus task,2,reused_gain_static_pp,-0.7158584686517396,-0.9235766343544485,-0.49729368978635974
aggregate minus task,2,heldout_gain_static_pp,-1.997953559963028,-2.2538096139106205,-1.7514368555731066
aggregate minus task,2,distinguishability,-0.0023921816144747863,-0.0055764424368703654,0.0
aggregate minus task,2,reused_score_pp,-4.097819254416585,-4.345259304802429,-3.8304448295978144
aggregate minus task,2,heldout_score_pp,-0.12001360790303144,-0.48782844956339066,0.23861557002206213
aggregate minus category,2,false_winner,-27.2,-32.8,-21.2
aggregate minus category,2,heldout_regret_pp,-0.8094844781089184,-1.0978140411052935,-0.5314102406705967
aggregate minus category,2,reused_gain_static_pp,-0.14059750466539062,-0.32254823276374384,0.0489028081841799
aggregate minus category,2,heldout_gain_static_pp,-0.8518322525897379,-1.1368107953844595,-0.565543354281427
aggregate minus category,2,distinguishability,-0.0023921816144747863,-0.0055764424368703654,0.0
aggregate minus category,2,reused_score_pp,-1.6472326181462296,-1.8313905052240746,-1.449177906554616
aggregate minus category,2,heldout_score_pp,0.8094844781089185,0.531410240670597,1.0978140411052935
category minus task,4,false_winner,-20.0,-25.6,-14.4
category minus task,4,heldout_regret_pp,0.8394900824249397,0.5099133332239566,1.1898846717614595
category minus task,4,reused_gain_static_pp,-1.4209745850473905,-1.6076316027301754,-1.2360368829960504
category minus task,4,heldout_gain_static_pp,-1.05611330378628,-1.2999000803240426,-0.8083369849284165
category minus task,4,distinguishability,0.0,0.0,0.0
category minus task,4,reused_score_pp,-3.296300257331398,-3.5537350736029194,-3.050972222616343
category minus task,4,heldout_score_pp,-0.8394900824249398,-1.1898846717614595,-0.5099133332239573
aggregate minus task,4,false_winner,-80.8,-85.6,-75.6
aggregate minus task,4,heldout_regret_pp,-0.10852363614032506,-0.44914637532731544,0.2328490679226677
aggregate minus task,4,reused_gain_static_pp,-2.660594641711087,-2.8815700261357735,-2.442892386796218
aggregate minus task,4,heldout_gain_static_pp,-1.7694163159196716,-2.0595038817586584,-1.498544286891772
aggregate minus task,4,distinguishability,-0.0023921816144747863,-0.0055764424368703654,0.0
aggregate minus task,4,reused_score_pp,-6.042555427475932,-6.282270839728866,-5.77872642279236
aggregate minus task,4,heldout_score_pp,0.10852363614032506,-0.2328490679226676,0.44914637532731533
aggregate minus category,4,false_winner,-60.8,-67.2,-54.0
aggregate minus category,4,heldout_regret_pp,-0.948013718565265,-1.225687011024568,-0.6899519925628871
aggregate minus category,4,reused_gain_static_pp,-1.2396200566636961,-1.4568480271088429,-1.0301659904239167
aggregate minus category,4,heldout_gain_static_pp,-0.7133030121333915,-1.0000111292454978,-0.4327452164640048
aggregate minus category,4,distinguishability,-0.0023921816144747863,-0.0055764424368703654,0.0
aggregate minus category,4,reused_score_pp,-2.7462551701445346,-2.9705331542406617,-2.5007141239867305
aggregate minus category,4,heldout_score_pp,0.9480137185652648,0.6899519925628873,1.2256870110245675
category minus task,8,false_winner,-5.6,-8.8,-2.8
category minus task,8,heldout_regret_pp,0.8705048123353699,0.543713953553915,1.1951236264129905
category minus task,8,reused_gain_static_pp,-1.377130054076889,-1.5582866191000457,-1.1801768645493533
category minus task,8,heldout_gain_static_pp,-1.0871280336967106,-1.353795540920423,-0.8308619256487084
category minus task,8,distinguishability,0.0,0.0,0.0
category minus task,8,reused_score_pp,-3.2524557263608957,-3.5027857310980135,-3.0026659682246253
category minus task,8,heldout_score_pp,-0.8705048123353701,-1.1951236264129912,-0.5437139535539154
aggregate minus task,8,false_winner,-62.4,-68.4,-56.39000000000005
aggregate minus task,8,heldout_regret_pp,-0.6944847120766208,-1.0382459576550862,-0.3503493125777056
aggregate minus task,8,reused_gain_static_pp,-3.263796912448592,-3.4760075772484433,-3.039834372275044
aggregate minus task,8,heldout_gain_static_pp,-1.183455239983376,-1.4761014754808737,-0.9041087838746693
aggregate minus task,8,distinguishability,-0.0023921816144747863,-0.0055764424368703654,0.0
aggregate minus task,8,reused_score_pp,-6.645757698213438,-6.908041411689098,-6.375728836844403
aggregate minus task,8,heldout_score_pp,0.6944847120766208,0.35034931257770563,1.038245957655086
aggregate minus category,8,false_winner,-56.8,-63.2,-50.4
aggregate minus category,8,heldout_regret_pp,-1.5649895244119907,-1.8641293888330455,-1.2775515485322435
aggregate minus category,8,reused_gain_static_pp,-1.8866668583717037,-2.1108419604686732,-1.6709545245923982
aggregate minus category,8,heldout_gain_static_pp,-0.09632720628666568,-0.3966512882181687,0.2333444213023959
aggregate minus category,8,distinguishability,-0.0023921816144747863,-0.0055764424368703654,0.0
aggregate minus category,8,reused_score_pp,-3.3933019718525412,-3.622072958755274,-3.1609547765328716
aggregate minus category,8,heldout_score_pp,1.564989524411991,1.277551548532243,1.8641293888330461
category minus task,16,false_winner,0.8,-1.2,2.8
category minus task,16,heldout_regret_pp,0.6570550464180718,0.31967414982333175,1.0061361484091584
category minus task,16,reused_gain_static_pp,-0.5497771014965399,-0.7263014073520729,-0.37943517297998236
category minus task,16,heldout_gain_static_pp,-0.8736782677794122,-1.1090610446546463,-0.6416385279292206
category minus task,16,distinguishability,0.0,0.0,0.0
category minus task,16,reused_score_pp,-2.425102773780546,-2.6667663566432864,-2.185972029813492
category minus task,16,heldout_score_pp,-0.6570550464180719,-1.0061361484091587,-0.31967414982333175
aggregate minus task,16,false_winner,-26.8,-32.4,-21.6
aggregate minus task,16,heldout_regret_pp,-0.3199381027575562,-0.6521795734375662,0.02731746820635964
aggregate minus task,16,reused_gain_static_pp,-3.1424169437483407,-3.359112368695399,-2.9288308391163174
aggregate minus task,16,heldout_gain_static_pp,-1.5580018493024403,-1.8506294369561709,-1.271161571591855
aggregate minus task,16,distinguishability,-0.0023921816144747863,-0.0055764424368703654,0.0
aggregate minus task,16,reused_score_pp,-6.524377729513186,-6.794461389870931,-6.253535008366771
aggregate minus task,16,heldout_score_pp,0.3199381027575563,-0.02731746820636023,0.6521795734375659
aggregate minus category,16,false_winner,-27.6,-33.6,-22.0
aggregate minus category,16,heldout_regret_pp,-0.976993149175628,-1.2863466788680604,-0.6807684597981252
aggregate minus category,16,reused_gain_static_pp,-2.5926398422518004,-2.7847750423172126,-2.407342471496791
aggregate minus category,16,heldout_gain_static_pp,-0.6843235815230284,-1.004785635042651,-0.3585861728650759
aggregate minus category,16,distinguishability,-0.0023921816144747863,-0.0055764424368703654,0.0
aggregate minus category,16,reused_score_pp,-4.099274955732639,-4.313640154468797,-3.881961415304455
aggregate minus category,16,heldout_score_pp,0.9769931491756281,0.680768459798125,1.2863466788680604
category minus task,32,false_winner,0.0,-2.0,2.0
category minus task,32,heldout_regret_pp,0.49488987901113557,0.14794802083037265,0.8563272065696397
category minus task,32,reused_gain_static_pp,0.4322855341400639,0.2719342754289907,0.5974438495273997
category minus task,32,heldout_gain_static_pp,-0.711513100372476,-0.948380497019223,-0.4600215706418839
category minus task,32,distinguishability,0.0,0.0,0.0
category minus task,32,reused_score_pp,-1.4430401381439426,-1.681270237564039,-1.203511282623925
category minus task,32,heldout_score_pp,-0.49488987901113535,-0.85632720656964,-0.14794802083037295
aggregate minus task,32,false_winner,-2.4,-4.8,0.0
aggregate minus task,32,heldout_regret_pp,0.3193142930967342,-0.02303854172239364,0.6768856264893819
aggregate minus task,32,reused_gain_static_pp,-2.0504216265511404,-2.2458465497027387,-1.8435214232485038
aggregate minus task,32,heldout_gain_static_pp,-2.197254245156731,-2.452234120144182,-1.9361338380745328
aggregate minus task,32,distinguishability,-0.0023921816144747863,-0.0055764424368703654,0.0
aggregate minus task,32,reused_score_pp,-5.432382412315986,-5.676001747718841,-5.171132900191369
aggregate minus task,32,heldout_score_pp,-0.31931429309673387,-0.6768856264893817,0.023038541722393825
aggregate minus category,32,false_winner,-2.4,-5.2,0.0
aggregate minus category,32,heldout_regret_pp,-0.17557558591440142,-0.4843449211286963,0.12168318950849878
aggregate minus category,32,reused_gain_static_pp,-2.4827071606912043,-2.6688388797608473,-2.28653716877918
aggregate minus category,32,heldout_gain_static_pp,-1.485741144784255,-1.7861731493795914,-1.190871242119592
aggregate minus category,32,distinguishability,-0.0023921816144747863,-0.0055764424368703654,0.0
aggregate minus category,32,reused_score_pp,-3.9893422741720435,-4.21818605505973,-3.759257035054652
aggregate minus category,32,heldout_score_pp,0.17557558591440148,-0.12168318950849923,0.4843449211286962
category minus task,64,false_winner,0.4,0.0,1.2
category minus task,64,heldout_regret_pp,0.3974069259480139,0.06761339931989253,0.7562428977585753
category minus task,64,reused_gain_static_pp,0.9031765531864171,0.7404783649258254,1.0674407821226546
category minus task,64,heldout_gain_static_pp,-0.6140301473093541,-0.8435744150736646,-0.3963242973050895
category minus task,64,distinguishability,0.0,0.0,0.0
category minus task,64,reused_score_pp,-0.9721491190975902,-1.1985381299921294,-0.7352185721454453
category minus task,64,heldout_score_pp,-0.39740692594801375,-0.7562428977585753,-0.06761339931989253
aggregate minus task,64,false_winner,0.0,0.0,0.0
aggregate minus task,64,heldout_regret_pp,-0.19079377584386956,-0.5201928371735025,0.12513858802825495
aggregate minus task,64,reused_gain_static_pp,-0.3706365280398785,-0.5680243173019772,-0.1754506671174231
aggregate minus task,64,heldout_gain_static_pp,-1.687146176216127,-1.937447831451116,-1.4219586967372924
aggregate minus task,64,distinguishability,-0.0023921816144747863,-0.0055764424368703654,0.0
aggregate minus task,64,reused_score_pp,-3.752597313804724,-3.9926823180481454,-3.506605511995562
aggregate minus task,64,heldout_score_pp,0.19079377584386975,-0.12513858802825534,0.5201928371735028
aggregate minus category,64,false_winner,-0.4,-1.2,0.0
aggregate minus category,64,heldout_regret_pp,-0.5882007017918833,-0.8907938727751875,-0.31677844101335767
aggregate minus category,64,reused_gain_static_pp,-1.2738130812262958,-1.4658156385507712,-1.0888599366572949
aggregate minus category,64,heldout_gain_static_pp,-1.0731160289067732,-1.3626544708245467,-0.7862230303784248
aggregate minus category,64,distinguishability,-0.0023921816144747863,-0.0055764424368703654,0.0
aggregate minus category,64,reused_score_pp,-2.7804481947071342,-2.9887005705260936,-2.564063465933161
aggregate minus category,64,heldout_score_pp,0.5882007017918834,0.3167784410133577,0.8907938727751877
category minus task,128,false_winner,0.8,0.0,2.0
category minus task,128,heldout_regret_pp,0.35898358424668747,0.0712716708233029,0.6663452524884809
category minus task,128,reused_gain_static_pp,1.1718832435766318,1.0183403916760103,1.3245643885132323
category minus task,128,heldout_gain_static_pp,-0.5756068056080278,-0.8168056654336457,-0.3349712858549667
category minus task,128,distinguishability,0.0,0.0,0.0
category minus task,128,reused_score_pp,-0.7034424287073755,-0.9333872802207616,-0.4701177744435212
category minus task,128,heldout_score_pp,-0.3589835842466874,-0.666345252488481,-0.07127167082330306
aggregate minus task,128,false_winner,0.8,0.0,2.0
aggregate minus task,128,heldout_regret_pp,-0.44488678565557305,-0.7478672929334814,-0.1290763222088991
aggregate minus task,128,reused_gain_static_pp,1.1372989019194324,0.9618839382632088,1.3193341313846092
aggregate minus task,128,heldout_gain_static_pp,-1.4330531664044237,-1.701727797551127,-1.1608774005944258
aggregate minus task,128,distinguishability,-0.0023921816144747863,-0.0055764424368703654,0.0
aggregate minus task,128,reused_score_pp,-2.244661883845413,-2.4804704606661785,-2.006379127772531
aggregate minus task,128,heldout_score_pp,0.44488678565557305,0.12907632220889875,0.7478672929334812
aggregate minus category,128,false_winner,0.0,0.0,0.0
aggregate minus category,128,heldout_regret_pp,-0.8038703699022604,-1.1002613100459069,-0.5410296813603764
aggregate minus category,128,reused_gain_static_pp,-0.03458434165719927,-0.20095653397706412,0.1376479768743232
aggregate minus category,128,heldout_gain_static_pp,-0.8574463607963958,-1.1410288715415207,-0.5426964721368028
aggregate minus category,128,distinguishability,-0.0023921816144747863,-0.0055764424368703654,0.0
aggregate minus category,128,reused_score_pp,-1.5412194551380378,-1.739964034753925,-1.3326513853825688
aggregate minus category,128,heldout_score_pp,0.8038703699022604,0.541029681360376,1.1002613100459067
