n,d,k,score_gap_mean_pp,baseline_pp,false_selection
30,1,1,9.104621318081143,9.104621318081143,0.148
30,1,2,9.351566731670326,9.104621318081143,0.24
30,1,4,9.671291625862468,9.104621318081143,0.424
30,1,8,10.18858241181299,9.104621318081143,0.552
30,1,16,10.620937688862616,9.104621318081143,0.6960000000000001
30,1,32,11.221204353327025,9.104621318081143,0.7920000000000001
30,1,64,11.480427271093385,9.104621318081143,0.848
30,1,128,11.697364784381396,9.104621318081143,0.848
30,1,256,11.732367704510358,9.104621318081143,0.852
30,1,512,11.732152131795248,9.104621318081143,0.856
30,1,1024,11.738135364529874,9.104621318081143,0.844
30,1,2048,11.728112616591591,9.104621318081143,0.84
30,2,1,9.384956966633853,9.104621318081143,0.2853333333333333
30,2,2,9.467724463934964,9.104621318081143,0.3426666666666667
30,2,4,10.047471215475936,9.104621318081143,0.5746666666666668
30,2,8,10.603447153684993,9.104621318081143,0.6853333333333333
30,2,16,11.092065631601717,9.104621318081143,0.7626666666666667
30,2,32,11.51772495174103,9.104621318081143,0.8213333333333334
30,2,64,11.664933834147314,9.104621318081143,0.8533333333333334
30,2,128,11.746393839266004,9.104621318081143,0.852
30,2,256,11.76166305754422,9.104621318081143,0.856
30,2,512,11.751118461245838,9.104621318081143,0.8533333333333334
30,2,1024,11.74245270982548,9.104621318081143,0.856
30,2,2048,11.729283309023154,9.104621318081143,0.8546666666666667
30,3,1,9.592547900158335,9.104621318081143,0.4333333333333333
30,3,2,9.648740360848535,9.104621318081143,0.428
30,3,4,10.371764379915012,9.104621318081143,0.664
30,3,8,11.003385706922645,9.104621318081143,0.7559999999999999
30,3,16,11.420414705386849,9.104621318081143,0.8093333333333333
30,3,32,11.683558681601644,9.104621318081143,0.844
30,3,64,11.730391973430017,9.104621318081143,0.8546666666666667
30,3,128,11.774321135292396,9.104621318081143,0.852
30,3,256,11.772755688015678,9.104621318081143,0.8546666666666667
30,3,512,11.754345384772195,9.104621318081143,0.852
30,3,1024,11.743874609986513,9.104621318081143,0.8573333333333334
30,3,2048,11.729801827541673,9.104621318081143,0.86
30,6,1,10.272892143542972,9.104621318081143,0.6093333333333333
30,6,2,10.19788857908854,9.104621318081143,0.6026666666666666
30,6,4,11.014849900798252,9.104621318081143,0.7746666666666666
30,6,8,11.434946993637295,9.104621318081143,0.8026666666666668
30,6,16,11.673668919958226,9.104621318081143,0.8333333333333334
30,6,32,11.7833079704328,9.104621318081143,0.8493333333333334
30,6,64,11.78995025647428,9.104621318081143,0.8546666666666667
30,6,128,11.799514923107417,9.104621318081143,0.8533333333333334
30,6,256,11.787645331632149,9.104621318081143,0.8546666666666667
30,6,512,11.75951136463874,9.104621318081143,0.856
30,6,1024,11.746930165542068,9.104621318081143,0.8546666666666667
30,6,2048,11.731612616591592,9.104621318081143,0.8626666666666667
30,9,1,10.635007146246616,9.104621318081143,0.7173333333333334
30,9,2,10.597328847570388,9.104621318081143,0.6906666666666667
30,9,4,11.319616948085192,9.104621318081143,0.7973333333333334
30,9,8,11.620048620226756,9.104621318081143,0.8253333333333334
30,9,16,11.7685300369097,9.104621318081143,0.8426666666666667
30,9,32,11.820025768743264,9.104621318081143,0.8453333333333334
30,9,64,11.808468128388196,9.104621318081143,0.8573333333333334
30,9,128,11.805338198631407,9.104621318081143,0.8546666666666667
30,9,256,11.790768788422277,9.104621318081143,0.8573333333333334
30,9,512,11.76059161155232,9.104621318081143,0.8533333333333334
30,9,1024,11.74671587982778,9.104621318081143,0.8626666666666667
30,9,2048,11.731612616591592,9.104621318081143,0.8613333333333334
30,18,1,11.42192105843908,9.104621318081143,0.8039999999999999
30,18,2,11.345783353357282,9.104621318081143,0.7879999999999999
30,18,4,11.717793274398687,9.104621318081143,0.84
30,18,8,11.830483961847609,9.104621318081143,0.844
30,18,16,11.863575705935318,9.104621318081143,0.856
30,18,32,11.865188363000533,9.104621318081143,0.844
30,18,64,11.828722964948067,9.104621318081143,0.86
30,18,128,11.813990592086745,9.104621318081143,0.86
30,18,256,11.793094953296825,9.104621318081143,0.86
30,18,512,11.761502105379485,9.104621318081143,0.86
30,18,1024,11.747615350727251,9.104621318081143,0.86
30,18,2048,11.731612616591592,9.104621318081143,0.864
66,1,1,5.998900366005813,5.998900366005813,0.112
66,1,2,6.083039253801133,5.998900366005813,0.26
66,1,4,6.225451570993735,5.998900366005813,0.4040000000000001
66,1,8,6.711003135086268,5.998900366005813,0.62
66,1,16,7.290860111677226,5.998900366005813,0.7920000000000001
66,1,32,7.959985389231297,5.998900366005813,0.884
66,1,64,8.60833233380545,5.998900366005813,0.944
66,1,128,9.001883642456558,5.998900366005813,0.948
66,1,256,9.199033460958072,5.998900366005813,0.948
66,1,512,9.202767865071715,5.998900366005813,0.944
66,1,1024,9.21124883781874,5.998900366005813,0.944
66,1,2048,9.195458867072638,5.998900366005813,0.948
66,2,1,6.13904810972393,5.998900366005813,0.2973333333333333
66,2,2,6.142413038172425,5.998900366005813,0.3586666666666667
66,2,4,6.5222783460141,5.998900366005813,0.6
66,2,8,7.203553589363708,5.998900366005813,0.7533333333333333
66,2,16,7.939306349137198,5.998900366005813,0.8773333333333334
66,2,32,8.632563281538062,5.998900366005813,0.924
66,2,64,9.013820186404418,5.998900366005813,0.944
66,2,128,9.216704922365894,5.998900366005813,0.9493333333333333
66,2,256,9.281568040741185,5.998900366005813,0.9453333333333332
66,2,512,9.25901230693071,5.998900366005813,0.9453333333333332
66,2,1024,9.2382825138007,5.998900366005813,0.948
66,2,2048,9.207030185433965,5.998900366005813,0.944
66,3,1,6.267394538249227,5.998900366005813,0.4333333333333333
66,3,2,6.2491771132815765,5.998900366005813,0.4533333333333333
66,3,4,6.778889178518295,5.998900366005813,0.7120000000000001
66,3,8,7.606456370141466,5.998900366005813,0.8186666666666668
66,3,16,8.388908372006147,5.998900366005813,0.884
66,3,32,8.951308511112225,5.998900366005813,0.932
66,3,64,9.170892179256288,5.998900366005813,0.9453333333333332
66,3,128,9.280725443133685,5.998900366005813,0.9466666666666668
66,3,256,9.31839820915751,5.998900366005813,0.9453333333333332
66,3,512,9.272720226235354,5.998900366005813,0.9426666666666668
66,3,1024,9.24652004402041,5.998900366005813,0.9453333333333332
66,3,2048,9.212170113463635,5.998900366005813,0.9466666666666668
66,6,1,6.713579408325302,5.998900366005813,0.5973333333333334
66,6,2,6.578579834971748,5.998900366005813,0.6266666666666666
66,6,4,7.573225939663803,5.998900366005813,0.8426666666666667
66,6,8,8.415221393786759,5.998900366005813,0.896
66,6,16,8.990056679099759,5.998900366005813,0.9186666666666669
66,6,32,9.240447313625554,5.998900366005813,0.9386666666666666
66,6,64,9.313759166042551,5.998900366005813,0.9426666666666668
66,6,128,9.357875795431823,5.998900366005813,0.9453333333333332
66,6,256,9.355086570898996,5.998900366005813,0.944
66,6,512,9.291892929468084,5.998900366005813,0.9453333333333332
66,6,1024,9.257572447596004,5.998900366005813,0.9426666666666668
66,6,2048,9.217252134993611,5.998900366005813,0.952
66,9,1,7.039747065647606,5.998900366005813,0.7559999999999999
66,9,2,6.873185363214769,5.998900366005813,0.7173333333333334
66,9,4,8.080223613679655,5.998900366005813,0.876
66,9,8,8.79669927146512,5.998900366005813,0.9213333333333334
66,9,16,9.17403447305864,5.998900366005813,0.932
66,9,32,9.353026175852042,5.998900366005813,0.9413333333333332
66,9,64,9.354568484572257,5.998900366005813,0.94
66,9,128,9.37597234369345,5.998900366005813,0.9466666666666668
66,9,256,9.361673929546583,5.998900366005813,0.9466666666666668
66,9,512,9.296955609725565,5.998900366005813,0.944
66,9,1024,9.259277646583811,5.998900366005813,0.9493333333333333
66,9,2048,9.218477531711764,5.998900366005813,0.9493333333333333
66,18,1,7.888043286095041,5.998900366005813,0.8119999999999999
66,18,2,7.64938672621983,5.998900366005813,0.848
66,18,4,8.839896191353912,5.998900366005813,0.932
66,18,8,9.301381071194411,5.998900366005813,0.94
66,18,16,9.418976398760664,5.998900366005813,0.948
66,18,32,9.449563962740893,5.998900366005813,0.94
66,18,64,9.424273385034676,5.998900366005813,0.944
66,18,128,9.407404570650192,5.998900366005813,0.948
66,18,256,9.376774493857956,5.998900366005813,0.944
66,18,512,9.30219315946202,5.998900366005813,0.948
66,18,1024,9.261394768540496,5.998900366005813,0.948
66,18,2048,9.219185897420129,5.998900366005813,0.952
126,1,1,4.595614870889747,4.595614870889747,0.072
126,1,2,4.617399251388313,4.595614870889747,0.132
126,1,4,4.688246637583286,4.595614870889747,0.264
126,1,8,4.966822939516492,4.595614870889747,0.508
126,1,16,5.33164234364675,4.595614870889747,0.7319999999999999
126,1,32,5.949886592920577,4.595614870889747,0.888
126,1,64,6.835151835612106,4.595614870889747,0.96
126,1,128,7.717447981446974,4.595614870889747,0.984
126,1,256,8.163236649698431,4.595614870889747,0.98
126,1,512,8.330867534316802,4.595614870889747,0.988
126,1,1024,8.391220119102323,4.595614870889747,0.988
126,1,2048,8.402463200557955,4.595614870889747,0.984
126,2,1,4.677759638208574,4.595614870889747,0.2466666666666666
126,2,2,4.6531225312306495,4.595614870889747,0.208
126,2,4,4.800198844708572,4.595614870889747,0.428
126,2,8,5.302496053124675,4.595614870889747,0.6973333333333334
126,2,16,6.010946938856705,4.595614870889747,0.868
126,2,32,6.89280388418393,4.595614870889747,0.956
126,2,64,7.767368815084528,4.595614870889747,0.976
126,2,128,8.240089100508806,4.595614870889747,0.9826666666666668
126,2,256,8.406142254249525,4.595614870889747,0.9826666666666668
126,2,512,8.448031642957902,4.595614870889747,0.984
126,2,1024,8.458095730215653,4.595614870889747,0.9826666666666668
126,2,2048,8.42891516117976,4.595614870889747,0.9786666666666668
126,3,1,4.757525552798176,4.595614870889747,0.3666666666666667
126,3,2,4.694879297335309,4.595614870889747,0.3066666666666667
126,3,4,4.976645120164842,4.595614870889747,0.5853333333333334
126,3,8,5.656902024457384,4.595614870889747,0.8266666666666667
126,3,16,6.576455602456517,4.595614870889747,0.9186666666666669
126,3,32,7.492866606519485,4.595614870889747,0.972
126,3,64,8.113637203866249,4.595614870889747,0.976
126,3,128,8.384928325161171,4.595614870889747,0.9813333333333332
126,3,256,8.486463585092931,4.595614870889747,0.9826666666666668
126,3,512,8.483204385952332,4.595614870889747,0.9853333333333332
126,3,1024,8.478030479715514,4.595614870889747,0.9813333333333332
126,3,2048,8.439176976893956,4.595614870889747,0.9866666666666668
126,6,1,5.080324283862002,4.595614870889747,0.5733333333333334
126,6,2,4.819901591918583,4.595614870889747,0.5106666666666667
126,6,4,5.533787686105879,4.595614870889747,0.7706666666666667
126,6,8,6.597217473103233,4.595614870889747,0.9186666666666669
126,6,16,7.551836521557687,4.595614870889747,0.9453333333333332
126,6,32,8.166194252932064,4.595614870889747,0.9733333333333332
126,6,64,8.458693428302292,4.595614870889747,0.972
126,6,128,8.545406793268983,4.595614870889747,0.98
126,6,256,8.580302943085501,4.595614870889747,0.9826666666666668
126,6,512,8.528447169001543,4.595614870889747,0.9853333333333332
126,6,1024,8.498749062063004,4.595614870889747,0.9826666666666668
126,6,2048,8.450115032534223,4.595614870889747,0.9866666666666668
126,9,1,5.297923949143193,4.595614870889747,0.7160000000000001
126,9,2,4.991221594433347,4.595614870889747,0.6186666666666666
126,9,4,6.008715086192069,4.595614870889747,0.8773333333333334
126,9,8,7.150337763359332,4.595614870889747,0.9453333333333332
126,9,16,7.974994343270128,4.595614870889747,0.9546666666666668
126,9,32,8.38740037759259,4.595614870889747,0.976
126,9,64,8.533153240253592,4.595614870889747,0.9746666666666668
126,9,128,8.603858898092364,4.595614870889747,0.9786666666666668
126,9,256,8.60599943205086,4.595614870889747,0.9786666666666668
126,9,512,8.539502295410276,4.595614870889747,0.9826666666666668
126,9,1024,8.506738333197701,4.595614870889747,0.9786666666666668
126,9,2048,8.45185440245332,4.595614870889747,0.984
126,18,1,6.005000531017526,4.595614870889747,0.7399999999999999
126,18,2,5.536318773059828,4.595614870889747,0.7639999999999999
126,18,4,7.0171716464154885,4.595614870889747,0.952
126,18,8,8.029987191228322,4.595614870889747,0.964
126,18,16,8.511783275136992,4.595614870889747,0.972
126,18,32,8.677658136244165,4.595614870889747,0.968
126,18,64,8.679173232899469,4.595614870889747,0.96
126,18,128,8.673235477672819,4.595614870889747,0.98
126,18,256,8.63983478952695,4.595614870889747,0.98
126,18,512,8.556262447552552,4.595614870889747,0.984
126,18,1024,8.5127893609538,4.595614870889747,0.976
126,18,2048,8.45571690848131,4.595614870889747,0.984
204,1,1,4.020153450608524,4.020153450608524,0.028
204,1,2,4.022376390568383,4.020153450608524,0.088
204,1,4,4.0496759428991975,4.020153450608524,0.212
204,1,8,4.19975781134697,4.020153450608524,0.448
204,1,16,4.361555009786154,4.020153450608524,0.664
204,1,32,4.816069924251385,4.020153450608524,0.84
204,1,64,5.693937120884402,4.020153450608524,0.96
204,1,128,6.724807738828203,4.020153450608524,0.996
204,1,256,7.463922545786502,4.020153450608524,1.0
204,1,512,7.806836277758284,4.020153450608524,0.996
204,1,1024,7.950123077378188,4.020153450608524,0.996
204,1,2048,7.993850441085857,4.020153450608524,0.988
204,2,1,4.07332035784146,4.020153450608524,0.2346666666666667
204,2,2,4.048161982527525,4.020153450608524,0.1506666666666667
204,2,4,4.1058631552051965,4.020153450608524,0.376
204,2,8,4.3551081994843805,4.020153450608524,0.644
204,2,16,4.820293210889914,4.020153450608524,0.8226666666666667
204,2,32,5.625887133777205,4.020153450608524,0.9613333333333332
204,2,64,6.696040123926983,4.020153450608524,0.9893333333333332
204,2,128,7.527073065610295,4.020153450608524,1.0
204,2,256,7.884936351171588,4.020153450608524,0.9973333333333332
204,2,512,8.00037446411721,4.020153450608524,0.9973333333333332
204,2,1024,8.040585174701294,4.020153450608524,0.9946666666666668
204,2,2048,8.034345488906006,4.020153450608524,0.9893333333333332
204,3,1,4.120107689988142,4.020153450608524,0.3453333333333333
204,3,2,4.064000908117463,4.020153450608524,0.2386666666666666
204,3,4,4.206431399360679,4.020153450608524,0.524
204,3,8,4.629408973260187,4.020153450608524,0.7760000000000001
204,3,16,5.382457940889844,4.020153450608524,0.9013333333333334
204,3,32,6.34615093503909,4.020153450608524,0.9813333333333332
204,3,64,7.30122080536135,4.020153450608524,0.996
204,3,128,7.796969666526038,4.020153450608524,0.9973333333333332
204,3,256,7.995207607889978,4.020153450608524,0.9946666666666668
204,3,512,8.050640261314696,4.020153450608524,1.0
204,3,1024,8.074929571818254,4.020153450608524,0.996
204,3,2048,8.047261900680857,4.020153450608524,0.9986666666666668
204,6,1,4.408765751335817,4.020153450608524,0.5479999999999999
204,6,2,4.132386592955753,4.020153450608524,0.4066666666666667
204,6,4,4.512677710413727,4.020153450608524,0.7333333333333334
204,6,8,5.337794319025105,4.020153450608524,0.9026666666666668
204,6,16,6.436486228326313,4.020153450608524,0.9613333333333332
204,6,32,7.341801083601626,4.020153450608524,0.9853333333333332
204,6,64,7.8768990271371635,4.020153450608524,0.992
204,6,128,8.064614346709675,4.020153450608524,0.9986666666666668
204,6,256,8.143128249300794,4.020153450608524,0.9973333333333332
204,6,512,8.128518137033064,4.020153450608524,0.9986666666666668
204,6,1024,8.109607522475867,4.020153450608524,0.9973333333333332
204,6,2048,8.06377965058843,4.020153450608524,0.9986666666666668
204,9,1,4.524533532542601,4.020153450608524,0.7173333333333334
204,9,2,4.218437296527475,4.020153450608524,0.5213333333333333
204,9,4,4.885119085482915,4.020153450608524,0.836
204,9,8,5.923482481943071,4.020153450608524,0.952
204,9,16,7.0337367125728605,4.020153450608524,0.968
204,9,32,7.7253488445845155,4.020153450608524,0.988
204,9,64,8.011700009204615,4.020153450608524,0.9933333333333332
204,9,128,8.131792741342437,4.020153450608524,0.9986666666666668
204,9,256,8.184281739823396,4.020153450608524,0.992
204,9,512,8.151043698110117,4.020153450608524,0.996
204,9,1024,8.119403288264532,4.020153450608524,0.992
204,9,2048,8.071187656143616,4.020153450608524,0.9946666666666668
204,18,1,5.224442254707074,4.020153450608524,0.7159999999999999
204,18,2,4.53331149651075,4.020153450608524,0.7440000000000001
204,18,4,5.839331643903093,4.020153450608524,0.944
204,18,8,7.009068990427296,4.020153450608524,0.992
204,18,16,7.841562534416192,4.020153450608524,0.98
204,18,32,8.191924311607108,4.020153450608524,0.984
204,18,64,8.255515789476732,4.020153450608524,0.992
204,18,128,8.270285394508825,4.020153450608524,0.992
204,18,256,8.251654553431592,4.020153450608524,0.988
204,18,512,8.178596320549278,4.020153450608524,0.988
204,18,1024,8.132694165383393,4.020153450608524,0.992
204,18,2048,8.077606191783055,4.020153450608524,1.0
