benchmark,new_submissions,trials,model_selection_loss_pp,model_selection_loss_pp_low,model_selection_loss_pp_high,no_attack_heldout_score_pp,no_attack_heldout_score_pp_low,no_attack_heldout_score_pp_high,heldout_score_pp,heldout_score_pp_low,heldout_score_pp_high,reused_score_pp,reused_score_pp_low,reused_score_pp_high,router_false_winner,router_false_winner_low,router_false_winner_high,score_gap_mean_pp,score_gap_mean_pp_ci_low,score_gap_mean_pp_ci_high,preload_mean_pp,preload_mean_pp_ci_low,preload_mean_pp_ci_high
terminal_bench_4,0,250,0.0,0.0,0.0,54.08558139534883,53.59251162790698,54.57125581395349,54.08558139534883,53.59251162790698,54.57125581395349,62.80347826086956,61.99652173913043,63.58269565217392,0.0,0.0,0.0,12.727199191102121,11.962297269969664,13.512321536905967,12.727199191102121,11.962297269969664,13.512321536905967
terminal_bench_4,2,250,-1.7209302325581393,-2.1972558139534875,-1.2409302325581395,54.08558139534883,53.59251162790698,54.57125581395349,55.80651162790698,55.19813953488372,56.42981395348838,67.53739130434782,66.76156521739131,68.29217391304347,0.732,0.676,0.784,13.874297269969667,13.130250758341758,14.658766430738119,12.727199191102121,11.962297269969664,13.512321536905967
terminal_bench_4,4,250,-1.9590697674418602,-2.4651162790697683,-1.4622325581395352,54.08558139534883,53.59251162790698,54.57125581395349,56.0446511627907,55.49013953488372,56.628883720930226,69.25565217391303,68.42434782608694,70.0208695652174,0.76,0.708,0.812,14.449261880687564,13.663979777553084,15.22540950455005,12.727199191102121,11.962297269969664,13.512321536905967
terminal_bench_4,8,250,-2.0948837209302327,-2.582418604651164,-1.5925581395348836,54.08558139534883,53.59251162790698,54.57125581395349,56.180465116279066,55.56837209302326,56.77209302325581,70.23999999999998,69.44669565217391,71.00539130434784,0.748,0.692,0.8,14.486552072800809,13.724208291203235,15.248614762386248,12.727199191102121,11.962297269969664,13.512321536905967
terminal_bench_4,16,250,-2.2288372093023248,-2.7350697674418596,-1.720744186046512,54.08558139534883,53.59251162790698,54.57125581395349,56.314418604651166,55.713441860465124,56.90804651162791,70.80347826086957,70.00347826086957,71.54460869565217,0.732,0.676,0.784,14.731567239635995,13.942281092012133,15.510907987866533,12.727199191102121,11.962297269969664,13.512321536905967
terminal_bench_4,32,250,-1.252093023255813,-1.7600465116279056,-0.7479069767441854,54.08558139534883,53.59251162790698,54.57125581395349,55.33767441860466,54.76088372093023,55.938697674418606,71.07826086956521,70.26434782608695,71.84356521739132,0.836,0.788,0.88,14.775975733063701,13.98746006066734,15.56830535894843,12.727199191102121,11.962297269969664,13.512321536905967
terminal_bench_4,64,250,-2.5209302325581393,-3.0531162790697675,-1.9962790697674424,54.08558139534883,53.59251162790698,54.57125581395349,56.606511627906976,55.97767441860466,57.25404651162791,71.19999999999999,70.39295652173912,71.94791304347827,0.7,0.64,0.756,14.703983822042469,13.917405460060667,15.50392517694641,12.727199191102121,11.962297269969664,13.512321536905967
terminal_bench_4,128,250,-1.5199999999999996,-2.078186046511628,-0.9822790697674414,54.08558139534883,53.59251162790698,54.57125581395349,55.60558139534884,54.982325581395344,56.254930232558145,71.3008695652174,70.48678260869565,72.05217391304348,0.772,0.72,0.824,14.656097067745195,13.871783619817997,15.45220222446916,12.727199191102121,11.962297269969664,13.512321536905967
terminal_bench_4,256,250,-2.9302325581395343,-3.462325581395349,-2.418604651162791,54.08558139534883,53.59251162790698,54.57125581395349,57.015813953488376,56.42604651162791,57.6353488372093,71.30434782608695,70.49026086956522,72.05226086956522,0.656,0.596,0.716,14.507502527805864,13.723894843276035,15.291532861476236,12.727199191102121,11.962297269969664,13.512321536905967
terminal_bench_4,512,250,-2.453953488372093,-2.9340000000000006,-1.9906511627906978,54.08558139534883,53.59251162790698,54.57125581395349,56.53953488372093,55.985069767441864,57.12186046511628,71.30434782608695,70.49026086956522,72.05226086956522,0.728,0.668,0.7760999999999995,14.427098078867543,13.636212335692619,15.212701718907987,12.727199191102121,11.962297269969664,13.512321536905967
terminal_bench_4,1024,250,-2.1860465116279064,-2.695813953488371,-1.6687906976744182,54.08558139534883,53.59251162790698,54.57125581395349,56.27162790697675,55.6632558139535,56.88376744186046,71.30434782608695,70.49026086956522,72.05226086956522,0.732,0.672,0.788,14.381071789686551,13.592384226491404,15.17520728008089,12.727199191102121,11.962297269969664,13.512321536905967
terminal_bench_4,2048,250,-1.9795348837209295,-2.4707441860465114,-1.5143720930232556,54.08558139534883,53.59251162790698,54.57125581395349,56.06511627906977,55.47720930232559,56.66981395348837,71.30434782608695,70.49026086956522,72.05226086956522,0.796,0.744,0.844,14.339251769464106,13.555344792719918,15.134691607684529,12.727199191102121,11.962297269969664,13.512321536905967
