benchmark,new_submissions,trials,model_selection_loss_pp,model_selection_loss_pp_low,model_selection_loss_pp_high,score_gap_mean_pp,score_gap_mean_pp_low,score_gap_mean_pp_high,baseline_gap_pp
livebench,2,250,2.5152956098454218,2.1657025141551083,2.8857392540157756,4.533311496510751,4.272235784117528,4.817554808847346,4.020153450608524
livebench,4,250,3.8045981041958403,3.454153019289148,4.163492640033918,5.839331643903095,5.557181116546521,6.135479157805344,4.020153450608524
livebench,8,250,4.2894100144506355,3.9487335802204293,4.6339852309957665,7.009068990427297,6.691127952073527,7.344178910362014,4.020153450608524
livebench,16,250,4.238625371169815,3.8798237745512703,4.596880576507621,7.841562534416194,7.506756055462877,8.193052533422259,4.020153450608524
livebench,32,250,4.2846544797506905,3.913866424827868,4.678107643109301,8.191924311607108,7.844451788901787,8.54690089927457,4.020153450608524
livebench,64,250,4.4944815949156185,4.120870519451824,4.863271602139475,8.255515789476732,7.913086099020837,8.60953779102951,4.020153450608524
livebench,128,250,4.590965028983104,4.25825734047176,4.928195615584699,8.270285394508825,7.922290643522173,8.6221685789932,4.020153450608524
livebench,256,250,4.314070314872828,3.9739553796636335,4.651060688420635,8.251654553431592,7.908230274103404,8.599311868481598,4.020153450608524
livebench,512,250,4.363300602361877,4.020675258309774,4.719284996522644,8.17859632054928,7.842183296337537,8.52453976957687,4.020153450608524
livebench,1024,250,4.1827445874547475,3.8504203142176263,4.5137507081727595,8.132694165383393,7.795948526280872,8.47850250753165,4.020153450608524
livebench,2048,250,4.684744027796135,4.374287812495562,4.992291579590907,8.077606191783056,7.744973159460587,8.416610953343445,4.020153450608524
helm_capabilities,2,250,0.16729887442352645,0.10070447811738222,0.23283288033971694,2.802766592303933,2.696625915149456,2.9136437954551866,2.79967424804416
helm_capabilities,4,250,0.5380037559175048,0.44068511729453647,0.6283056132188136,2.8106367100579046,2.7035656172736986,2.921156031495737,2.79967424804416
helm_capabilities,8,250,0.8436112975398992,0.7348801570316047,0.952318513318091,2.860975204776166,2.7559566575412955,2.97010435490059,2.79967424804416
helm_capabilities,16,250,0.9088200041816386,0.8040548940811417,1.0165927289749972,3.0701376952185737,2.9629515732437075,3.1808826631247245,2.79967424804416
helm_capabilities,32,250,0.9533334137098174,0.8481597407040911,1.0611439480475273,3.5399559103080445,3.4317647183758657,3.651804891109492,2.79967424804416
helm_capabilities,64,250,0.8396414776041752,0.7290644763491002,0.947494746812874,4.249583099150695,4.131083893417088,4.375097032242791,2.79967424804416
helm_capabilities,128,250,0.9317997665166203,0.8213071106601789,1.040289425017207,4.855377400630369,4.72569349948079,4.988848957680297,2.79967424804416
helm_capabilities,256,250,1.2225892734560142,1.1105041173197143,1.3312326752525936,5.178296674369312,5.045986636990187,5.316452046694625,2.79967424804416
helm_capabilities,512,250,0.9719038197137613,0.8610742625981466,1.0735876238317374,5.315380119062471,5.182592698182056,5.456725538048135,2.79967424804416
helm_capabilities,1024,250,0.918153759731952,0.8147264013871742,1.0175472066372568,5.383455745501906,5.248865146168062,5.525962623271558,2.79967424804416
helm_capabilities,2048,250,1.0152159470515445,0.9093178115180399,1.1185104865205706,5.41271651786474,5.275988142484326,5.5553271861536,2.79967424804416
helm_lite,2,250,0.015524587939882161,-0.005086951614364056,0.04030742792002272,1.2491064074399578,1.1744674609901418,1.3213037292319254,1.2491064074399578
helm_lite,4,250,0.04801635482599212,0.013306504288615368,0.09839139942789443,1.2535856397863427,1.1794171772350106,1.327465652775347,1.2491064074399578
helm_lite,8,250,0.34176937934481066,0.21658395688133172,0.4836331519985015,1.265073689832774,1.1881862380335404,1.3410389987842997,1.2491064074399578
helm_lite,16,250,1.3750113325640376,1.1528859612705533,1.6097336458544083,1.3083707597160348,1.2318482537035584,1.388792491034025,1.2491064074399578
helm_lite,32,250,2.8622303838962404,2.587632103217712,3.143015500090431,1.5131534229786314,1.426037895213189,1.6020134296766364,1.2491064074399578
helm_lite,64,250,4.552012686664741,4.350243578414559,4.7585294332980554,2.05434001944765,1.941936576210458,2.166866201758664,1.2491064074399578
helm_lite,128,250,4.796407320300319,4.614910124525461,4.970972914225011,2.744007545464032,2.628722383138808,2.8682535022159947,1.2491064074399578
helm_lite,256,250,4.659790586381801,4.481894688739113,4.835374774133069,3.3281182806836824,3.213635193978833,3.448043023196407,1.2491064074399578
helm_lite,512,250,4.56447083076751,4.39872702826913,4.729417549221981,3.7149079785529695,3.609740216516912,3.827291283154606,1.2491064074399578
helm_lite,1024,250,4.52871251880198,4.372368458094141,4.689359424576996,3.9544760002772072,3.847941663210468,4.06329503237885,1.2491064074399578
helm_lite,2048,250,4.502378566669215,4.344899123658907,4.662037143302931,4.106341428696674,4.000535142663064,4.215226861892622,1.2491064074399578
openllm_v2,2,250,0.06840653235086061,0.025174660876258814,0.11585805514484478,1.9180390135717893,1.797677386076708,2.0360080906421745,1.9127311004836287
openllm_v2,4,250,0.2076398012326581,0.1325181003484141,0.2888621268836364,1.929537254240853,1.807850746450836,2.048950468188624,1.9127311004836287
openllm_v2,8,250,0.991238810835921,0.8316502758112556,1.1488173853981938,2.0123574171057608,1.8926791314976108,2.129165876265356,1.9127311004836287
openllm_v2,16,250,1.957760198166306,1.8165215631488267,2.1013943437429132,2.357076609444638,2.2303472636767965,2.48943646893978,1.9127311004836287
openllm_v2,32,250,2.1630636973631607,2.0300708237326113,2.300765274549744,3.2113232881116227,3.0661968762514915,3.3652826243542706,1.9127311004836287
openllm_v2,64,250,2.2779547760130328,2.119473922654761,2.442409178130604,4.580453893199892,4.399178688544333,4.768251272199241,1.9127311004836287
openllm_v2,128,250,2.4029242783369793,2.236429489091082,2.578324523744383,6.048163482037382,5.845003601368721,6.25406562491664,1.9127311004836287
openllm_v2,256,250,2.1977166160451933,2.0282644890105983,2.376107677670502,7.561668065075449,7.351015973472151,7.773768377251504,1.9127311004836287
openllm_v2,512,250,2.1188712666361598,1.9638355966524172,2.284784999388258,8.891194568960202,8.676488058876291,9.10135120218716,1.9127311004836287
openllm_v2,1024,250,2.11348469893308,1.955766875930926,2.2804047171554633,9.80555538084902,9.589388569795986,10.01522484856872,1.9127311004836287
openllm_v2,2048,250,2.1176429073181087,1.9631169738230416,2.275808433167422,10.412350523442978,10.190116333464626,10.624777380042747,1.9127311004836287
swe_verified,2,250,0.5365269461077837,0.3005389221556874,0.7928742514970053,5.00821008585239,4.730590505735516,5.290682490440803,4.596666907149556
swe_verified,4,250,0.7401197604790428,0.47904191616766595,0.9904191616766477,5.547290960248177,5.265609263400907,5.827707596854482,4.596666907149556
swe_verified,8,250,1.0059880239520962,0.7411976047904192,1.2646706586826348,5.895303369165282,5.603856503859748,6.180509703484595,4.596666907149556
swe_verified,16,250,1.005988023952096,0.7472754491017971,1.2623053892215557,6.279922083543754,5.972584229132097,6.569088088882474,4.596666907149556
swe_verified,32,250,1.0395209580838327,0.7844311377245515,1.2910179640718562,6.456951157925112,6.155086213115935,6.751302575571747,4.596666907149556
swe_verified,64,250,1.0467065868263472,0.7903892215568857,1.2911377245508975,6.48136498088161,6.182291681696845,6.780371185340161,4.596666907149556
swe_verified,128,250,1.0670658682634735,0.7808383233532938,1.3401197604790418,6.441916167664669,6.147104465767259,6.736976408628524,4.596666907149556
swe_verified,256,250,0.6514970059880247,0.3855688622754505,0.9150000000000006,6.368241829593823,6.074357549960318,6.664108289445204,4.596666907149556
swe_verified,512,250,0.7485029940119763,0.4814071856287428,1.0132035928143714,6.256518288723757,5.963222350479763,6.547720943654857,4.596666907149556
swe_verified,1024,250,1.0215568862275446,0.7652694610778445,1.283922155688623,6.199812423346079,5.911352355529903,6.496992280499241,4.596666907149556
swe_verified,2048,250,0.9149700598802402,0.6514371257485033,1.1641017964071871,6.160854195224008,5.872130077195006,6.456141331794242,4.596666907149556
terminal_science,2,212,1.8731200437517088,1.385093443783762,2.3646300900663024,12.855482636040469,12.232000046778255,13.48303975675713,12.133693373439067
terminal_science,4,212,2.0337708504238443,1.4058382919443675,2.7210170436415155,13.42231792908577,12.759767061308146,14.05306576201587,12.133693373439067
terminal_science,8,212,2.860951599671861,2.217344497607655,3.549494275323793,13.783212560386474,13.129164686022136,14.417104975756486,12.133693373439067
terminal_science,16,212,3.011348099535138,2.360801617246123,3.751883652286457,13.76498268161517,13.102950117342308,14.415991141711244,12.133693373439067
terminal_science,32,212,4.672545802570411,4.030661231884058,5.408082315051623,13.790618448637318,13.131214057067153,14.431586899306245,12.133693373439067
terminal_science,64,212,3.0113480995351374,2.354922213064084,3.707774473360384,13.551351289763923,12.91258137005062,14.16522999946913,12.133693373439067
terminal_science,128,212,3.0352748154224765,2.355823285157211,3.772276541155259,13.309805396044116,12.67738355017567,13.94135392166526,12.133693373439067
terminal_science,256,212,2.4781241454744323,1.7184268536546514,3.2846573208722742,13.250843131893175,12.622088620383472,13.895582722414106,12.133693373439067
terminal_science,512,212,0.8887065901011751,0.161593110636757,1.6678137737461098,13.229764834563852,12.601065495448722,13.866997181449111,12.133693373439067
terminal_science,1024,212,-0.6015859994531043,-1.3057176696107464,0.2095857136027901,13.210110746513536,12.579484662546548,13.844821136102336,12.133693373439067
terminal_science,2048,212,0.2187585452556739,-0.5237385294593531,1.059305873379099,13.181341719077572,12.552979914475904,13.81667860775534,12.133693373439067
