benchmark,policy,new_submissions,original_count_equivalent,trials,score_gap_mean_pp,score_gap_mean_pp_ci_low,score_gap_mean_pp_ci_high,preload_mean_pp,preload_mean_pp_ci_low,preload_mean_pp_ci_high,first_s,first_s_ci_low,first_s_ci_high,first_t,first_t_ci_low,first_t_ci_high,first_s_not_t,first_s_not_t_ci_low,first_s_not_t_ci_high,median_rank_s,median_rank_s_ci_low,median_rank_s_ci_high,median_rank_t,median_rank_t_ci_low,median_rank_t_ci_high,mean_heldout_regret_pp,mean_heldout_regret_pp_ci_low,mean_heldout_regret_pp_ci_high,mean_ranking_regret_pp,mean_ranking_regret_pp_ci_low,mean_ranking_regret_pp_ci_high,score_gap_above_preload_pp
helm_capabilities,full_frontier,1,3,250,2.8239628010536464,2.7199029403948334,2.93214933429707,2.79967424804416,2.693269414800163,2.9097184079585747,0.736,0.684,0.792,0.448,0.384,0.512,0.38,0.3239,0.44,1.0,1.0,1.0,2.0,1.0,2.0,0.580529480428205,0.35555258985223465,0.8254575155670164,0.580529480428205,0.35555258985223465,0.8254575155670164,0.024288553009486513
helm_capabilities,full_frontier,2,4,250,2.79967424804416,2.693269414800163,2.9097184079585747,2.79967424804416,2.693269414800163,2.9097184079585747,0.0,0.0,0.0,0.0,0.0,0.0,0.0,0.0,0.0,15.0,14.0,15.0,17.0,17.0,17.0,9.005275530413517,8.778095752504731,9.249262071233968,9.005275530413517,8.778095752504731,9.249262071233968,0.0
helm_capabilities,full_frontier,4,6,250,2.79967424804416,2.693269414800163,2.9097184079585747,2.79967424804416,2.693269414800163,2.9097184079585747,0.0,0.0,0.0,0.0,0.0,0.0,0.0,0.0,0.0,13.0,13.0,14.0,19.0,18.0,19.0,9.33046439780341,9.0948298777113,9.582403199320659,9.33046439780341,9.0948298777113,9.582403199320659,0.0
helm_capabilities,full_frontier,8,10,250,2.79967424804416,2.693269414800163,2.9097184079585747,2.79967424804416,2.693269414800163,2.9097184079585747,0.0,0.0,0.0,0.0,0.0,0.0,0.0,0.0,0.0,10.0,10.0,11.0,18.0,18.0,19.0,9.280727932713756,9.034970938954986,9.546799309469828,9.280727932713756,9.034970938954986,9.546799309469828,0.0
helm_capabilities,full_frontier,16,18,250,2.79967424804416,2.693269414800163,2.9097184079585747,2.79967424804416,2.693269414800163,2.9097184079585747,0.012,0.0,0.028,0.0,0.0,0.0,0.012,0.0,0.028,8.0,8.0,8.0,18.0,17.0,18.0,9.156322461933062,8.910897845748806,9.412686222024645,9.156322461933062,8.910897845748806,9.412686222024645,0.0
helm_capabilities,full_frontier,32,34,250,2.808633978134458,2.702445749024751,2.9183545830915993,2.79967424804416,2.693269414800163,2.9097184079585747,0.044,0.02,0.072,0.0,0.0,0.0,0.044,0.02,0.072,5.0,5.0,5.0,17.0,17.0,18.0,9.07572094562727,8.833365756674347,9.337189296356442,9.07572094562727,8.833365756674347,9.337189296356442,0.008959730090297935
helm_capabilities,full_frontier,64,66,250,2.8306837928932747,2.7237761136251035,2.9421395928468606,2.79967424804416,2.693269414800163,2.9097184079585747,0.524,0.46,0.584,0.0,0.0,0.0,0.524,0.46,0.584,1.0,1.0,2.0,18.0,17.5,19.0,9.242212261034103,8.986188995597255,9.508244966791972,9.242212261034103,8.986188995597255,9.508244966791972,0.03100954484911478
helm_capabilities,full_frontier,128,130,250,3.107578030782526,2.9958886936756457,3.2207613502991927,2.79967424804416,2.693269414800163,2.9097184079585747,0.908,0.872,0.944,0.0,0.0,0.0,0.908,0.872,0.944,1.0,1.0,1.0,18.0,18.0,19.0,9.23297470376886,8.97697300789376,9.50107108999408,9.23297470376886,8.97697300789376,9.50107108999408,0.30790378273836616
helm_capabilities,full_frontier,256,258,250,3.9554625823897442,3.8214767648873624,4.0922309322068555,2.79967424804416,2.693269414800163,2.9097184079585747,0.928,0.896,0.96,0.0,0.0,0.0,0.928,0.896,0.96,1.0,1.0,1.0,18.0,17.0,18.0,9.147876019480373,8.891444322402714,9.41685562341529,9.147876019480373,8.891444322402714,9.41685562341529,1.1557883343455844
helm_capabilities,full_frontier,512,514,250,4.479818491195647,4.328131529675054,4.62850838871607,2.79967424804416,2.693269414800163,2.9097184079585747,0.932,0.9,0.964,0.0,0.0,0.0,0.932,0.9,0.964,1.0,1.0,1.0,17.0,17.0,18.0,9.110485909160904,8.859467310970054,9.378704428466012,9.110485909160904,8.859467310970054,9.378704428466012,1.6801442431514868
helm_capabilities,full_frontier,1024,1026,250,4.658478129101768,4.5054206036722,4.808512479831576,2.79967424804416,2.693269414800163,2.9097184079585747,0.932,0.9,0.964,0.0,0.0,0.0,0.932,0.9,0.964,1.0,1.0,1.0,18.0,17.0,18.5,9.227342223453288,8.973427987359457,9.503250203302697,9.227342223453288,8.973427987359457,9.503250203302697,1.8588038810576082
helm_capabilities,full_frontier,2048,2050,250,4.730876950844002,4.575748710791094,4.884931051113698,2.79967424804416,2.693269414800163,2.9097184079585747,0.932,0.9,0.964,0.0,0.0,0.0,0.932,0.9,0.964,1.0,1.0,1.0,17.0,16.0,17.0,9.032719135404594,8.7719156120087,9.312026821117293,9.032719135404594,8.7719156120087,9.312026821117293,1.9312027027998422
helm_capabilities,top5,1,3,250,2.8201917966246937,2.716917716809012,2.927159792310519,2.79967424804416,2.693269414800163,2.9097184079585747,0.976,0.956,0.992,0.884,0.844,0.924,0.108,0.072,0.148,1.0,1.0,1.0,1.0,1.0,1.0,-1.2549115661175736,-1.365109695591929,-1.1424841820454514,-1.2549115661175736,-1.365109695591929,-1.1424841820454514,0.020517548580533784
helm_capabilities,top5,2,4,250,2.8027665923039335,2.6966259151494554,2.9136437954551866,2.79967424804416,2.693269414800163,2.9097184079585747,0.24,0.188,0.292,0.028,0.008,0.048,0.24,0.188,0.292,2.0,2.0,2.0,5.0,5.0,5.0,1.4189543019503343,1.3330606037826485,1.5099425747122586,1.4189543019503343,1.3330606037826485,1.5099425747122586,0.0030923442597736717
helm_capabilities,top5,4,6,250,2.8106367100579046,2.7035656172736986,2.9211560314957374,2.79967424804416,2.693269414800163,2.9097184079585747,0.624,0.56,0.68,0.02,0.004,0.04,0.624,0.56,0.68,1.0,1.0,1.0,4.0,4.0,5.0,1.3386288458902182,1.2524837748217779,1.4289587927974292,1.3386288458902182,1.2524837748217779,1.4289587927974292,0.010962462013744734
helm_capabilities,top5,8,10,250,2.860975204776166,2.7559566575412955,2.97010435490059,2.79967424804416,2.693269414800163,2.9097184079585747,0.888,0.848,0.924,0.008,0.0,0.02,0.884,0.844,0.924,1.0,1.0,1.0,5.0,4.0,5.0,1.436226313797416,1.3526960503511265,1.5233316521939189,1.436226313797416,1.3526960503511265,1.5233316521939189,0.061300956732006195
helm_capabilities,top5,16,18,250,3.0701376952185737,2.9629515732437075,3.1808826631247245,2.79967424804416,2.693269414800163,2.9097184079585747,1.0,1.0,1.0,0.02,0.004,0.04,0.98,0.96,0.996,1.0,1.0,1.0,5.0,4.0,5.0,1.3933193821741374,1.3049983393668916,1.4863128087517483,1.3933193821741374,1.3049983393668916,1.4863128087517483,0.27046344717441384
helm_capabilities,top5,32,34,250,3.5399559103080445,3.4317647183758657,3.6518048911094922,2.79967424804416,2.693269414800163,2.9097184079585747,1.0,1.0,1.0,0.016,0.004,0.032,0.984,0.968,0.996,1.0,1.0,1.0,5.0,4.0,5.0,1.4378327917023166,1.342057484951822,1.5330922244408203,1.4378327917023166,1.342057484951822,1.5330922244408203,0.7402816622638846
helm_capabilities,top5,64,66,250,4.249583099150695,4.131083893417088,4.375097032242791,2.79967424804416,2.693269414800163,2.9097184079585747,1.0,1.0,1.0,0.044,0.02,0.072,0.956,0.928,0.98,1.0,1.0,1.0,5.0,4.0,5.0,1.3241408555966745,1.2335843659564651,1.4167473276107334,1.3241408555966745,1.2335843659564651,1.4167473276107334,1.4499088511065352
helm_capabilities,top5,128,130,250,4.855377400630369,4.72569349948079,4.988848957680297,2.79967424804416,2.693269414800163,2.9097184079585747,1.0,1.0,1.0,0.016,0.004,0.032,0.984,0.968,0.996,1.0,1.0,1.0,5.0,4.5,5.0,1.4162991445091195,1.3279250968287597,1.5078654461944174,1.4162991445091195,1.3279250968287597,1.5078654461944174,2.055703152586209
helm_capabilities,top5,256,258,250,5.178296674369312,5.045986636990187,5.316452046694625,2.79967424804416,2.693269414800163,2.9097184079585747,1.0,1.0,1.0,0.008,0.0,0.02,0.992,0.98,1.0,1.0,1.0,1.0,5.0,5.0,5.0,1.7070886514485133,1.6197616115938342,1.79225336549904,1.7070886514485133,1.6197616115938342,1.79225336549904,2.378622426325152
helm_capabilities,top5,512,514,250,5.315380119062471,5.182592698182056,5.456725538048135,2.79967424804416,2.693269414800163,2.9097184079585747,1.0,1.0,1.0,0.012,0.0,0.028,0.988,0.972,1.0,1.0,1.0,1.0,5.0,4.0,5.0,1.4564031977062604,1.3682988267128695,1.542175022815414,1.4564031977062604,1.3682988267128695,1.542175022815414,2.5157058710183113
helm_capabilities,top5,1024,1026,250,5.383455745501906,5.248865146168062,5.525962623271558,2.79967424804416,2.693269414800163,2.9097184079585747,1.0,1.0,1.0,0.02,0.004,0.04,0.98,0.96,0.996,1.0,1.0,1.0,5.0,4.0,5.0,1.402653137724451,1.3166491747516307,1.4878698529038201,1.402653137724451,1.3166491747516307,1.4878698529038201,2.583781497457746
helm_capabilities,top5,2048,2050,250,5.41271651786474,5.275988142484326,5.5553271861536,2.79967424804416,2.693269414800163,2.9097184079585747,1.0,1.0,1.0,0.016,0.004,0.032,0.984,0.968,0.996,1.0,1.0,1.0,5.0,5.0,5.0,1.4997153250440436,1.4141514476714907,1.5819965802897684,1.4997153250440436,1.4141514476714907,1.5819965802897684,2.61304226982058
helm_lite,full_frontier,1,3,250,1.29857998998658,1.2273975465663467,1.3704574597752581,1.2491064074399578,1.1744674609901418,1.3213037292319254,0.84,0.796,0.88,0.696,0.64,0.756,0.156,0.112,0.2,1.0,1.0,1.0,1.0,1.0,1.0,-0.05735199441967431,-0.16863414475379443,0.053823214637479154,0.8185714285714272,0.14142857142856996,1.5071428571428556,0.04947358254662215
helm_lite,full_frontier,2,4,250,1.2491064074399578,1.1744674609901418,1.3213037292319254,1.2491064074399578,1.1744674609901418,1.3213037292319254,0.012,0.0,0.028,0.0,0.0,0.0,0.012,0.0,0.028,4.0,4.0,4.0,5.0,5.0,5.0,5.79008253450474,5.625521085967146,5.958039309543071,26.217142857142854,25.452642857142855,26.970214285714285,0.0
helm_lite,full_frontier,4,6,250,1.251936851005847,1.1775808188691579,1.3258168639948518,1.2491064074399578,1.1744674609901418,1.3213037292319254,0.028,0.012,0.048099999999999456,0.0,0.0,0.0,0.028,0.012,0.048099999999999456,3.0,3.0,3.0,5.0,5.0,5.0,5.40229329638267,5.249043487430811,5.562162062479799,25.70285714285714,24.905678571428574,26.43428571428571,0.00283044356588924
helm_lite,full_frontier,8,10,250,1.258996964045994,1.184097629135823,1.3347704917705028,1.2491064074399578,1.1744674609901418,1.3213037292319254,0.064,0.036,0.096,0.0,0.0,0.0,0.064,0.036,0.096,3.0,3.0,3.0,5.0,5.0,5.0,5.501907222266576,5.348304871676124,5.6590211161175,25.65,24.881285714285713,26.36742857142857,0.009890556606036105
helm_lite,full_frontier,16,18,250,1.2833991474429747,1.205072525585532,1.3620615967570546,1.2491064074399578,1.1744674609901418,1.3213037292319254,0.144,0.104,0.188,0.0,0.0,0.0,0.144,0.104,0.188,2.0,2.0,3.0,5.0,5.0,5.0,5.609950383580715,5.447986644601313,5.766016966579017,25.527142857142856,24.719892857142856,26.270071428571427,0.03429274000301685
helm_lite,full_frontier,32,34,250,1.3639444890710732,1.2749814420061862,1.4500752224180404,1.2491064074399578,1.1744674609901418,1.3213037292319254,0.552,0.492,0.612,0.0,0.0,0.0,0.552,0.492,0.612,1.0,1.0,2.0,5.0,5.0,5.0,5.840155961003203,5.67098608435908,6.012682263924698,26.504285714285714,25.709964285714285,27.26717857142857,0.11483808163111542
helm_lite,full_frontier,64,66,250,1.6668470552833645,1.5690952909764535,1.7694515964554427,1.2491064074399578,1.1744674609901418,1.3213037292319254,0.94,0.908,0.968,0.0,0.0,0.0,0.94,0.908,0.968,1.0,1.0,1.0,5.0,5.0,5.0,5.872594089537361,5.700028095516368,6.051834841057949,27.3,26.458464285714285,28.122892857142855,0.4177406478434067
helm_lite,full_frontier,128,130,250,2.341660625209998,2.238488692210179,2.45700297928978,1.2491064074399578,1.1744674609901418,1.3213037292319254,0.988,0.972,1.0,0.0,0.0,0.0,0.988,0.972,1.0,1.0,1.0,1.0,5.0,5.0,5.0,5.910323512291649,5.737452628977514,6.081291311757862,27.367142857142856,26.55278571428572,28.105892857142855,1.0925542177700402
helm_lite,full_frontier,256,258,250,3.075430812707782,2.9669478322597462,3.1938406426224417,1.2491064074399578,1.1744674609901418,1.3213037292319254,0.992,0.98,1.0,0.0,0.0,0.0,0.992,0.98,1.0,1.0,1.0,1.0,5.0,5.0,5.0,5.7745448735888765,5.604573611966708,5.944852560756397,26.78285714285714,26.015321428571426,27.542928571428572,1.826324405267824
helm_lite,full_frontier,512,514,250,3.604707854141957,3.4993450946640356,3.713023615228466,1.2491064074399578,1.1744674609901418,1.3213037292319254,1.0,1.0,1.0,0.0,0.0,0.0,1.0,1.0,1.0,1.0,1.0,1.0,5.0,5.0,5.0,5.618484428226111,5.457788030849683,5.78306062225356,25.62571428571428,24.84142857142857,26.37607142857142,2.355601446701999
helm_lite,full_frontier,1024,1026,250,3.9202869567239422,3.811733097199385,4.030566823215392,1.2491064074399578,1.1744674609901418,1.3213037292319254,1.0,1.0,1.0,0.0,0.0,0.0,1.0,1.0,1.0,1.0,1.0,1.0,5.0,5.0,5.0,5.507153245717771,5.346743185995005,5.662265447247124,25.641428571428573,24.877142857142854,26.391499999999997,2.671180549283984
helm_lite,full_frontier,2048,2050,250,4.09164597765757,3.9836829616949303,4.201273759444592,1.2491064074399578,1.1744674609901418,1.3213037292319254,1.0,1.0,1.0,0.0,0.0,0.0,1.0,1.0,1.0,1.0,1.0,1.0,5.0,5.0,5.0,5.460880212044898,5.30271575442484,5.617130358007314,25.511428571428574,24.70132142857143,26.261499999999995,2.842539570217612
helm_lite,top5,1,3,250,1.2779387790752075,1.2061721567806876,1.349148746481386,1.2491064074399578,1.1744674609901418,1.3213037292319254,0.68,0.624,0.736,0.324,0.268,0.384,0.356,0.296,0.412,1.0,1.0,1.0,2.0,2.0,2.0,0.3683316933122925,0.2644306657509832,0.4699721185549308,3.55142857142857,2.867107142857142,4.188607142857141,0.028832371635249654
helm_lite,top5,2,4,250,1.2491064074399578,1.1744674609901418,1.3213037292319254,1.2491064074399578,1.1744674609901418,1.3213037292319254,0.02,0.004,0.04,0.0,0.0,0.0,0.02,0.004,0.04,4.0,3.0,4.0,5.0,5.0,5.0,4.842506040217464,4.676251138230955,5.003807970600809,24.34857142857143,23.594142857142852,25.06289285714286,0.0
helm_lite,top5,4,6,250,1.2535856397863427,1.1794171772350106,1.327465652775347,1.2491064074399578,1.1744674609901418,1.3213037292319254,0.044,0.02,0.072,0.0,0.0,0.0,0.044,0.02,0.072,3.0,3.0,3.0,5.0,5.0,5.0,4.605918554666671,4.450704830565743,4.751305139250594,24.121428571428574,23.361428571428572,24.81432142857143,0.00447923234638492
helm_lite,top5,8,10,250,1.2650736898327741,1.1881862380335404,1.3410389987842997,1.2491064074399578,1.1744674609901418,1.3213037292319254,0.144,0.104,0.192,0.0,0.0,0.0,0.144,0.104,0.192,3.0,3.0,3.0,5.0,5.0,5.0,4.690003691067123,4.535793047158662,4.839166484200275,23.864285714285714,23.087071428571427,24.554357142857143,0.015967282392816307
helm_lite,top5,16,18,250,1.3083707597160348,1.2318482537035584,1.388792491034025,1.2491064074399578,1.1744674609901418,1.3213037292319254,0.408,0.352,0.472,0.0,0.0,0.0,0.408,0.352,0.472,2.0,2.0,2.0,5.0,5.0,5.0,4.671033697794039,4.509647058183583,4.8323651165908235,23.50857142857143,22.69853571428571,24.272857142857145,0.05926435227607696
helm_lite,top5,32,34,250,1.5131534229786314,1.426037895213189,1.6020134296766364,1.2491064074399578,1.1744674609901418,1.3213037292319254,0.712,0.656,0.768,0.0,0.0,0.0,0.712,0.656,0.768,1.0,1.0,1.0,5.0,5.0,5.0,4.843109223323529,4.66721477930981,5.013431741468906,23.988571428571426,23.169964285714286,24.76435714285714,0.2640470155386736
helm_lite,top5,64,66,250,2.05434001944765,1.9419365762104581,2.166866201758664,1.2491064074399578,1.1744674609901418,1.3213037292319254,0.976,0.956,0.992,0.0,0.0,0.0,0.976,0.956,0.992,1.0,1.0,1.0,5.0,5.0,5.0,4.797675926124264,4.621570059316482,4.977549205711804,24.498571428571427,23.642749999999996,25.318607142857143,0.8052336120076922
helm_lite,top5,128,130,250,2.7440075454640316,2.6287223831388076,2.8682535022159947,1.2491064074399578,1.1744674609901418,1.3213037292319254,1.0,1.0,1.0,0.0,0.0,0.0,1.0,1.0,1.0,1.0,1.0,1.0,5.0,5.0,5.0,4.8807365171190105,4.706204949719973,5.050205499506294,24.867142857142856,24.064178571428574,25.634428571428572,1.4949011380240738
helm_lite,top5,256,258,250,3.3281182806836824,3.2136351939788326,3.448043023196407,1.2491064074399578,1.1744674609901418,1.3213037292319254,1.0,1.0,1.0,0.0,0.0,0.0,1.0,1.0,1.0,1.0,1.0,1.0,5.0,5.0,5.0,4.744119783200492,4.570395827558718,4.912779986922263,23.995714285714282,23.21853571428571,24.75857142857143,2.079011873243725
helm_lite,top5,512,514,250,3.7149079785529695,3.609740216516912,3.827291283154606,1.2491064074399578,1.1744674609901418,1.3213037292319254,1.0,1.0,1.0,0.0,0.0,0.0,1.0,1.0,1.0,1.0,1.0,1.0,5.0,5.0,5.0,4.648800027586201,4.489414295988866,4.809323127653807,23.514285714285712,22.698464285714284,24.267142857142854,2.465801571113012
helm_lite,top5,1024,1026,250,3.9544760002772072,3.8479416632104675,4.06329503237885,1.2491064074399578,1.1744674609901418,1.3213037292319254,1.0,1.0,1.0,0.0,0.0,0.0,1.0,1.0,1.0,1.0,1.0,1.0,5.0,5.0,5.0,4.613041715620672,4.463342024291697,4.767448954419454,23.82285714285714,23.025607142857144,24.57575,2.7053695928372496
helm_lite,top5,2048,2050,250,4.106341428696674,4.000535142663064,4.215226861892622,1.2491064074399578,1.1744674609901418,1.3213037292319254,1.0,1.0,1.0,0.0,0.0,0.0,1.0,1.0,1.0,1.0,1.0,1.0,5.0,5.0,5.0,4.586707763487905,4.432812382474357,4.741036009933407,23.59285714285714,22.758535714285713,24.387321428571425,2.8572350212567166
livebench,full_frontier,1,3,250,4.3617407847760505,4.090331548823327,4.64036687885952,4.0201534506085235,3.744644513080991,4.301036208301957,0.96,0.932,0.984,0.032,0.012,0.056,0.928,0.8959,0.9560999999999994,1.0,1.0,1.0,2.0,2.0,2.0,2.096857628772583,1.832190158257551,2.38337545020852,2.096857628772583,1.832190158257551,2.38337545020852,0.34158733416752707
livebench,full_frontier,2,4,250,4.0201534506085235,3.744644513080991,4.301036208301957,4.0201534506085235,3.744644513080991,4.301036208301957,0.0,0.0,0.0,0.0,0.0,0.0,0.0,0.0,0.0,6.0,5.0,6.0,12.0,12.0,13.0,14.03859350205264,13.701718283634147,14.345763246408051,14.03859350205264,13.701718283634147,14.345763246408051,0.0
livebench,full_frontier,4,6,250,4.0201534506085235,3.744644513080991,4.301036208301957,4.0201534506085235,3.744644513080991,4.301036208301957,0.056,0.028,0.084,0.0,0.0,0.0,0.056,0.028,0.084,2.0,2.0,2.0,12.5,12.0,13.0,14.068454599166085,13.723684857454172,14.383967513454294,14.068454599166085,13.723684857454172,14.383967513454294,0.0
livebench,full_frontier,8,10,250,4.233668631761599,3.962133852586375,4.510418433669269,4.0201534506085235,3.744644513080991,4.301036208301957,0.56,0.5,0.624,0.0,0.0,0.0,0.56,0.5,0.624,1.0,1.0,1.5,13.0,13.0,14.0,14.53590716778399,14.175394782004654,14.870292946333187,14.53590716778399,14.175394782004654,14.870292946333187,0.21351518115307577
livebench,full_frontier,16,18,250,5.113868121721765,4.824622594166967,5.398016054348531,4.0201534506085235,3.744644513080991,4.301036208301957,0.968,0.944,0.988,0.0,0.0,0.0,0.968,0.944,0.988,1.0,1.0,1.0,13.0,12.0,13.0,14.032933277252212,13.690171113752868,14.36005237282566,14.032933277252212,13.690171113752868,14.36005237282566,1.0937146711132417
livebench,full_frontier,32,34,250,5.810936917434821,5.5307055716582605,6.101244191079183,4.0201534506085235,3.744644513080991,4.301036208301957,0.996,0.988,1.0,0.0,0.0,0.0,0.996,0.988,1.0,1.0,1.0,1.0,13.0,12.0,13.0,14.199015668733649,13.861820089014861,14.540931758733512,14.199015668733649,13.861820089014861,14.540931758733512,1.7907834668262979
livebench,full_frontier,64,66,250,6.078364846671347,5.787473721842113,6.368818787477435,4.0201534506085235,3.744644513080991,4.301036208301957,1.0,1.0,1.0,0.0,0.0,0.0,1.0,1.0,1.0,1.0,1.0,1.0,13.0,13.0,14.0,14.33963050509978,13.979822906305621,14.700366060711545,14.33963050509978,13.979822906305621,14.700366060711545,2.0582113960628234
livebench,full_frontier,128,130,250,6.160741095267682,5.869701875326012,6.458513285312602,4.0201534506085235,3.744644513080991,4.301036208301957,1.0,1.0,1.0,0.0,0.0,0.0,1.0,1.0,1.0,1.0,1.0,1.0,13.0,13.0,14.0,14.495846919107846,14.17406330251198,14.7993958051474,14.495846919107846,14.17406330251198,14.7993958051474,2.140587644659159
livebench,full_frontier,256,258,250,6.189572571702311,5.8983201357200965,6.486059494665583,4.0201534506085235,3.744644513080991,4.301036208301957,1.0,1.0,1.0,0.0,0.0,0.0,1.0,1.0,1.0,1.0,1.0,1.0,14.0,14.0,14.0,15.049518253605246,14.734258973295784,15.3505408561311,15.049518253605246,14.734258973295784,15.3505408561311,2.169419121093788
livebench,full_frontier,512,514,250,6.199083808573491,5.9078570502844805,6.494373829989914,4.0201534506085235,3.744644513080991,4.301036208301957,1.0,1.0,1.0,0.0,0.0,0.0,1.0,1.0,1.0,1.0,1.0,1.0,13.0,13.0,14.0,14.21363034623631,13.882993231933717,14.535756532368815,14.21363034623631,13.882993231933717,14.535756532368815,2.1789303579649673
livebench,full_frontier,1024,1026,250,6.200532705930551,5.909557154525968,6.495566571228523,4.0201534506085235,3.744644513080991,4.301036208301957,1.0,1.0,1.0,0.0,0.0,0.0,1.0,1.0,1.0,1.0,1.0,1.0,14.0,13.0,14.0,14.703538312399953,14.38602436456579,15.006527876845501,14.703538312399953,14.38602436456579,15.006527876845501,2.180379255322028
livebench,full_frontier,2048,2050,250,6.201521146365501,5.910302886262237,6.496721148365066,4.0201534506085235,3.744644513080991,4.301036208301957,1.0,1.0,1.0,0.0,0.0,0.0,1.0,1.0,1.0,1.0,1.0,1.0,14.0,13.0,14.0,14.895873271550382,14.575552593706044,15.19165503053833,14.895873271550382,14.575552593706044,15.19165503053833,2.181367695756977
livebench,top5,1,3,250,5.224442254707076,4.9379092413581995,5.528284638076377,4.0201534506085235,3.744644513080991,4.301036208301957,0.924,0.888,0.952,0.208,0.16,0.26,0.716,0.656,0.772,1.0,1.0,1.0,2.0,2.0,2.0,2.4379752604902514,2.1080064052864667,2.795129860337667,2.4379752604902514,2.1080064052864667,2.795129860337667,1.2042888040985522
livebench,top5,2,4,250,4.533311496510751,4.272235784117528,4.817554808847346,4.0201534506085235,3.744644513080991,4.301036208301957,0.768,0.716,0.82,0.028,0.008,0.052,0.744,0.688,0.7960999999999995,1.0,1.0,1.0,2.0,2.0,2.0,4.131933632843028,3.783257650221615,4.485108640833252,4.131933632843028,3.783257650221615,4.485108640833252,0.5131580459022276
livebench,top5,4,6,250,5.839331643903095,5.557181116546521,6.135479157805344,4.0201534506085235,3.744644513080991,4.301036208301957,0.952,0.924,0.976,0.008,0.0,0.02,0.944,0.912,0.972,1.0,1.0,1.0,3.0,2.0,3.0,4.576443184622124,4.255685897475053,4.924804356063307,4.576443184622124,4.255685897475053,4.924804356063307,1.8191781932945714
livebench,top5,8,10,250,7.009068990427297,6.6911279520735265,7.344178910362014,4.0201534506085235,3.744644513080991,4.301036208301957,0.992,0.98,1.0,0.0,0.0,0.0,0.992,0.98,1.0,1.0,1.0,1.0,3.0,3.0,3.0,4.801935124479108,4.499036683115586,5.137247541826227,4.801935124479108,4.499036683115586,5.137247541826227,2.9889155398187732
livebench,top5,16,18,250,7.841562534416194,7.506756055462877,8.193052533422259,4.0201534506085235,3.744644513080991,4.301036208301957,1.0,1.0,1.0,0.02,0.004,0.04,0.98,0.96,0.996,1.0,1.0,1.0,3.0,2.0,3.0,4.6940592540616946,4.3604403338279445,5.053108535000765,4.6940592540616946,4.3604403338279445,5.053108535000765,3.82140908380767
livebench,top5,32,34,250,8.191924311607108,7.844451788901787,8.54690089927457,4.0201534506085235,3.744644513080991,4.301036208301957,1.0,1.0,1.0,0.016,0.004,0.032,0.984,0.968,0.996,1.0,1.0,1.0,3.0,2.0,3.0,4.74008836264257,4.3773583149937405,5.13165752797145,4.74008836264257,4.3773583149937405,5.13165752797145,4.171770860998585
livebench,top5,64,66,250,8.255515789476732,7.913086099020837,8.60953779102951,4.0201534506085235,3.744644513080991,4.301036208301957,1.0,1.0,1.0,0.008,0.0,0.02,0.992,0.98,1.0,1.0,1.0,1.0,3.0,3.0,3.0,4.949915477807497,4.608040737743892,5.315859425342389,4.949915477807497,4.608040737743892,5.315859425342389,4.2353623388682085
livebench,top5,128,130,250,8.270285394508825,7.922290643522173,8.6221685789932,4.0201534506085235,3.744644513080991,4.301036208301957,1.0,1.0,1.0,0.008,0.0,0.02,0.992,0.98,1.0,1.0,1.0,1.0,3.0,3.0,3.0,5.046398911874984,4.748076506831614,5.3559297232770575,5.046398911874984,4.748076506831614,5.3559297232770575,4.250131943900302
livebench,top5,256,258,250,8.251654553431592,7.908230274103404,8.599311868481598,4.0201534506085235,3.744644513080991,4.301036208301957,1.0,1.0,1.0,0.012,0.0,0.028,0.988,0.972,1.0,1.0,1.0,1.0,3.0,3.0,3.0,4.769504197764708,4.447417861884717,5.078778700546479,4.769504197764708,4.447417861884717,5.078778700546479,4.231501102823069
livebench,top5,512,514,250,8.17859632054928,7.842183296337537,8.52453976957687,4.0201534506085235,3.744644513080991,4.301036208301957,1.0,1.0,1.0,0.012,0.0,0.028,0.988,0.972,1.0,1.0,1.0,1.0,3.0,3.0,3.0,4.818734485253756,4.49698321519861,5.148778876339172,4.818734485253756,4.49698321519861,5.148778876339172,4.158442869940757
livebench,top5,1024,1026,250,8.132694165383393,7.795948526280872,8.47850250753165,4.0201534506085235,3.744644513080991,4.301036208301957,1.0,1.0,1.0,0.008,0.0,0.02,0.992,0.98,1.0,1.0,1.0,1.0,3.0,2.0,3.0,4.638178470346627,4.3383092230891345,4.965031853631942,4.638178470346627,4.3383092230891345,4.965031853631942,4.11254071477487
livebench,top5,2048,2050,250,8.077606191783056,7.744973159460587,8.416610953343445,4.0201534506085235,3.744644513080991,4.301036208301957,1.0,1.0,1.0,0.0,0.0,0.0,1.0,1.0,1.0,1.0,1.0,1.0,3.0,3.0,3.0,5.140177910688015,4.873701857245797,5.412659028509693,5.140177910688015,4.873701857245797,5.412659028509693,4.057452741174533
openllm_v2,full_frontier,1,3,250,2.111998947793875,1.9908442678746292,2.2364909500667878,1.9127311004836292,1.793496940224886,2.0340785813332216,0.988,0.972,1.0,0.828,0.78,0.876,0.168,0.12,0.212,1.0,1.0,1.0,1.0,1.0,1.0,-0.758620608139098,-0.8522188203962199,-0.6667287423870609,-0.758620608139098,-0.8522188203962199,-0.6667287423870609,0.19926784731024605
openllm_v2,full_frontier,2,4,250,1.9180390135717893,1.797677386076708,2.0360080906421745,1.9127311004836292,1.793496940224886,2.0340785813332216,0.052,0.028,0.08,0.0,0.0,0.0,0.052,0.028,0.08,6.0,6.0,6.0,6.0,6.0,6.0,5.351890457027409,5.057187588013544,5.667315482605022,5.351890457027409,5.057187588013544,5.667315482605022,0.005307913088160143
openllm_v2,full_frontier,4,6,250,1.928344340935193,1.8058943398982972,2.045928612826935,1.9127311004836292,1.793496940224886,2.0340785813332216,0.104,0.068,0.144,0.0,0.0,0.0,0.104,0.068,0.144,5.0,5.0,5.0,6.0,6.0,6.0,5.455358854236107,5.143714597805786,5.782313478521716,5.455358854236107,5.143714597805786,5.782313478521716,0.01561324045156387
openllm_v2,full_frontier,8,10,250,1.9809661709613828,1.8575996191378819,2.099990454801738,1.9127311004836292,1.793496940224886,2.0340785813332216,0.228,0.176,0.28,0.0,0.0,0.0,0.228,0.176,0.28,4.5,4.0,5.0,6.0,6.0,6.0,5.30622286518641,4.99568869202982,5.620112642729047,5.30622286518641,4.99568869202982,5.620112642729047,0.06823507047775368
openllm_v2,full_frontier,16,18,250,2.1816216424040222,2.0486606269924375,2.3148830105027143,1.9127311004836292,1.793496940224886,2.0340785813332216,0.36,0.2999,0.416,0.0,0.0,0.0,0.36,0.2999,0.416,4.0,3.0,4.0,6.0,6.0,6.0,5.438948127121745,5.123114830210967,5.77844508944377,5.438948127121745,5.123114830210967,5.77844508944377,0.2688905419203931
openllm_v2,full_frontier,32,34,250,2.595507029014515,2.425448832995916,2.7737153998054467,1.9127311004836292,1.793496940224886,2.0340785813332216,0.468,0.408,0.528,0.0,0.0,0.0,0.468,0.408,0.528,2.0,1.0,2.0,6.0,6.0,6.0,5.480240120003991,5.1659553963536995,5.80746867473266,5.480240120003991,5.1659553963536995,5.80746867473266,0.6827759285308856
openllm_v2,full_frontier,64,66,250,3.411164580505844,3.1827922282560013,3.638937948213596,1.9127311004836292,1.793496940224886,2.0340785813332216,0.98,0.96,0.996,0.0,0.0,0.0,0.98,0.96,0.996,1.0,1.0,1.0,6.0,6.0,6.0,5.4275038290267945,5.122352889861121,5.7627422844588265,5.4275038290267945,5.122352889861121,5.7627422844588265,1.498433480022215
openllm_v2,full_frontier,128,130,250,5.047453435176922,4.807193581753823,5.284390126325245,1.9127311004836292,1.793496940224886,2.0340785813332216,1.0,1.0,1.0,0.0,0.0,0.0,1.0,1.0,1.0,1.0,1.0,1.0,6.0,6.0,6.0,5.538307541558813,5.225703897787298,5.880299404704245,5.538307541558813,5.225703897787298,5.880299404704245,3.1347223346932926
openllm_v2,full_frontier,256,258,250,7.0320489187421655,6.814424541032379,7.258749229703649,1.9127311004836292,1.793496940224886,2.0340785813332216,1.0,1.0,1.0,0.0,0.0,0.0,1.0,1.0,1.0,1.0,1.0,1.0,6.0,6.0,6.0,5.4134134272734284,5.086497657716749,5.754355195096945,5.4134134272734284,5.086497657716749,5.754355195096945,5.119317818258536
openllm_v2,full_frontier,512,514,250,8.780099404387542,8.58179803123153,8.982014383724449,1.9127311004836292,1.793496940224886,2.0340785813332216,1.0,1.0,1.0,0.004,0.0,0.012,0.996,0.988,1.0,1.0,1.0,1.0,6.0,6.0,6.0,5.225896634320799,4.921765239374548,5.555164102071642,5.225896634320799,4.921765239374548,5.555164102071642,6.867368303903913
openllm_v2,full_frontier,1024,1026,250,10.066330884435663,9.878575679518258,10.252252517120954,1.9127311004836292,1.793496940224886,2.0340785813332216,1.0,1.0,1.0,0.004,0.0,0.012,0.996,0.988,1.0,1.0,1.0,1.0,6.0,6.0,6.0,5.166433110120461,4.85459503205267,5.485946779030798,5.166433110120461,4.85459503205267,5.485946779030798,8.153599783952034
openllm_v2,full_frontier,2048,2050,250,10.900724515247253,10.715019860805677,11.088924201391247,1.9127311004836292,1.793496940224886,2.0340785813332216,1.0,1.0,1.0,0.004,0.0,0.012,0.996,0.988,1.0,1.0,1.0,1.0,6.0,6.0,6.0,5.175298939260534,4.869836265285343,5.489034896970288,5.175298939260534,4.869836265285343,5.489034896970288,8.987993414763624
openllm_v2,top5,1,3,250,2.118029472621677,1.9999816444930583,2.241824374982389,1.9127311004836292,1.793496940224886,2.0340785813332216,0.96,0.932,0.98,0.76,0.708,0.808,0.236,0.184,0.288,1.0,1.0,1.0,1.0,1.0,1.0,-0.5546838165545324,-0.6488538799993735,-0.4606677063209983,-0.5546838165545324,-0.6488538799993735,-0.4606677063209983,0.2052983721380477
openllm_v2,top5,2,4,250,1.9180390135717893,1.797677386076708,2.0360080906421745,1.9127311004836292,1.793496940224886,2.0340785813332216,0.088,0.052,0.124,0.0,0.0,0.0,0.088,0.052,0.124,3.0,3.0,3.0,4.0,4.0,4.0,2.589737269862691,2.459035043877218,2.7270094252636605,2.589737269862691,2.459035043877218,2.7270094252636605,0.005307913088160143
openllm_v2,top5,4,6,250,1.929537254240853,1.8078507464508362,2.048950468188624,1.9127311004836292,1.793496940224886,2.0340785813332216,0.18,0.136,0.228,0.0,0.0,0.0,0.18,0.136,0.228,2.0,2.0,2.0,4.0,4.0,4.0,2.5491250934737764,2.4194603465399416,2.68032050067975,2.5491250934737764,2.4194603465399416,2.68032050067975,0.01680615375722394
openllm_v2,top5,8,10,250,2.0123574171057608,1.8926791314976108,2.1291658762653562,1.9127311004836292,1.793496940224886,2.0340785813332216,0.512,0.452,0.576,0.0,0.0,0.0,0.512,0.452,0.576,1.0,1.0,2.0,4.0,4.0,4.0,2.5520854157985102,2.420718202570241,2.69354699420246,2.5520854157985102,2.420718202570241,2.69354699420246,0.09962631662213162
openllm_v2,top5,16,18,250,2.357076609444638,2.2303472636767965,2.48943646893978,1.9127311004836292,1.793496940224886,2.0340785813332216,0.904,0.864,0.94,0.0,0.0,0.0,0.904,0.864,0.94,1.0,1.0,1.0,4.0,4.0,4.0,2.5488338593492528,2.4166279143176617,2.6858420845180513,2.5488338593492528,2.4166279143176617,2.6858420845180513,0.4443455089610089
openllm_v2,top5,32,34,250,3.2113232881116227,3.0661968762514915,3.3652826243542706,1.9127311004836292,1.793496940224886,2.0340785813332216,0.972,0.948,0.992,0.0,0.0,0.0,0.972,0.948,0.992,1.0,1.0,1.0,4.0,4.0,4.0,2.5852474993874006,2.4593177841163585,2.724678118042427,2.5852474993874006,2.4593177841163585,2.724678118042427,1.2985921876279936
openllm_v2,top5,64,66,250,4.580453893199892,4.399178688544333,4.768251272199241,1.9127311004836292,1.793496940224886,2.0340785813332216,1.0,1.0,1.0,0.0,0.0,0.0,1.0,1.0,1.0,1.0,1.0,1.0,4.0,4.0,4.0,2.5167240571693066,2.3825114120121413,2.6563645164025473,2.5167240571693066,2.3825114120121413,2.6563645164025473,2.667722792716263
openllm_v2,top5,128,130,250,6.048163482037382,5.845003601368721,6.25406562491664,1.9127311004836292,1.793496940224886,2.0340785813332216,1.0,1.0,1.0,0.0,0.0,0.0,1.0,1.0,1.0,1.0,1.0,1.0,4.0,4.0,4.0,2.6416935594932527,2.4999216893105345,2.786053882939489,2.6416935594932527,2.4999216893105345,2.786053882939489,4.135432381553753
openllm_v2,top5,256,258,250,7.561668065075449,7.351015973472151,7.773768377251504,1.9127311004836292,1.793496940224886,2.0340785813332216,1.0,1.0,1.0,0.004,0.0,0.012,0.996,0.988,1.0,1.0,1.0,1.0,4.0,4.0,4.0,2.436485897201467,2.2912841810691242,2.5853049072240957,2.436485897201467,2.2912841810691242,2.5853049072240957,5.64893696459182
openllm_v2,top5,512,514,250,8.891194568960202,8.676488058876291,9.101351202187159,1.9127311004836292,1.793496940224886,2.0340785813332216,1.0,1.0,1.0,0.008,0.0,0.02,0.992,0.98,1.0,1.0,1.0,1.0,4.0,4.0,4.0,2.3576405477924336,2.225447103562872,2.4969440900689412,2.3576405477924336,2.225447103562872,2.4969440900689412,6.978463468476573
openllm_v2,top5,1024,1026,250,9.80555538084902,9.589388569795986,10.01522484856872,1.9127311004836292,1.793496940224886,2.0340785813332216,1.0,1.0,1.0,0.004,0.0,0.012,0.996,0.988,1.0,1.0,1.0,1.0,4.0,4.0,4.0,2.352253980089353,2.216856515031421,2.4942310859896604,2.352253980089353,2.216856515031421,2.4942310859896604,7.8928242803653905
openllm_v2,top5,2048,2050,250,10.412350523442978,10.190116333464626,10.624777380042747,1.9127311004836292,1.793496940224886,2.0340785813332216,1.0,1.0,1.0,0.008,0.0,0.02,0.992,0.98,1.0,1.0,1.0,1.0,4.0,4.0,4.0,2.3564121884743816,2.2321165242635264,2.487161912162825,2.3564121884743816,2.2321165242635264,2.487161912162825,8.499619422959348
swe_verified,full_frontier,1,3,250,4.7122141259649375,4.446956208065795,4.989164201717047,4.596666907149556,4.31767909963206,4.872513887886877,0.576,0.5159,0.636,0.004,0.0,0.012,0.576,0.5159,0.636,1.0,1.0,1.0,11.0,10.0,13.0,4.233532934131738,3.9891616766467064,4.497005988023953,4.233532934131738,3.9891616766467064,4.497005988023953,0.11554721881538121
swe_verified,full_frontier,2,4,250,4.632118894740638,4.352604790419162,4.906477166149628,4.596666907149556,4.31767909963206,4.872513887886877,0.284,0.224,0.34,0.016,0.004,0.032,0.276,0.22,0.332,3.0,3.0,4.0,21.0,19.0,23.0,6.05748502994012,5.615449101796408,6.519820359281437,6.05748502994012,5.615449101796408,6.519820359281437,0.035451987591081924
swe_verified,full_frontier,4,6,250,4.743900151504219,4.4734521318808165,5.013499026044295,4.596666907149556,4.31767909963206,4.872513887886877,0.528,0.468,0.5840999999999994,0.0,0.0,0.0,0.528,0.468,0.5840999999999994,1.0,1.0,2.0,21.0,19.0,23.0,6.063473053892216,5.650179640718562,6.50062874251497,6.063473053892216,5.650179640718562,6.50062874251497,0.14723324435466267
swe_verified,full_frontier,8,10,250,4.9456604862564015,4.673566120770507,5.223319746050067,4.596666907149556,4.31767909963206,4.872513887886877,0.692,0.636,0.748,0.0,0.0,0.0,0.692,0.636,0.748,1.0,1.0,1.0,21.0,19.0,23.0,6.275449101796409,5.877784431137725,6.688652694610779,6.275449101796409,5.877784431137725,6.688652694610779,0.34899357910684525
swe_verified,full_frontier,16,18,250,5.171935646778731,4.8921383738547,5.4520745256474985,4.596666907149556,4.31767909963206,4.872513887886877,0.824,0.776,0.868,0.0,0.0,0.0,0.824,0.776,0.868,1.0,1.0,1.0,21.0,19.0,22.5,6.153293413173654,5.759221556886229,6.5725149700598795,6.153293413173654,5.759221556886229,6.5725149700598795,0.5752687396291751
swe_verified,full_frontier,32,34,250,5.355039318952455,5.071359570016593,5.6339044801962315,4.596666907149556,4.31767909963206,4.872513887886877,0.884,0.84,0.92,0.004,0.0,0.012,0.88,0.84,0.916,1.0,1.0,1.0,21.0,19.0,23.0,6.288622754491018,5.87299401197605,6.730538922155689,6.288622754491018,5.87299401197605,6.730538922155689,0.7583724118028989
swe_verified,full_frontier,64,66,250,5.425640285693672,5.140566697929441,5.709373061106701,4.596666907149556,4.31767909963206,4.872513887886877,0.9,0.864,0.932,0.0,0.0,0.0,0.9,0.864,0.932,1.0,1.0,1.0,21.0,19.5,23.0,6.126946107784431,5.708862275449102,6.571317365269463,6.126946107784431,5.708862275449102,6.571317365269463,0.8289733785441156
swe_verified,full_frontier,128,130,250,5.438020344852463,5.146500252507033,5.714920279922082,4.596666907149556,4.31767909963206,4.872513887886877,0.908,0.872,0.94,0.004,0.0,0.012,0.904,0.868,0.936,1.0,1.0,1.0,20.0,18.0,22.5,6.080239520958084,5.660988023952097,6.5174251497006,6.080239520958084,5.660988023952097,6.5174251497006,0.8413534377029066
swe_verified,full_frontier,256,258,250,5.4331289228771364,5.144051655724694,5.714472260298678,4.596666907149556,4.31767909963206,4.872513887886877,0.908,0.872,0.94,0.012,0.0,0.028,0.896,0.856,0.932,1.0,1.0,1.0,19.0,17.0,21.0,5.9832335329341335,5.564041916167665,6.406017964071857,5.9832335329341335,5.564041916167665,6.406017964071857,0.8364620157275802
swe_verified,full_frontier,512,514,250,5.425698001587187,5.135701969554865,5.705823533655579,4.596666907149556,4.31767909963206,4.872513887886877,0.908,0.872,0.94,0.0,0.0,0.0,0.908,0.872,0.94,1.0,1.0,1.0,20.0,18.0,22.0,6.162874251497008,5.752035928143714,6.5844610778443124,6.162874251497008,5.752035928143714,6.5844610778443124,0.8290310944376307
swe_verified,full_frontier,1024,1026,250,5.4185123728446705,5.1308098261308706,5.697501983983838,4.596666907149556,4.31767909963206,4.872513887886877,0.908,0.872,0.94,0.0,0.0,0.0,0.908,0.872,0.94,1.0,1.0,1.0,20.0,18.5,21.5,6.299401197604792,5.8706287425149695,6.747455089820359,6.299401197604792,5.8706287425149695,6.747455089820359,0.8218454656951142
swe_verified,full_frontier,2048,2050,250,5.404083399466128,5.11956532717697,5.679822884351777,4.596666907149556,4.31767909963206,4.872513887886877,0.908,0.872,0.94,0.0,0.0,0.0,0.908,0.872,0.94,1.0,1.0,1.0,21.0,19.0,23.0,6.294610778443114,5.86107784431138,6.747305389221557,6.294610778443114,5.86107784431138,6.747305389221557,0.8074164923165714
swe_verified,top5,1,3,250,5.136873241468869,4.8766640213548795,5.411258206478608,4.596666907149556,4.31767909963206,4.872513887886877,0.952,0.924,0.976,0.112,0.076,0.152,0.84,0.792,0.884,1.0,1.0,1.0,5.0,4.0,5.0,2.421556886227546,2.170059880239522,2.6730538922155698,2.421556886227546,2.170059880239522,2.6730538922155698,0.5402063343193131
swe_verified,top5,2,4,250,5.00821008585239,4.730590505735516,5.290682490440803,4.596666907149556,4.31767909963206,4.872513887886877,0.944,0.912,0.972,0.044,0.02,0.072,0.904,0.864,0.94,1.0,1.0,1.0,5.0,5.0,6.0,2.6526946107784433,2.4299401197604795,2.8730838323353294,2.6526946107784433,2.4299401197604795,2.8730838323353294,0.41154317870283386
swe_verified,top5,4,6,250,5.547290960248177,5.265609263400907,5.827707596854482,4.596666907149556,4.31767909963206,4.872513887886877,0.976,0.956,0.992,0.048,0.024,0.076,0.928,0.896,0.956,1.0,1.0,1.0,6.0,5.0,6.0,2.736526946107786,2.514970059880242,2.953323353293414,2.736526946107786,2.514970059880242,2.953323353293414,0.950624053098621
swe_verified,top5,8,10,250,5.895303369165282,5.603856503859748,6.180509703484595,4.596666907149556,4.31767909963206,4.872513887886877,0.992,0.98,1.0,0.028,0.012,0.048,0.964,0.94,0.984,1.0,1.0,1.0,7.0,5.5,7.0,2.9880239520958094,2.7652694610778457,3.2048203592814386,2.9880239520958094,2.7652694610778457,3.2048203592814386,1.2986364620157254
swe_verified,top5,16,18,250,6.279922083543754,5.972584229132097,6.569088088882474,4.596666907149556,4.31767909963206,4.872513887886877,0.996,0.988,1.0,0.012,0.0,0.028,0.984,0.968,0.996,1.0,1.0,1.0,6.5,6.0,7.0,3.002395209580839,2.7988023952095826,3.21317365269461,3.002395209580839,2.7988023952095826,3.21317365269461,1.6832551763941979
swe_verified,top5,32,34,250,6.456951157925112,6.155086213115935,6.751302575571747,4.596666907149556,4.31767909963206,4.872513887886877,1.0,1.0,1.0,0.016,0.004,0.032,0.984,0.968,0.996,1.0,1.0,1.0,6.0,6.0,7.0,3.0323353293413184,2.834730538922157,3.244341317365269,3.0323353293413184,2.834730538922157,3.244341317365269,1.860284250775556
swe_verified,top5,64,66,250,6.48136498088161,6.182291681696845,6.780371185340161,4.596666907149556,4.31767909963206,4.872513887886877,1.0,1.0,1.0,0.008,0.0,0.02,0.992,0.98,1.0,1.0,1.0,1.0,6.0,5.0,7.0,3.0395209580838327,2.8407185628742524,3.237155688622755,3.0395209580838327,2.8407185628742524,3.237155688622755,1.8846980737320536
swe_verified,top5,128,130,250,6.441916167664669,6.147104465767259,6.736976408628524,4.596666907149556,4.31767909963206,4.872513887886877,1.0,1.0,1.0,0.048,0.024,0.076,0.952,0.924,0.976,1.0,1.0,1.0,6.0,6.0,7.0,3.059880239520959,2.8251197604790437,3.2982035928143723,3.059880239520959,2.8251197604790437,3.2982035928143723,1.8452492605151125
swe_verified,top5,256,258,250,6.368241829593823,6.074357549960318,6.664108289445204,4.596666907149556,4.31767909963206,4.872513887886877,1.0,1.0,1.0,0.076,0.044,0.112,0.924,0.888,0.956,1.0,1.0,1.0,5.5,5.0,6.0,2.6443113772455105,2.4095508982035945,2.879071856287427,2.6443113772455105,2.4095508982035945,2.879071856287427,1.771574922444267
swe_verified,top5,512,514,250,6.256518288723757,5.963222350479763,6.547720943654857,4.596666907149556,4.31767909963206,4.872513887886877,1.0,1.0,1.0,0.064,0.036,0.096,0.936,0.904,0.964,1.0,1.0,1.0,6.0,5.0,6.0,2.741317365269462,2.500598802395211,2.9917065868263477,2.741317365269462,2.500598802395211,2.9917065868263477,1.6598513815742004
swe_verified,top5,1024,1026,250,6.199812423346079,5.911352355529903,6.496992280499241,4.596666907149556,4.31767909963206,4.872513887886877,1.0,1.0,1.0,0.04,0.016,0.064,0.96,0.936,0.984,1.0,1.0,1.0,6.0,5.0,7.0,3.01437125748503,2.783203592814371,3.2527245508982037,3.01437125748503,2.783203592814371,3.2527245508982037,1.6031455161965225
swe_verified,top5,2048,2050,250,6.160854195224008,5.872130077195006,6.456141331794242,4.596666907149556,4.31767909963206,4.872513887886877,1.0,1.0,1.0,0.036,0.016,0.06,0.964,0.94,0.984,1.0,1.0,1.0,6.0,5.487500000000001,7.0,2.907784431137726,2.6922155688622773,3.126976047904193,2.907784431137726,2.6922155688622773,3.126976047904193,1.5641872880744518
