released_score_coordinates,lower_dimension,higher_dimension,lower_d_submissions,higher_d_submissions,metric,higher_minus_lower_pp,ci_low,ci_high
3,1,3,4,2,first_s_not_t,2.666666666666668,-1.8666666666666636,6.800000000000004
3,1,3,4,2,score_gap_pp,0.01432496521826554,-0.011459062614445492,0.040852511062111685
6,2,6,4,2,first_s_not_t,3.066666666666663,-0.6700000000000044,6.5333333333333385
6,2,6,4,2,score_gap_pp,0.02652343775055588,0.0028600044673919634,0.052281710318388054
9,3,9,4,2,first_s_not_t,-0.2666666666666728,-3.470000000000008,3.06666666666667
9,3,9,4,2,score_gap_pp,0.012005897166796231,-0.018034798644816052,0.04279465358519968
18,6,18,4,2,first_s_not_t,1.0666666666666629,-3.200000000000003,5.333333333333357
18,6,18,4,2,score_gap_pp,0.020633786097024043,-0.03995431719539864,0.08587359194712997
63,1,9,64,8,first_s_not_t,-0.8000000000000114,-2.3999999999999915,0.5333333333333314
63,1,9,64,8,score_gap_pp,0.22954536105866996,0.1222935791438865,0.33316129786447557
126,2,18,64,8,first_s_not_t,0.26666666666667993,-0.7999999999999972,1.3333333333333286
126,2,18,64,8,score_gap_pp,0.3130288665003107,0.20320626302072764,0.414287700462389
