dimension,partition,computed_condition,new_submissions,model_selection_loss_pp
1,0,d01_p0,1,0.0
1,1,d01_p0,1,0.0
1,2,d01_p0,1,0.0
1,0,d01_p0,2,0.2546893096962261
1,1,d01_p0,2,0.2546893096962261
1,2,d01_p0,2,0.2546893096962261
1,0,d01_p0,4,0.586360830741514
1,1,d01_p0,4,0.586360830741514
1,2,d01_p0,4,0.586360830741514
1,0,d01_p0,8,1.428402148667483
1,1,d01_p0,8,1.428402148667483
1,2,d01_p0,8,1.428402148667483
1,0,d01_p0,16,2.5083151478422883
1,1,d01_p0,16,2.5083151478422883
1,2,d01_p0,16,2.5083151478422883
1,0,d01_p0,32,3.8496627598750286
1,1,d01_p0,32,3.8496627598750286
1,2,d01_p0,32,3.8496627598750286
1,0,d01_p0,64,4.521260815858476
1,1,d01_p0,64,4.521260815858476
1,2,d01_p0,64,4.521260815858476
1,0,d01_p0,128,4.640567754160318
1,1,d01_p0,128,4.640567754160318
1,2,d01_p0,128,4.640567754160318
1,0,d01_p0,256,4.65918380638815
1,1,d01_p0,256,4.65918380638815
1,2,d01_p0,256,4.65918380638815
1,0,d01_p0,512,4.577492707599688
1,1,d01_p0,512,4.577492707599688
1,2,d01_p0,512,4.577492707599688
1,0,d01_p0,1024,4.186545695105889
1,1,d01_p0,1024,4.186545695105889
1,2,d01_p0,1024,4.186545695105889
1,0,d01_p0,2048,4.115732166709299
1,1,d01_p0,2048,4.115732166709299
1,2,d01_p0,2048,4.115732166709299
2,0,d02_p0,1,0.4109052455464447
2,1,d02_p1,1,0.36085857094222196
2,2,d02_p2,1,0.5080728084766598
2,0,d02_p0,2,0.3936158605296778
2,1,d02_p1,2,0.44091600742611964
2,2,d02_p2,2,0.3459744097507414
2,0,d02_p0,4,1.325481413613972
2,1,d02_p1,4,1.2614109905809636
2,2,d02_p2,4,1.0519444996907084
2,0,d02_p0,8,2.411146779846865
2,1,d02_p1,8,2.233592010241215
2,2,d02_p2,8,2.027333815855688
2,0,d02_p0,16,3.719964171541823
2,1,d02_p1,16,3.4474738091106008
2,2,d02_p2,16,3.0219522736086417
2,0,d02_p0,32,4.873537833485662
2,1,d02_p1,32,4.460545378195344
2,2,d02_p2,32,4.283804268867599
2,0,d02_p0,64,4.986064470596542
2,1,d02_p1,64,4.742407944116139
2,2,d02_p2,64,4.671921040323194
2,0,d02_p0,128,4.77019041768639
2,1,d02_p1,128,4.6927683963634665
2,2,d02_p2,128,4.663112554669726
2,0,d02_p0,256,4.4568211842597725
2,1,d02_p1,256,4.880315272577265
2,2,d02_p2,256,4.619062803802328
2,0,d02_p0,512,4.349076340403135
2,1,d02_p1,512,4.601822666368013
2,2,d02_p2,512,4.440502010599884
2,0,d02_p0,1024,4.131129559134539
2,1,d02_p1,1024,4.265236980618135
2,2,d02_p2,1024,4.318603898440282
2,0,d02_p0,2048,4.067874401270425
2,1,d02_p1,2048,4.340001709681553
2,2,d02_p2,2048,4.305806912495765
3,0,d03_p0,1,0.7187729134308031
3,1,d03_p1,1,0.8819078062479915
3,2,d03_p2,1,0.4936364755379508
3,0,d03_p0,2,0.6147248910736286
3,1,d03_p1,2,0.6259232120921259
3,2,d03_p2,2,0.4340607808002959
3,0,d03_p0,4,1.6975349868630887
3,1,d03_p1,4,1.7964302920190458
3,2,d03_p2,4,1.457705532200306
3,0,d03_p0,8,2.7833011464134985
3,1,d03_p1,8,2.9376597585901876
3,2,d03_p2,8,2.561395337401937
3,0,d03_p0,16,3.919953620111036
3,1,d03_p1,16,3.6409106927469956
3,2,d03_p2,16,3.4225783645384897
3,0,d03_p0,32,4.850488995685228
3,1,d03_p1,32,4.363968517971983
3,2,d03_p2,32,4.593607920352044
3,0,d03_p0,64,4.843288674613172
3,1,d03_p1,64,4.768275604412724
3,2,d03_p2,64,4.863685905280943
3,0,d03_p0,128,4.782047882494993
3,1,d03_p1,128,4.8672437351978886
3,2,d03_p2,128,4.903117393149447
3,0,d03_p0,256,4.689690121629584
3,1,d03_p1,256,4.852667929197601
3,2,d03_p2,256,4.800478060210546
3,0,d03_p0,512,4.567254363529086
3,1,d03_p1,512,4.7092450846262786
3,2,d03_p2,512,4.594567979857326
3,0,d03_p0,1024,4.287824603502962
3,1,d03_p1,1024,4.379349421402207
3,2,d03_p2,1024,4.423711502782958
3,0,d03_p0,2048,4.2641980353346
3,1,d03_p1,2048,4.575419009256704
3,2,d03_p2,2048,4.401716576963554
6,0,d06_p0,1,1.1618286250173004
6,1,d06_p1,1,1.0160307482178506
6,2,d06_p2,1,0.7963361373056559
6,0,d06_p0,2,1.2000146416924462
6,1,d06_p1,2,1.1784517616729213
6,2,d06_p2,2,0.9644063001839274
6,0,d06_p0,4,2.9078129329448186
6,1,d06_p1,4,2.4648085931654915
6,2,d06_p2,4,2.5312995608635047
6,0,d06_p0,8,3.609931005175345
6,1,d06_p1,8,3.8497991707499115
6,2,d06_p2,8,3.22720751575162
6,0,d06_p0,16,4.317401790863768
6,1,d06_p1,16,4.173117090349835
6,2,d06_p2,16,3.788873851563211
6,0,d06_p0,32,4.68227358977097
6,1,d06_p1,32,4.246376158909626
6,2,d06_p2,32,4.639272988215437
6,0,d06_p0,64,4.814202993551829
6,1,d06_p1,64,4.324981077070251
6,2,d06_p2,64,4.777630397285506
6,0,d06_p0,128,5.049379136095695
6,1,d06_p1,128,4.577928349648484
6,2,d06_p2,128,4.92200199855964
6,0,d06_p0,256,4.84626741278521
6,1,d06_p1,256,4.474348822474652
6,2,d06_p2,256,4.521654537325944
6,0,d06_p0,512,4.592429773303101
6,1,d06_p1,512,4.374160528847498
6,2,d06_p2,512,4.520422006589104
6,0,d06_p0,1024,4.347235156917585
6,1,d06_p1,1024,4.164619122095866
6,2,d06_p2,1024,4.615300676234595
6,0,d06_p0,2048,4.47812171219331
6,1,d06_p1,2048,4.707731602852164
6,2,d06_p2,2048,4.8075684792097855
9,0,d09_p0,1,1.512803348778821
9,1,d09_p1,1,1.7709496762996524
9,2,d09_p2,1,1.399621518467405
9,0,d09_p0,2,1.7334153403999994
9,1,d09_p1,2,1.7245369381438864
9,2,d09_p2,2,1.3833126717771924
9,0,d09_p0,4,3.2830735385329755
9,1,d09_p1,4,3.1397729141002664
9,2,d09_p2,4,2.9928804386349532
9,0,d09_p0,8,3.952893651858014
9,1,d09_p1,8,3.8896550301627006
9,2,d09_p2,8,3.6135923295854773
9,0,d09_p0,16,4.400347805138199
9,1,d09_p1,16,4.122735502038474
9,2,d09_p2,16,3.694350649685611
9,0,d09_p0,32,4.940788994468272
9,1,d09_p1,32,4.402000888842363
9,2,d09_p2,32,4.276377084146192
9,0,d09_p0,64,4.59771257922816
9,1,d09_p1,64,4.732282294745451
9,2,d09_p2,64,4.592247771543996
9,0,d09_p0,128,4.864316781960342
9,1,d09_p1,128,4.913361613763869
9,2,d09_p2,128,4.726664954262395
9,0,d09_p0,256,4.713326185208305
9,1,d09_p1,256,4.717596283874613
9,2,d09_p2,256,4.32664112790608
9,0,d09_p0,512,4.57893543449915
9,1,d09_p1,512,4.529102648678803
9,2,d09_p2,512,4.500673079518798
9,0,d09_p0,1024,4.3335908124159905
9,1,d09_p1,1024,4.118065709110624
9,2,d09_p2,1024,4.2499328016062785
9,0,d09_p0,2048,4.779502346472993
9,1,d09_p1,2048,4.50333710578314
9,2,d09_p2,2048,4.3705460000357395
18,0,d18_p0,1,1.6310433815419478
18,1,d18_p0,1,1.6310433815419478
18,2,d18_p0,1,1.6310433815419478
18,0,d18_p0,2,2.515295609845422
18,1,d18_p0,2,2.515295609845422
18,2,d18_p0,2,2.515295609845422
18,0,d18_p0,4,3.804598104195841
18,1,d18_p0,4,3.804598104195841
18,2,d18_p0,4,3.804598104195841
18,0,d18_p0,8,4.2894100144506355
18,1,d18_p0,8,4.2894100144506355
18,2,d18_p0,8,4.2894100144506355
18,0,d18_p0,16,4.238625371169815
18,1,d18_p0,16,4.238625371169815
18,2,d18_p0,16,4.238625371169815
18,0,d18_p0,32,4.2846544797506905
18,1,d18_p0,32,4.2846544797506905
18,2,d18_p0,32,4.2846544797506905
18,0,d18_p0,64,4.4944815949156185
18,1,d18_p0,64,4.4944815949156185
18,2,d18_p0,64,4.4944815949156185
18,0,d18_p0,128,4.5909650289831045
18,1,d18_p0,128,4.5909650289831045
18,2,d18_p0,128,4.5909650289831045
18,0,d18_p0,256,4.314070314872828
18,1,d18_p0,256,4.314070314872828
18,2,d18_p0,256,4.314070314872828
18,0,d18_p0,512,4.363300602361877
18,1,d18_p0,512,4.363300602361877
18,2,d18_p0,512,4.363300602361877
18,0,d18_p0,1024,4.182744587454747
18,1,d18_p0,1024,4.182744587454747
18,2,d18_p0,1024,4.182744587454747
18,0,d18_p0,2048,4.684744027796135
18,1,d18_p0,2048,4.684744027796135
18,2,d18_p0,2048,4.684744027796135
