dimension,new_submissions,released_score_coordinates,trials,predeclared_partitions,model_selection_loss_pp,model_selection_loss_pp_ci_low,model_selection_loss_pp_ci_high,model_selection_loss_pp_partition_min,model_selection_loss_pp_partition_max,no_attack_t_pp,selected_t_pp,selected_router_rate,first_s_not_t
1,1,0,250,3,0.0,0.0,0.0,0.0,0.0,60.41368994341559,60.41368994341559,0.0,0.028
1,2,1,250,3,0.2546893096962261,0.12773282399851654,0.3995625920180058,0.2546893096962261,0.2546893096962261,60.41368994341559,60.159000633719366,0.088,0.088
1,4,3,250,3,0.586360830741514,0.40909420007815345,0.7900054412738611,0.586360830741514,0.586360830741514,60.41368994341559,59.82732911267408,0.212,0.212
1,8,7,250,3,1.428402148667483,1.133603118851473,1.7377383518612326,1.428402148667483,1.428402148667483,60.41368994341559,58.98528779474811,0.464,0.448
1,16,15,250,3,2.5083151478422883,2.151131897181073,2.8697122839004954,2.5083151478422883,2.5083151478422883,60.41368994341559,57.9053747955733,0.664,0.664
1,32,31,250,3,3.8496627598750286,3.498593959420875,4.22077150967086,3.8496627598750286,3.8496627598750286,60.41368994341559,56.56402718354056,0.84,0.84
1,64,63,250,3,4.521260815858476,4.172701522331558,4.882957941807298,4.521260815858476,4.521260815858476,60.41368994341559,55.892429127557115,0.964,0.96
1,128,127,250,3,4.640567754160318,4.294734422703162,5.006472977101712,4.640567754160318,4.640567754160318,60.41368994341559,55.773122189255275,0.996,0.996
1,256,255,250,3,4.65918380638815,4.331139404552306,4.995968419518128,4.65918380638815,4.65918380638815,60.41368994341559,55.75450613702744,1.0,1.0
1,512,511,250,3,4.577492707599688,4.251232466495054,4.92000834159898,4.577492707599688,4.577492707599688,60.41368994341559,55.8361972358159,1.0,0.996
1,1024,1023,250,3,4.186545695105888,3.850323852511739,4.52095101667486,4.186545695105889,4.186545695105889,60.41368994341559,56.2271442483097,1.0,0.996
1,2048,2047,250,3,4.115732166709299,3.776892281185583,4.4626644036556655,4.115732166709299,4.115732166709299,60.41368994341559,56.29795777670629,1.0,0.988
2,1,0,250,3,0.42661220832177543,0.3034451269118689,0.5594464352160168,0.36085857094222196,0.5080728084766598,60.41368994341559,59.98707773509381,0.23066666666666666,0.23466666666666666
2,2,2,250,3,0.3935020925688463,0.25375265148824366,0.5473988946584047,0.3459744097507414,0.44091600742611964,60.41368994341559,60.020187850846746,0.192,0.15066666666666667
2,4,6,250,3,1.2129456346285479,0.9858987099415814,1.4526986713463388,1.0519444996907084,1.325481413613972,60.41368994341559,59.200744308787044,0.4026666666666667,0.376
2,8,14,250,3,2.2240242019812557,1.922559733772708,2.540532218646337,2.027333815855688,2.411146779846865,60.41368994341559,58.18966574143433,0.6866666666666666,0.644
2,16,30,250,3,3.396463418087022,3.0622138911352277,3.7393858033714555,3.0219522736086417,3.719964171541823,60.41368994341559,57.01722652532857,0.8493333333333334,0.8226666666666667
2,32,62,250,3,4.539295826849534,4.212695830888112,4.860774951702845,4.283804268867599,4.873537833485662,60.41368994341559,55.87439411656606,0.9653333333333334,0.9613333333333334
2,64,126,250,3,4.800131151678625,4.470631243142531,5.131232722399178,4.671921040323194,4.986064470596542,60.41368994341559,55.61355879173696,0.9946666666666667,0.9893333333333333
2,128,254,250,3,4.708690456239861,4.3923239316648095,5.0313685622697415,4.663112554669726,4.77019041768639,60.41368994341559,55.704999487175726,1.0,1.0
2,256,510,250,3,4.652066420213122,4.344220713659389,4.964967245820135,4.4568211842597725,4.880315272577265,60.41368994341559,55.761623523202466,1.0,0.9973333333333333
2,512,1022,250,3,4.463800339123677,4.153018700940028,4.7894596903387185,4.349076340403135,4.601822666368013,60.41368994341559,55.94988960429191,1.0,0.9973333333333333
2,1024,2046,250,3,4.238323479397652,3.9234358829017664,4.563084466688181,4.131129559134539,4.318603898440282,60.41368994341559,56.17536646401794,1.0,0.9946666666666667
2,2048,4094,250,3,4.237894341149247,3.9301312648065996,4.559447655825543,4.067874401270425,4.340001709681553,60.41368994341559,56.17579560226634,1.0,0.9893333333333333
3,1,0,250,3,0.6981057317389151,0.5280203771524186,0.8719281316248578,0.4936364755379508,0.8819078062479915,60.41368994341559,59.71558421167668,0.4,0.3453333333333333
3,2,3,250,3,0.5582362946553501,0.4112021370033357,0.7233314721279855,0.4340607808002959,0.6259232120921259,60.41368994341559,59.85545364876024,0.2693333333333333,0.23866666666666667
3,4,9,250,3,1.65055693702748,1.408224376882819,1.9093847711591165,1.457705532200306,1.7964302920190458,60.41368994341559,58.76313300638811,0.5413333333333333,0.524
3,8,21,250,3,2.7607854141352077,2.4408714913942657,3.0872206040633605,2.561395337401937,2.9376597585901876,60.41368994341559,57.652904529280384,0.796,0.776
3,16,45,250,3,3.6611475591321736,3.3333308212571877,3.9920106947759177,3.4225783645384897,3.919953620111036,60.41368994341559,56.752542384283416,0.9253333333333333,0.9013333333333333
3,32,93,250,3,4.602688478003085,4.276097958994444,4.934702306037768,4.363968517971983,4.850488995685228,60.41368994341559,55.8110014654125,0.984,0.9813333333333333
3,64,189,250,3,4.825083394768947,4.497164606021535,5.147835058906418,4.768275604412724,4.863685905280943,60.41368994341559,55.588606548646645,0.9986666666666667,0.996
3,128,381,250,3,4.85080300361411,4.535586449861214,5.171841948404425,4.782047882494993,4.903117393149447,60.41368994341559,55.56288693980148,1.0,0.9973333333333333
3,256,765,250,3,4.78094537034591,4.4807041660650455,5.0905678322923045,4.689690121629584,4.852667929197601,60.41368994341559,55.63274457306968,1.0,0.9946666666666667
3,512,1533,250,3,4.623689142670897,4.319462217063081,4.936149514611496,4.567254363529086,4.7092450846262786,60.41368994341559,55.79000080074469,1.0,1.0
3,1024,3069,250,3,4.363628509229376,4.054648031475445,4.684108894193167,4.287824603502962,4.423711502782958,60.41368994341559,56.05006143418621,1.0,0.996
3,2048,6141,250,3,4.41377787385162,4.113287226216064,4.727936218437737,4.2641980353346,4.575419009256704,60.41368994341559,55.99991206956397,1.0,0.9986666666666667
6,1,0,250,3,0.9913985035136025,0.7341676713081191,1.247870591831756,0.7963361373056559,1.1618286250173004,60.41368994341559,59.42229143990199,0.76,0.548
6,2,6,250,3,1.1142909011830984,0.89110944553816,1.3581417604573556,0.9644063001839274,1.2000146416924462,60.41368994341559,59.299399042232494,0.4493333333333333,0.4066666666666667
6,4,18,250,3,2.6346403623246046,2.3044799473303117,2.974180844852997,2.4648085931654915,2.9078129329448186,60.41368994341559,57.77904958109099,0.768,0.7333333333333333
6,8,42,250,3,3.562312563892292,3.2108354131878576,3.912816098949899,3.22720751575162,3.8497991707499115,60.41368994341559,56.8513773795233,0.9293333333333333,0.9026666666666666
6,16,90,250,3,4.093130910925605,3.7426625371346587,4.450423873130364,3.788873851563211,4.317401790863768,60.41368994341559,56.32055903248999,0.9866666666666667,0.9613333333333334
6,32,186,250,3,4.522640912298677,4.184654763968111,4.865932438199492,4.246376158909626,4.68227358977097,60.41368994341559,55.891049031116914,0.9973333333333333,0.9853333333333333
6,64,378,250,3,4.638938155969195,4.283475229970895,4.9840987958682765,4.324981077070251,4.814202993551829,60.41368994341559,55.7747517874464,1.0,0.992
6,128,762,250,3,4.849769828101273,4.537525553954934,5.158793234882325,4.577928349648484,5.049379136095695,60.41368994341559,55.56392011531432,1.0,0.9986666666666667
6,256,1530,250,3,4.614090257528602,4.304283110981228,4.927216864222701,4.474348822474652,4.84626741278521,60.41368994341559,55.79959968588699,1.0,0.9973333333333333
6,512,3066,250,3,4.495670769579902,4.16863455016095,4.823653069572434,4.374160528847498,4.592429773303101,60.41368994341559,55.91801917383569,1.0,0.9986666666666667
6,1024,6138,250,3,4.375718318416015,4.052485947246745,4.700650026000446,4.164619122095866,4.615300676234595,60.41368994341559,56.03797162499958,1.0,0.9973333333333333
6,2048,12282,250,3,4.66447393141842,4.36513268384602,4.9633920926391335,4.47812171219331,4.8075684792097855,60.41368994341559,55.74921601199717,1.0,0.9986666666666667
9,1,0,250,3,1.5611248478486262,1.3099082365966357,1.8454329881049545,1.399621518467405,1.7709496762996524,60.41368994341559,58.852565095566966,0.8173333333333334,0.7173333333333334
9,2,9,250,3,1.6137549834403593,1.3270860162103948,1.8954821577669227,1.3833126717771924,1.7334153403999994,60.41368994341559,58.79993495997523,0.5573333333333333,0.5213333333333333
9,4,27,250,3,3.1385756304227317,2.8162222375021257,3.4804547753251978,2.9928804386349532,3.2830735385329755,60.41368994341559,57.27511431299286,0.8586666666666667,0.836
9,8,63,250,3,3.8187136705353977,3.4784140206631524,4.178010830570645,3.6135923295854773,3.952893651858014,60.41368994341559,56.594976272880196,0.96,0.952
9,16,135,250,3,4.072477985620762,3.7114195126776144,4.43030224487282,3.694350649685611,4.400347805138199,60.41368994341559,56.341211957794826,0.9973333333333333,0.968
9,32,279,250,3,4.539722322485608,4.18362464701477,4.895140191765593,4.276377084146192,4.940788994468272,60.41368994341559,55.87396762092998,1.0,0.988
9,64,567,250,3,4.6407475485058685,4.290769007102288,4.9824625183712135,4.592247771543996,4.732282294745451,60.41368994341559,55.77294239490972,1.0,0.9933333333333333
9,128,1143,250,3,4.834781116662203,4.50839889464552,5.138574875990501,4.726664954262395,4.913361613763869,60.41368994341559,55.57890882675339,1.0,0.9986666666666667
9,256,2295,250,3,4.585854532329666,4.262035689495307,4.895925879953238,4.32664112790608,4.717596283874613,60.41368994341559,55.82783541108593,1.0,0.992
9,512,4599,250,3,4.5362370542322505,4.214158229543058,4.85702995284897,4.500673079518798,4.57893543449915,60.41368994341559,55.87745288918334,1.0,0.996
9,1024,9207,250,3,4.233863107710965,3.8923844833621892,4.560855637555042,4.118065709110624,4.3335908124159905,60.41368994341559,56.179826835704624,1.0,0.992
9,2048,18423,250,3,4.551128484097291,4.2331329112440335,4.864895493005375,4.3705460000357395,4.779502346472993,60.41368994341559,55.8625614593183,1.0,0.9946666666666667
18,1,0,250,3,1.631043381541948,1.2952161729486371,1.9814997087139488,1.6310433815419478,1.6310433815419478,60.41368994341559,58.78264656187364,0.924,0.716
18,2,18,250,3,2.515295609845422,2.1657025141551096,2.885739254015776,2.515295609845422,2.515295609845422,60.41368994341559,57.89839433357017,0.768,0.744
18,4,54,250,3,3.8045981041958408,3.4541530192891483,4.163492640033918,3.804598104195841,3.804598104195841,60.41368994341559,56.60909183921975,0.952,0.944
18,8,126,250,3,4.2894100144506355,3.94873358022043,4.633985230995768,4.2894100144506355,4.2894100144506355,60.41368994341559,56.12427992896495,0.992,0.992
18,16,270,250,3,4.238625371169814,3.879823774551271,4.596880576507621,4.238625371169815,4.238625371169815,60.41368994341559,56.17506457224577,1.0,0.98
18,32,558,250,3,4.28465447975069,3.913866424827868,4.6781076431093,4.2846544797506905,4.2846544797506905,60.41368994341559,56.1290354636649,1.0,0.984
18,64,1134,250,3,4.494481594915617,4.120870519451824,4.863271602139476,4.4944815949156185,4.4944815949156185,60.41368994341559,55.91920834849997,1.0,0.992
18,128,2286,250,3,4.5909650289831045,4.2582573404717605,4.928195615584699,4.5909650289831045,4.5909650289831045,60.41368994341559,55.822724914432484,1.0,0.992
18,256,4590,250,3,4.314070314872828,3.9739553796636353,4.651060688420635,4.314070314872828,4.314070314872828,60.41368994341559,56.09961962854276,1.0,0.988
18,512,9198,250,3,4.3633006023618774,4.020675258309774,4.719284996522646,4.363300602361877,4.363300602361877,60.41368994341559,56.050389341053716,1.0,0.988
18,1024,18414,250,3,4.1827445874547475,3.850420314217626,4.5137507081727595,4.182744587454747,4.182744587454747,60.41368994341559,56.23094535596084,1.0,0.992
18,2048,36846,250,3,4.6847440277961345,4.374287812495561,4.992291579590906,4.684744027796135,4.684744027796135,60.41368994341559,55.728945915619455,1.0,1.0
