policy,new_submissions,trials,false_winner,false_winner_low,false_winner_high,heldout_regret_pp,heldout_regret_pp_low,heldout_regret_pp_high,reused_gain_static_pp,reused_gain_static_pp_low,reused_gain_static_pp_high,heldout_gain_static_pp,heldout_gain_static_pp_low,heldout_gain_static_pp_high,distinguishability,distinguishability_low,distinguishability_high,reused_score_pp,reused_score_pp_low,reused_score_pp_high,heldout_score_pp,heldout_score_pp_low,heldout_score_pp_high,false_winner_gain_static_pp,false_winner_gain_static_pp_low,false_winner_gain_static_pp_high
aggregate,1,250,0.064,0.036,0.09209999999999945,0.45543388289188,0.2529941389102085,0.679344962437871,0.0,0.0,0.0,0.0,0.0,0.0,0.9427821817569801,0.9412864952346328,0.9443857001312873,60.699134705699166,60.395879399463205,61.00902109606818,60.41368994341559,60.1831225972689,60.63640643644552,0.0,0.0,0.0
aggregate,2,250,0.028,0.008,0.048099999999999456,4.250669222474385,4.036605795104741,4.472539461913655,-2.5544987970648885,-2.717333428426997,-2.385465886181335,-3.7952353395825047,-4.000995854401616,-3.6044497177344166,0.9427821817569801,0.9412864952346328,0.9443857001312873,58.14463590863427,57.889915776364376,58.43214663869196,56.61845460383309,56.38780286108022,56.84262257089835,-3.6,-7.2,-0.4
aggregate,4,250,0.136,0.096,0.18,4.467744300497788,4.242789660410947,4.703813954102177,-1.6988977299829437,-1.8860241520638088,-1.5102746113687784,-4.012310417605908,-4.215140589726013,-3.8143119511922103,0.9427821817569801,0.9412864952346328,0.9443857001312873,59.00023697571622,58.74151407264672,59.27731134668148,56.40137952580968,56.16655717039469,56.635190505243926,7.2,2.8,11.6
aggregate,8,250,0.368,0.312,0.4280999999999994,4.100463887941562,3.8491837902469106,4.347561516308784,-0.4186256900519646,-0.6022365510383957,-0.22627867972876056,-3.6450300050496818,-3.8753992119328666,-3.420127511117523,0.9427821817569801,0.9412864952346328,0.9443857001312873,60.2805090156472,59.99818128297649,60.5682164583217,56.76865993836591,56.52522030695286,57.00652582313857,30.4,24.4,36.8
aggregate,16,250,0.716,0.656,0.772,4.36085305781576,4.111058134936189,4.614211424574993,0.8260636474410126,0.6384997877945556,0.9984820584251598,-3.90541917492388,-4.135478223435083,-3.662422992255879,0.9427821817569801,0.9412864952346328,0.9443857001312873,61.525198353140176,61.26859740821493,61.79496208011831,56.50827076849171,56.26255495383075,56.74458642017127,65.2,58.8,71.2
aggregate,32,250,0.964,0.94,0.9840999999999994,5.012139310387085,4.791516212294811,5.238720838860868,2.3821622825399573,2.1999123559303233,2.5563408929977585,-4.556705427495205,-4.776922228648998,-4.344162837360891,0.9427821817569801,0.9412864952346328,0.9443857001312873,63.081296988239124,62.799286935952296,63.38136003577437,55.85698451592039,55.622878276552775,56.07116759032026,90.0,86.0,93.6
aggregate,64,250,0.996,0.988,1.0,4.668892319485429,4.4652264948592135,4.889359569640731,4.208405501072525,4.044466453348262,4.369349343807775,-4.213458436593549,-4.410005667081495,-4.016248534429423,0.9427821817569801,0.9412864952346328,0.9443857001312873,64.90754020677169,64.63723330933493,65.18363438726654,56.20023150682204,55.97332576814894,56.42026483584875,93.2,90.0,96.0
aggregate,128,250,1.0,1.0,1.0,4.487458528870412,4.262864647920432,4.720132560923588,5.7741761243657335,5.622684047283117,5.924918044620438,-4.032024645978532,-4.231821157249953,-3.8332552642052224,0.9427821817569801,0.9412864952346328,0.9443857001312873,66.4733108300649,66.19556419961833,66.74450395424155,56.38166529743706,56.142099593189066,56.60334287064184,93.6,90.78999999999999,96.4
category,1,250,0.692,0.636,0.752,2.1167506135905367,1.7958598381738524,2.4431211908906407,0.0,0.0,0.0,0.0,0.0,0.0,0.9428061035731248,0.9413291480876578,0.9444153819005059,62.20576981918,61.87711150195906,62.531476425513816,58.752373212716925,58.4500523093457,59.06291826568133,0.0,0.0,0.0
category,2,250,0.3,0.244,0.356,5.060153700583303,4.805527803673605,5.334574568888523,-2.413901292399498,-2.562284421424185,-2.2537630975950997,-2.9434030869927668,-3.1491594648887404,-2.7460876036427635,0.9428061035731248,0.9413291480876578,0.9444153819005059,59.79186852678051,59.47900151595047,60.10910182133337,55.808970125724166,55.53666971845782,56.062597872622554,-39.2,-46.8,-31.6
category,4,250,0.744,0.688,0.796,5.415758019063054,5.153862738220227,5.686223366074861,-0.4592776733192475,-0.6173642653103278,-0.3021514108208953,-3.2990074054725174,-3.5023243195422533,-3.0832805472487874,0.9428061035731248,0.9413291480876578,0.9444153819005059,61.746492145860756,61.4077293103203,62.06488356471089,55.453365807244424,55.1818950992388,55.71196306995727,5.2,-1.6,12.0
category,8,250,0.936,0.904,0.964,5.6654534123535525,5.409166998367491,5.925629328696823,1.468041168319739,1.3050664704386867,1.6364930619891556,-3.5487027987630158,-3.796489669458575,-3.3048621213970355,0.9428061035731248,0.9413291480876578,0.9444153819005059,63.67381098749974,63.350240942361076,63.98710434490056,55.20367041395392,54.9430611481185,55.455632152452,24.4,19.2,30.009999999999945
category,16,250,0.992,0.98,1.0,5.3378462069913875,5.059555461207242,5.615109243028693,3.4187034896928137,3.2706987910965695,3.569727634434667,-3.221095593400851,-3.4432528639202724,-2.995071378660294,0.9428061035731248,0.9413291480876578,0.9444153819005059,65.62447330887282,65.32322947456171,65.9284395164439,55.531277619316086,55.25383889446047,55.79481253452716,30.0,24.0,35.6
category,32,250,0.988,0.972,1.0,5.187714896301485,4.90129207583105,5.479308430606564,4.8648694432311625,4.727108916423925,5.010592638977181,-3.0709642827109493,-3.287454515395085,-2.852676590593719,0.9428061035731248,0.9413291480876578,0.9444153819005059,67.07063926241116,66.7625317037565,67.37920770865072,55.681408930005986,55.38675813378698,55.95787516809013,29.6,24.0,35.2
category,64,250,1.0,1.0,1.0,5.257093021277312,4.985334296852943,5.54296777003599,5.48221858229882,5.348811841470792,5.624745774487272,-3.140342407686776,-3.3484179205442657,-2.926099400511221,0.9428061035731248,0.9413291480876578,0.9444153819005059,67.68798840147882,67.38143955090074,68.00643974797975,55.61203080503015,55.32290126276969,55.8819728629698,30.8,24.8,36.4
category,128,250,1.0,1.0,1.0,5.291328898772672,5.037724580985371,5.562830095923132,5.8087604660229335,5.676133896987231,5.946888734123352,-3.174578285182136,-3.4132433259054666,-2.9455070025645105,0.9428061035731248,0.9413291480876578,0.9444153819005059,68.01453028520292,67.70651990362595,68.32931298777082,55.5777949275348,55.29318828931044,55.82637756296992,30.8,24.8,36.4
task,1,250,0.756,0.7039,0.808,2.3333738349518773,2.0077818629395296,2.651595895022246,0.0,0.0,0.0,0.0,0.0,0.0,0.9428061035731248,0.9413291480876578,0.9444153819005059,64.08109549146401,63.773569220119875,64.41402282081754,58.535749991355594,58.224872814996864,58.846788908385534,0.0,0.0,0.0
task,2,250,0.776,0.7279,0.824,4.130655614571353,3.7933729685997712,4.458603587049544,-1.8386403284131487,-2.0171457874876615,-1.6675127976677553,-1.7972817796194764,-1.9699528161689857,-1.6247440938446254,0.9428061035731248,0.9413291480876578,0.9444153819005059,62.242455163050856,61.932559151134754,62.555309528189795,56.73846821173611,56.40126279819553,57.057791243168055,2.0,-4.4,8.8
task,4,250,0.944,0.912,0.972,4.576267936638113,4.2582528460297935,4.895553836179323,0.9616969117281432,0.7903606250859,1.122305310633758,-2.2428941016862374,-2.4409972710793495,-2.043910042901815,0.9428061035731248,0.9413291480876578,0.9444153819005059,65.04279240319215,64.71544265899864,65.37340324882602,56.292855889669354,55.97235645559425,56.60693016260445,18.8,14.0,24.0
task,8,250,0.992,0.98,1.0,4.7949486000181825,4.4873599614435395,5.094686475340887,2.845171222396628,2.6824066898707963,3.0059281799923254,-2.461574765066305,-2.6533381837648546,-2.2655810735441495,0.9428061035731248,0.9413291480876578,0.9444153819005059,66.92626671386064,66.61591023418286,67.24453527347426,56.07417522628929,55.77049168804121,56.38122443445306,23.6,18.790000000000003,28.8
task,16,250,0.984,0.968,0.996,4.680791160573315,4.346357033140023,4.999578674784998,3.968480591189353,3.826822026531603,4.116788650695647,-2.347417325621439,-2.522122585115558,-2.160345300578053,0.9428061035731248,0.9413291480876578,0.9444153819005059,68.04957608265336,67.739117711589,68.37157366236471,56.18833266573416,55.88014028532209,56.513367108614176,22.8,17.6,28.0
task,32,250,0.988,0.972,1.0,4.69282501729035,4.346622206002386,5.027507204926662,4.432583909091099,4.285641546795097,4.5785518657930115,-2.3594511823384727,-2.529437152664266,-2.1880703897624305,0.9428061035731248,0.9413291480876578,0.9444153819005059,68.5136794005551,68.20072145925677,68.83381642692427,56.176298809017126,55.84683530497415,56.51021126718972,23.2,18.0,28.8
task,64,250,0.996,0.988,1.0,4.859686095329298,4.53430970287786,5.169447195377699,4.5790420291124025,4.428037827422331,4.7270491483587564,-2.5263122603774217,-2.706790243404822,-2.33972503411061,0.9428061035731248,0.9413291480876578,0.9444153819005059,68.66013752057641,68.3495285494338,68.9830454197285,56.00943773097817,55.693414449774075,56.331818280556554,24.0,18.8,29.6
task,128,250,0.992,0.98,1.0,4.932345314525985,4.649134627741275,5.197117468973724,4.636877222446301,4.483342054229497,4.784587296699742,-2.598971479574108,-2.7841323776835325,-2.403393893404403,0.9428061035731248,0.9413291480876578,0.9444153819005059,68.7179727139103,68.4070653101746,69.04286843925297,55.93677851178148,55.65589046391592,56.21291058851566,23.6,18.4,28.8
