benchmark,policy,new_submissions,increase_mean_pp,increase_ci_low,increase_ci_high,adjusted_lower_pp,significant_increase
livebench,top5,1,1.2042888040985513,1.0030725249822132,1.4004353797304376,,False
livebench,top5,2,0.5131580459022262,0.3838113674626462,0.634096819730497,0.3029856955987499,True
livebench,top5,4,1.8191781932945708,1.5664607137727393,2.065155888761623,1.4074330716854093,True
livebench,top5,8,2.9889155398187723,2.6638057055052373,3.3133511155600734,2.4654179078205,True
livebench,top5,16,3.8214090838076684,3.455788557335196,4.187169473532361,3.2401938027340673,True
livebench,top5,32,4.171770860998584,3.790744563255057,4.553137012808907,3.5651192865454435,True
livebench,top5,64,4.23536233886821,3.8572072814776446,4.615108388778728,3.6283662336208575,True
livebench,top5,128,4.2501319439003,3.8691425652256095,4.6322203568613265,3.638895584093505,True
livebench,top5,256,4.231501102823069,3.8509736165734036,4.612956150779034,3.621952845687506,True
livebench,top5,512,4.158442869940756,3.7817601137597077,4.536476613821403,3.548940668161668,True
livebench,top5,1024,4.11254071477487,3.7368421494601067,4.4896423557256195,3.505274612918484,True
livebench,top5,2048,4.057452741174532,3.6844407195044946,4.4307894642059935,3.4591044416762378,True
helm_capabilities,top5,1,0.020517548580534145,0.004837717828309135,0.03296806676224137,,False
helm_capabilities,top5,2,0.003092344259774004,-0.0019377330186899477,0.006184688519548008,-0.005813199056069841,False
helm_capabilities,top5,4,0.010962462013744793,-0.00033829988170618747,0.019979382494475798,-0.0092478616126229,False
helm_capabilities,top5,8,0.061300956732006806,0.031915501689410083,0.08699600054251062,0.011865757952205194,True
helm_capabilities,top5,16,0.27046344717441384,0.2070457672893139,0.3297770555457127,0.1663641509693537,True
helm_capabilities,top5,32,0.7402816622638853,0.6317238872661423,0.8454536645730422,0.5658887192332467,True
helm_capabilities,top5,64,1.4499088511065363,1.3124739461940704,1.5862989553391722,1.2321085604325317,True
helm_capabilities,top5,128,2.0557031525862093,1.8986294178059238,2.2131555320544463,1.807112861021126,True
helm_capabilities,top5,256,2.3786224263251534,2.2154081040022477,2.543102019488594,2.118798298535311,True
helm_capabilities,top5,512,2.515705871018311,2.349366519140132,2.6839288019014917,2.2489690381249337,True
helm_capabilities,top5,1024,2.5837814974577458,2.4145125779686967,2.7552999320667304,2.314427084702205,True
helm_capabilities,top5,2048,2.61304226982058,2.442811100914473,2.7861519057039814,2.341027846674614,True
helm_lite,top5,1,0.028832371635249873,0.015082487558431654,0.04060143237250327,,False
helm_lite,top5,2,0.0,0.0,0.0,0.0,False
helm_lite,top5,4,0.004479232346384875,-0.0013565363036439834,0.00895846469276975,-0.005457250333704885,False
helm_lite,top5,8,0.015967282392816463,-0.0006867038243187698,0.02867673207105849,-0.012628611571687903,False
helm_lite,top5,16,0.05926435227607723,0.02610229756723384,0.08736226486552702,0.004294726850756395,True
helm_lite,top5,32,0.2640470155386738,0.19933560297043568,0.3238860999686,0.15743594919790493,True
helm_lite,top5,64,0.805233612007692,0.6978641495239245,0.9098510061882985,0.6351426640770627,True
helm_lite,top5,128,1.4949011380240738,1.3685048749428788,1.619718685798958,1.2961370214012033,True
helm_lite,top5,256,2.079011873243725,1.9516298689386757,2.206793979588392,1.877298656701746,True
helm_lite,top5,512,2.465801571113012,2.3392631222826044,2.5936863352136874,2.2672426291471033,True
helm_lite,top5,1024,2.7053695928372496,2.579157873053488,2.832624793846911,2.5063647838838583,True
helm_lite,top5,2048,2.857235021256716,2.730639321368666,2.9851476248977016,2.658345994547313,True
openllm_v2,top5,1,0.20529837213804733,0.15017825861637762,0.25633283437474896,,False
openllm_v2,top5,2,0.00530791308816001,-0.002846816045451561,0.01061582617632002,-0.008926167139097798,False
openllm_v2,top5,4,0.01680615375722381,0.0008531321152954532,0.02886163303964864,-0.0113739201433245,False
openllm_v2,top5,8,0.09962631662213117,0.05659269426183186,0.1372789598652861,0.027079871828261715,True
openllm_v2,top5,16,0.4443455089610086,0.3522952387157072,0.5314038498747047,0.2943422660474794,True
openllm_v2,top5,32,1.2985921876279938,1.1524301862356565,1.4414570171063656,1.066070577105861,True
openllm_v2,top5,64,2.667722792716263,2.4745764855597248,2.862242410538448,2.35674770388552,True
openllm_v2,top5,128,4.135432381553753,3.9195085597923915,4.355315629395769,3.7910829806192794,True
openllm_v2,top5,256,5.648936964591818,5.422393060106661,5.8791875316063225,5.289666318519734,True
openllm_v2,top5,512,6.978463468476573,6.7527142718660755,7.208040919186046,6.622238377893291,True
openllm_v2,top5,1024,7.892824280365391,7.668272815412083,8.120831223948596,7.537841189447587,True
openllm_v2,top5,2048,8.499619422959347,8.274179968145027,8.728531539159071,8.145859048696135,True
swe_verified,top5,1,0.5402063343193129,0.42527956135920875,0.6497366712358402,,False
swe_verified,top5,2,0.4115431787028348,0.31853401630473854,0.499112618137219,0.26368948849289364,True
swe_verified,top5,4,0.9506240530986217,0.801154317870284,1.095014789697713,0.7106413678666768,True
swe_verified,top5,8,1.2986364620157271,1.1164562441382297,1.4752615251424859,1.001414039391097,True
swe_verified,top5,16,1.6832551763941992,1.4747997979943726,1.888391890916961,1.350970348459707,True
swe_verified,top5,32,1.8602842507755568,1.6373566120770495,2.0797922227833485,1.503989611139168,True
swe_verified,top5,64,1.8846980737320538,1.6604862564028555,2.105807661784864,1.5288218743236413,True
swe_verified,top5,128,1.845249260515114,1.6233460789264842,2.064180073587764,1.4907005266575295,True
swe_verified,top5,256,1.771574922444268,1.5537551403217664,1.985556597648077,1.423793377101219,True
swe_verified,top5,512,1.6598513815742009,1.4490729384604288,1.8657816896327821,1.3209003679388212,True
swe_verified,top5,1024,1.6031455161965222,1.395873313613736,1.805872592165066,1.268956063776062,True
swe_verified,top5,2048,1.5641872880744532,1.3597287353004832,1.7643315778082382,1.2323641872880748,True
