benchmark,new_submissions,trials,no_attack_shortfall_pp,no_attack_shortfall_pp_low,no_attack_shortfall_pp_high,selected_shortfall_pp,selected_shortfall_pp_low,selected_shortfall_pp_high,model_selection_loss_pp,model_selection_loss_pp_low,model_selection_loss_pp_high,reused_score_pp,reused_score_pp_low,reused_score_pp_high,heldout_score_pp,heldout_score_pp_low,heldout_score_pp_high,selected_router,selected_router_low,selected_router_high,router_false_winner,router_false_winner_low,router_false_winner_high,rank_drop,rank_drop_low,rank_drop_high,study,policy
helm_capabilities,0,250,0.48449937799249915,0.38629955204193483,0.5797070667210341,0.48449937799249915,0.38629955204193483,0.5797070667210341,0.0,0.0,0.0,82.01192918865424,81.8940253863926,82.1255030322158,81.45918279099645,81.37431982240712,81.5477152705323,0.0,0.0,0.0,0.0,0.0,0.0,0.0,0.0,0.0,original,full_frontier
helm_capabilities,128,250,0.48449937799249915,0.38629955204193483,0.5797070667210341,7.997882423837354,7.685513044948692,8.32239271123721,7.513383045844855,7.1965002536324585,7.847662784791656,83.97969218274075,83.83754213490431,84.10745371062491,73.94579974515159,73.63057112186989,74.25779154146055,0.908,0.872,0.944,0.908,0.872,0.944,14.68,14.0319,15.3641,original,full_frontier
helm_capabilities,2048,250,0.48449937799249915,0.38629955204193483,0.5797070667210341,7.993109651762703,7.7155154827605665,8.287253581897264,7.508610273770203,7.223223160600493,7.800021668211853,86.39608806277401,86.20813633889884,86.57225346606599,73.95057251722625,73.66405734491126,74.22975472508098,0.932,0.9,0.964,0.932,0.9,0.964,14.444,13.864,15.0521,original,full_frontier
helm_capabilities,0,250,0.48449937799249915,0.38629955204193483,0.5797070667210341,0.48449937799249915,0.38629955204193483,0.5797070667210341,0.0,0.0,0.0,82.01192918865424,81.8940253863926,82.1255030322158,81.45918279099645,81.37431982240712,81.5477152705323,0.0,0.0,0.0,0.0,0.0,0.0,0.0,0.0,0.0,original,top5
helm_capabilities,1,250,0.48449937799249915,0.38629955204193483,0.5797070667210341,-1.2564715184041693,-1.364611087874062,-1.146271719761,-1.7409708963966686,-1.8668816101285053,-1.607519387168469,83.83368431559056,83.70199187924233,83.96320272788684,83.2001536873931,83.08318715176415,83.31420948038561,0.976,0.956,0.992,0.108,0.072,0.148,-1.544,-1.7161,-1.372,original,top5
helm_capabilities,128,250,0.48449937799249915,0.38629955204193483,0.5797070667210341,1.4162991445091195,1.3279250968287597,1.5078654461944174,0.9317997665166203,0.8213071106601789,1.040289425017207,86.73923298782685,86.62700176155565,86.85279822862354,80.52738302447983,80.42545279315665,80.62792847911584,1.0,1.0,1.0,0.984,0.968,0.996,2.444,2.1559,2.712,original,top5
helm_capabilities,2048,250,0.48449937799249915,0.38629955204193483,0.5797070667210341,1.4997153250440436,1.4141514476714907,1.5819965802897684,1.0152159470515445,0.9093178115180399,1.1185104865205706,87.46607137611599,87.35685527580777,87.57600722289541,80.44396684394489,80.35137451580466,80.5444049749196,1.0,1.0,1.0,0.984,0.968,0.996,2.592,2.328,2.844,original,top5
helm_lite,0,250,0.08432919681869153,0.065202994080782,0.10526939059096285,0.08432919681869153,0.065202994080782,0.10526939059096285,0.0,0.0,0.0,74.1996779737584,74.12096946873707,74.2771487520406,74.11743351959912,74.07674317405392,74.15687050702265,0.0,0.0,0.0,0.0,0.0,0.0,0.0,0.0,0.0,original,top5
helm_lite,1,250,0.08432919681869153,0.065202994080782,0.10526939059096285,0.01148504192281865,-0.0487989001371831,0.06967013765222073,-0.07284415489587288,-0.13109705887419992,-0.01587298840163356,74.5066383475742,74.4244188929336,74.59139253838913,74.19027767449498,74.12302416539413,74.25909219160098,0.672,0.612,0.732,0.356,0.296,0.412,-0.032,-0.152,0.084,original,top5
helm_lite,128,250,0.08432919681869153,0.065202994080782,0.10526939059096285,4.8807365171190105,4.706204949719973,5.050205499506294,4.796407320300319,4.614910124525461,4.970972914225011,76.84600981063876,76.73547895233132,76.95462253679068,69.3210261992988,69.14832842992958,69.4922720055607,1.0,1.0,1.0,1.0,1.0,1.0,3.64,3.524,3.752,original,top5
helm_lite,2048,250,0.08432919681869153,0.065202994080782,0.10526939059096285,4.586707763487905,4.432812382474357,4.741036009933407,4.502378566669215,4.344899123658907,4.662037143302931,78.30166692159816,78.22127064871745,78.38298269964343,69.6150549529299,69.4578227472714,69.76793614826296,1.0,1.0,1.0,1.0,1.0,1.0,3.48,3.352,3.604,original,top5
livebench,0,250,0.4554338828918803,0.24927959225483634,0.6961464863643059,0.4554338828918803,0.24927959225483634,0.6961464863643059,0.0,0.0,0.0,60.699134705699166,60.3818485840089,60.99478879971171,60.41368994341559,60.193130196332945,60.63711836813115,0.0,0.0,0.0,0.0,0.0,0.0,0.0,0.0,0.0,original,top5
livebench,1,250,0.4554338828918803,0.24927959225483634,0.6961464863643059,2.0864772644338276,1.7578756532097197,2.4487182343275897,1.6310433815419474,1.2952161729486362,1.981499708713948,64.07424158892312,63.76214264184711,64.39461444271281,58.78264656187365,58.44179627781561,59.09406947120414,0.924,0.888,0.952,0.716,0.656,0.772,0.712,0.528,0.9000999999999995,original,top5
livebench,128,250,0.4554338828918803,0.24927959225483634,0.6961464863643059,5.046398911874984,4.748076506831614,5.355929723277059,4.590965028983104,4.25825734047176,4.928195615584699,68.69707356022953,68.36240973653702,69.02213195591241,55.82272491443249,55.502003665242235,56.13433525179278,1.0,1.0,1.0,0.992,0.98,1.0,2.364,2.1279,2.6,original,top5
livebench,2048,250,0.4554338828918803,0.24927959225483634,0.6961464863643059,5.140177910688015,4.873701857245796,5.412659028509693,4.684744027796135,4.374287812495562,4.992291579590907,68.7471245509856,68.41058265305672,69.07386456264388,55.728945915619455,55.443714137758235,56.00477632892134,1.0,1.0,1.0,1.0,1.0,1.0,2.324,2.112,2.548,original,top5
openllm_v2,0,250,0.23876928115627333,0.1567798113909358,0.3308221120831272,0.23876928115627333,0.1567798113909358,0.3308221120831272,0.0,0.0,0.0,48.131951780452944,48.01757989873044,48.24507449262122,47.71435977972539,47.61788050494051,47.807845910550576,0.0,0.0,0.0,0.0,0.0,0.0,0.0,0.0,0.0,original,top5
openllm_v2,1,250,0.23876928115627333,0.1567798113909358,0.3308221120831272,-0.5383483358672977,-0.6329642516439113,-0.4430635874041672,-0.777117617023571,-0.9019252894843568,-0.6577662230164094,49.53048369524332,49.39210746532917,49.67062563183165,48.49147739674896,48.392503673799396,48.58964281870587,0.96,0.932,0.98,0.236,0.184,0.288,-0.716,-0.848,-0.58,original,top5
openllm_v2,128,250,0.23876928115627333,0.1567798113909358,0.3308221120831272,2.6416935594932527,2.4999216893105345,2.786053882939489,2.4029242783369793,2.236429489091082,2.578324523744383,54.00078125206325,53.8324870727187,54.17248502081491,45.3114355013884,45.16544785492879,45.44681928995687,1.0,1.0,1.0,1.0,1.0,1.0,2.796,2.636,2.956,original,top5
openllm_v2,2048,250,0.23876928115627333,0.1567798113909358,0.3308221120831272,2.3564121884743816,2.2321165242635264,2.487161912162825,2.1176429073181087,1.9631169738230416,2.275808433167422,58.42388150229221,58.23821123391688,58.59929592461846,45.59671687240728,45.46418067659904,45.726022922811616,1.0,1.0,1.0,0.992,0.98,1.0,2.628,2.472,2.784,original,top5
swe_verified,0,250,1.9928143712574853,1.794011976047905,2.2023952095808386,1.9928143712574853,1.794011976047905,2.2023952095808386,0.0,0.0,0.0,80.4409638554217,80.14939759036145,80.7181325301205,77.71257485029939,77.4825748502994,77.9317365269461,0.0,0.0,0.0,0.0,0.0,0.0,0.0,0.0,0.0,original,top5
swe_verified,1,250,1.9928143712574853,1.794011976047905,2.2023952095808386,2.407185628742515,2.1556886227544916,2.6527245508982045,0.41437125748503023,0.16044910179640715,0.6682934131736527,82.49879518072288,82.20716867469879,82.7783734939759,77.29820359281437,77.0418263473054,77.56886227544909,0.916,0.88,0.948,0.84,0.792,0.884,1.184,0.3479,2.0600999999999994,original,top5
swe_verified,128,250,1.9928143712574853,1.794011976047905,2.2023952095808386,3.059880239520959,2.8251197604790437,3.2982035928143723,1.0670658682634735,0.7808383233532938,1.3401197604790418,85.23373493975903,84.92530120481929,85.53018072289159,76.64550898203595,76.39032934131737,76.8958383233533,1.0,1.0,1.0,0.952,0.924,0.976,3.076,2.0599,4.072,original,top5
swe_verified,2048,250,1.9928143712574853,1.794011976047905,2.2023952095808386,2.907784431137726,2.6922155688622773,3.126976047904193,0.9149700598802402,0.6514371257485033,1.1641017964071871,85.23373493975903,84.92530120481929,85.53018072289159,76.79760479041917,76.54847305389221,77.04314371257485,1.0,1.0,1.0,0.964,0.94,0.984,2.52,1.596,3.464199999999999,original,top5
livebench,1,250,0.45543388289188,0.24927959225483617,0.6961464863643053,0.45543388289188,0.24927959225483617,0.6961464863643053,0.0,0.0,0.0,60.699134705699166,60.3818485840089,60.99478879971171,60.41368994341559,60.193130196332945,60.637118368131155,0.0,0.0,0.0,0.064,0.036,0.096,0.0,0.0,0.0,practical,aggregate
livebench,2,250,0.45543388289188,0.24927959225483617,0.6961464863643053,0.5533970481342915,0.3302054909532636,0.8052198182978302,0.0979631652424114,0.02415821731718193,0.18934489768703772,60.71828511956851,60.405820067424145,61.01308482239914,60.31572677817318,60.08435655396252,60.551730930327736,0.028,0.008,0.052,0.028,0.008,0.052,0.04,0.012,0.072,practical,aggregate
livebench,4,250,0.45543388289188,0.24927959225483617,0.6961464863643053,1.0168363956299244,0.724546155438013,1.3375553186361353,0.5614025127380444,0.3649516284051711,0.7795563367157818,60.82124512005438,60.52207558313893,61.11526537880219,59.85228743067755,59.572000509142306,60.11426040200834,0.136,0.096,0.18,0.136,0.096,0.18,0.228,0.14,0.324,practical,aggregate
livebench,8,250,0.45543388289188,0.24927959225483617,0.6961464863643053,1.8643488640062378,1.5386051274205146,2.200601162733527,1.408914981114358,1.1331813681255114,1.696304851533,61.1297375935069,60.84121604091209,61.39496929513939,59.004774962301234,58.70039072573963,59.29652561431761,0.372,0.312,0.432,0.368,0.308,0.428,0.56,0.436,0.688,practical,aggregate
livebench,16,250,0.45543388289188,0.24927959225483617,0.6961464863643053,3.3789894178273228,3.048942393720221,3.718595802663475,2.9235555349354425,2.6228002329480966,3.2493780879531813,61.79615812795109,61.51910338056736,62.061511544494,57.49013440848015,57.18726762870659,57.78049668795944,0.716,0.664,0.772,0.716,0.664,0.772,1.26,1.1,1.42,practical,aggregate
livebench,32,250,0.45543388289188,0.24927959225483617,0.6961464863643053,4.879133004683944,4.6448732257033285,5.127635966496334,4.423699121792064,4.197031012891385,4.658084123024643,63.10373504475624,62.810252743653855,63.37867109902457,55.98999082162353,55.71996998031319,56.24084252200772,0.964,0.94,0.984,0.964,0.94,0.984,2.036,1.888,2.192,practical,aggregate
livebench,64,250,0.45543388289188,0.24927959225483617,0.6961464863643053,4.668892319485429,4.447641750679014,4.888199035298237,4.213458436593549,3.99784580067516,4.406029926108864,64.90754020677169,64.62592455217599,65.18878002174239,56.20023150682204,55.98021218683307,56.42556596021202,1.0,1.0,1.0,0.996,0.988,1.0,1.852,1.724,1.98,practical,aggregate
livebench,128,250,0.45543388289188,0.24927959225483617,0.6961464863643053,4.487458528870412,4.253261911297032,4.7263112187796255,4.032024645978532,3.8403137908834943,4.230175889774065,66.4733108300649,66.19008219167746,66.73565634477117,56.38166529743706,56.15368944373014,56.61210026937986,1.0,1.0,1.0,1.0,1.0,1.0,1.828,1.68,1.98,practical,aggregate
livebench,1,250,0.45543388289188,0.24927959225483617,0.6961464863643053,1.6778167811107207,1.3655188773164242,2.0084217996637617,1.2223828982188407,0.9229641107284169,1.5322496543286637,62.356822595131476,62.0421553307693,62.63771813603262,59.19130704519675,58.89843809228073,59.48076328281942,0.864,0.816,0.904,0.692,0.632,0.7480999999999994,0.596,0.4479,0.7480999999999994,practical,category
livebench,2,250,0.45543388289188,0.24927959225483617,0.6961464863643053,1.8377631605040143,1.4760769129643974,2.212624650749652,1.3823292776121343,1.0637875864301096,1.7049776461161277,60.934874717757275,60.63670676057142,61.218630881533855,59.031360665803454,58.696216773543135,59.3537877071846,0.3,0.244,0.36,0.3,0.244,0.36,0.552,0.404,0.708,practical,category
livebench,4,250,0.45543388289188,0.24927959225483617,0.6961464863643053,3.9484362763041077,3.577415434063528,4.325532054750884,3.4930023934122274,3.143356436662548,3.8627802823318627,62.10222207853959,61.8116556996522,62.37626587679443,56.920687550003365,56.581197891394325,57.26676533514239,0.744,0.688,0.796,0.744,0.688,0.796,1.568,1.3759,1.768,practical,category
livebench,8,250,0.45543388289188,0.24927959225483617,0.6961464863643053,5.211922600098171,4.902185304926503,5.526222060767769,4.756488717206291,4.438001208808638,5.07520603155354,63.74650544823235,63.435101579922325,64.03645945830378,55.6572012262093,55.366674014046886,55.94577001825484,0.936,0.904,0.964,0.936,0.904,0.964,2.368,2.172,2.584,practical,category
livebench,16,250,0.45543388289188,0.24927959225483617,0.6961464863643053,5.2661015505611015,4.983792250413862,5.558852013174202,4.810667667669223,4.497477433402573,5.122631086505959,65.63242184321017,65.33831593003733,65.92244975563138,55.60302227574636,55.32186027559726,55.87174711237563,0.992,0.98,1.0,0.992,0.98,1.0,2.416,2.204,2.6440999999999995,practical,category
livebench,32,250,0.45543388289188,0.24927959225483617,0.6961464863643053,5.150691677320284,4.854734783100205,5.441174717363315,4.695257794428405,4.364550869300282,5.012218759401365,67.07316951590083,66.7745814456445,67.36341439212161,55.71843214898719,55.42284245730961,56.000758105283666,0.996,0.9879,1.0,0.988,0.972,1.0,2.364,2.144,2.5960999999999994,practical,category
livebench,64,250,0.45543388289188,0.24927959225483617,0.6961464863643053,5.257093021277312,4.9845200015609255,5.535590020724813,4.801659138385432,4.496475201530994,5.108756216359329,67.68798840147882,67.3782655824116,67.98414245831661,55.61203080503015,55.32382751682728,55.87976159074685,1.0,1.0,1.0,1.0,1.0,1.0,2.424,2.2119,2.656,practical,category
livebench,128,250,0.45543388289188,0.24927959225483617,0.6961464863643053,5.291328898772672,5.037385952930973,5.545939332666467,4.8358950158807925,4.531223229800151,5.121662502215838,68.01453028520292,67.70516270581444,68.30615279982877,55.5777949275348,55.30868937988616,55.83360425020279,1.0,1.0,1.0,1.0,1.0,1.0,2.364,2.156,2.576,practical,category
livebench,1,250,0.45543388289188,0.24927959225483617,0.6961464863643053,2.118968752714457,1.811545567213738,2.44162987514748,1.663534869822577,1.3465995694696877,1.986714823945005,64.12776022075923,63.8178807136499,64.43022962474043,58.750155073593014,58.44294529891466,59.04494999150163,0.948,0.916,0.972,0.756,0.7,0.808,0.736,0.564,0.904,practical,task
livebench,2,250,0.45543388289188,0.24927959225483617,0.6961464863643053,3.2056049027423206,2.8647224614662794,3.568967730053391,2.7501710198504408,2.4038913019895283,3.116690502935342,62.6040479554282,62.311909826845394,62.88607276059831,57.66351892356515,57.327743739814395,57.98586245165732,0.796,0.7479,0.848,0.776,0.724,0.828,1.344,1.1399,1.564,practical,task
livebench,4,250,0.45543388289188,0.24927959225483617,0.6961464863643053,4.304032333016253,3.968077148383601,4.637517836932037,3.848598450124373,3.5142690406761528,4.190492259701453,65.07917132025061,64.77136101994779,65.38074421084339,56.56509149329121,56.24155718022667,56.88740971922401,0.956,0.928,0.98,0.944,0.912,0.972,1.968,1.756,2.184,practical,task
livebench,8,250,0.45543388289188,0.24927959225483617,0.6961464863643053,4.73785737288159,4.430512623390632,5.0715417748820855,4.282423489989709,3.952650986444807,4.622612237076585,66.92936446343369,66.62441116002748,67.23019963945809,56.13126645342588,55.80331307341206,56.43844957546854,0.992,0.98,1.0,0.992,0.98,1.0,2.164,1.952,2.38,practical,task
livebench,16,250,0.45543388289188,0.24927959225483617,0.6961464863643053,4.680791160573315,4.371518292947294,5.0101509546960346,4.225357277681435,3.891780689649665,4.565078504470984,68.04957608265336,67.74664437929202,68.3606943246775,56.18833266573416,55.84440380501294,56.50512217365819,1.0,1.0,1.0,0.984,0.968,0.996,2.124,1.9079,2.352,practical,task
livebench,32,250,0.45543388289188,0.24927959225483617,0.6961464863643053,4.69282501729035,4.359956480084456,5.048802552926667,4.237391134398469,3.8840413458896514,4.599116634486265,68.5136794005551,68.1965716206178,68.8153131526447,56.176298809017126,55.821377259169985,56.50166923901994,1.0,1.0,1.0,0.988,0.972,1.0,2.224,1.996,2.46,practical,task
livebench,64,250,0.45543388289188,0.24927959225483617,0.6961464863643053,4.859686095329298,4.546951670182636,5.194163930913075,4.404252212437418,4.070433800094387,4.7451066874054435,68.66013752057641,68.34836140554843,68.96977448207566,56.00943773097817,55.67376203292898,56.324326080877974,1.0,1.0,1.0,0.996,0.988,1.0,2.3,2.084,2.532,practical,task
livebench,128,250,0.45543388289188,0.24927959225483617,0.6961464863643053,4.932345314525985,4.663601727643641,5.215188228885887,4.476911431634105,4.165485474063355,4.802007020420518,68.7179727139103,68.40456107865732,69.0281720356725,55.93677851178148,55.65444827549889,56.20872583475226,1.0,1.0,1.0,0.992,0.98,1.0,2.192,1.988,2.392,practical,task
