benchmark,policy,new_submissions,trials,threshold_pp,count,rate,ci_low,ci_high
helm_capabilities,top5,1,250,any,27,0.108,0.072,0.148
helm_capabilities,top5,1,250,1,3,0.012,0.0,0.028
helm_capabilities,top5,1,250,2,0,0.0,0.0,0.0
helm_capabilities,top5,1,250,5,0,0.0,0.0,0.0
helm_capabilities,top5,2,250,any,60,0.24,0.188,0.292
helm_capabilities,top5,2,250,1,46,0.184,0.136,0.232
helm_capabilities,top5,2,250,2,20,0.08,0.048,0.116
helm_capabilities,top5,2,250,5,0,0.0,0.0,0.0
helm_capabilities,top5,4,250,any,156,0.624,0.56,0.68
helm_capabilities,top5,4,250,1,117,0.468,0.4079,0.528
helm_capabilities,top5,4,250,2,19,0.076,0.044,0.108
helm_capabilities,top5,4,250,5,0,0.0,0.0,0.0
helm_capabilities,top5,8,250,any,221,0.884,0.844,0.924
helm_capabilities,top5,8,250,1,171,0.684,0.624,0.74
helm_capabilities,top5,8,250,2,40,0.16,0.116,0.208
helm_capabilities,top5,8,250,5,0,0.0,0.0,0.0
helm_capabilities,top5,16,250,any,245,0.98,0.96,0.996
helm_capabilities,top5,16,250,1,170,0.68,0.62,0.736
helm_capabilities,top5,16,250,2,46,0.184,0.136,0.232
helm_capabilities,top5,16,250,5,0,0.0,0.0,0.0
helm_capabilities,top5,32,250,any,246,0.984,0.968,0.996
helm_capabilities,top5,32,250,1,183,0.732,0.676,0.788
helm_capabilities,top5,32,250,2,50,0.2,0.152,0.248
helm_capabilities,top5,32,250,5,0,0.0,0.0,0.0
helm_capabilities,top5,64,250,any,239,0.956,0.928,0.98
helm_capabilities,top5,64,250,1,176,0.704,0.648,0.76
helm_capabilities,top5,64,250,2,41,0.164,0.12,0.20809999999999945
helm_capabilities,top5,64,250,5,0,0.0,0.0,0.0
helm_capabilities,top5,128,250,any,246,0.984,0.968,0.996
helm_capabilities,top5,128,250,1,183,0.732,0.676,0.784
helm_capabilities,top5,128,250,2,44,0.176,0.132,0.228
helm_capabilities,top5,128,250,5,0,0.0,0.0,0.0
helm_capabilities,top5,256,250,any,248,0.992,0.98,1.0
helm_capabilities,top5,256,250,1,211,0.844,0.796,0.888
helm_capabilities,top5,256,250,2,82,0.328,0.272,0.384
helm_capabilities,top5,256,250,5,0,0.0,0.0,0.0
helm_capabilities,top5,512,250,any,247,0.988,0.972,1.0
helm_capabilities,top5,512,250,1,188,0.752,0.7,0.804
helm_capabilities,top5,512,250,2,48,0.192,0.144,0.24
helm_capabilities,top5,512,250,5,0,0.0,0.0,0.0
helm_capabilities,top5,1024,250,any,245,0.98,0.96,0.996
helm_capabilities,top5,1024,250,1,177,0.708,0.648,0.764
helm_capabilities,top5,1024,250,2,46,0.184,0.136,0.236
helm_capabilities,top5,1024,250,5,0,0.0,0.0,0.0
helm_capabilities,top5,2048,250,any,246,0.984,0.968,0.996
helm_capabilities,top5,2048,250,1,190,0.76,0.7079,0.812
helm_capabilities,top5,2048,250,2,54,0.216,0.16790000000000002,0.268
helm_capabilities,top5,2048,250,5,0,0.0,0.0,0.0
helm_lite,top5,1,250,any,89,0.356,0.296,0.412
helm_lite,top5,1,250,1,6,0.024,0.008,0.044
helm_lite,top5,1,250,2,0,0.0,0.0,0.0
helm_lite,top5,1,250,5,0,0.0,0.0,0.0
helm_lite,top5,2,250,any,5,0.02,0.004,0.04
helm_lite,top5,2,250,1,5,0.02,0.004,0.04
helm_lite,top5,2,250,2,0,0.0,0.0,0.0
helm_lite,top5,2,250,5,0,0.0,0.0,0.0
helm_lite,top5,4,250,any,11,0.044,0.02,0.072
helm_lite,top5,4,250,1,6,0.024,0.008,0.044
helm_lite,top5,4,250,2,1,0.004,0.0,0.012
helm_lite,top5,4,250,5,0,0.0,0.0,0.0
helm_lite,top5,8,250,any,36,0.144,0.104,0.192
helm_lite,top5,8,250,1,33,0.132,0.092,0.176
helm_lite,top5,8,250,2,23,0.092,0.06,0.128
helm_lite,top5,8,250,5,1,0.004,0.0,0.012
helm_lite,top5,16,250,any,102,0.408,0.352,0.472
helm_lite,top5,16,250,1,99,0.396,0.336,0.46
helm_lite,top5,16,250,2,90,0.36,0.304,0.42
helm_lite,top5,16,250,5,1,0.004,0.0,0.012
helm_lite,top5,32,250,any,178,0.712,0.656,0.768
helm_lite,top5,32,250,1,175,0.7,0.644,0.756
helm_lite,top5,32,250,2,167,0.668,0.608,0.724
helm_lite,top5,32,250,5,40,0.16,0.116,0.208
helm_lite,top5,64,250,any,244,0.976,0.956,0.992
helm_lite,top5,64,250,1,240,0.96,0.936,0.984
helm_lite,top5,64,250,2,233,0.932,0.9,0.96
helm_lite,top5,64,250,5,95,0.38,0.32,0.444
helm_lite,top5,128,250,any,250,1.0,1.0,1.0
helm_lite,top5,128,250,1,248,0.992,0.98,1.0
helm_lite,top5,128,250,2,240,0.96,0.936,0.984
helm_lite,top5,128,250,5,106,0.424,0.364,0.484
helm_lite,top5,256,250,any,250,1.0,1.0,1.0
helm_lite,top5,256,250,1,246,0.984,0.968,0.996
helm_lite,top5,256,250,2,240,0.96,0.936,0.984
helm_lite,top5,256,250,5,98,0.392,0.328,0.452
helm_lite,top5,512,250,any,250,1.0,1.0,1.0
helm_lite,top5,512,250,1,246,0.984,0.968,0.996
helm_lite,top5,512,250,2,240,0.96,0.936,0.984
helm_lite,top5,512,250,5,93,0.372,0.3159,0.432
helm_lite,top5,1024,250,any,250,1.0,1.0,1.0
helm_lite,top5,1024,250,1,248,0.992,0.98,1.0
helm_lite,top5,1024,250,2,239,0.956,0.928,0.98
helm_lite,top5,1024,250,5,97,0.388,0.328,0.448
helm_lite,top5,2048,250,any,250,1.0,1.0,1.0
helm_lite,top5,2048,250,1,248,0.992,0.98,1.0
helm_lite,top5,2048,250,2,238,0.952,0.924,0.976
helm_lite,top5,2048,250,5,100,0.4,0.344,0.46
livebench,top5,1,250,any,179,0.716,0.656,0.772
livebench,top5,1,250,1,137,0.548,0.488,0.608
livebench,top5,1,250,2,94,0.376,0.316,0.44
livebench,top5,1,250,5,45,0.18,0.136,0.232
livebench,top5,2,250,any,186,0.744,0.688,0.7960999999999995
livebench,top5,2,250,1,164,0.656,0.596,0.7160999999999994
livebench,top5,2,250,2,135,0.54,0.48,0.604
livebench,top5,2,250,5,53,0.212,0.164,0.264
livebench,top5,4,250,any,236,0.944,0.912,0.972
livebench,top5,4,250,1,220,0.88,0.84,0.92
livebench,top5,4,250,2,193,0.772,0.72,0.824
livebench,top5,4,250,5,92,0.368,0.308,0.432
livebench,top5,8,250,any,248,0.992,0.98,1.0
livebench,top5,8,250,1,237,0.948,0.92,0.972
livebench,top5,8,250,2,212,0.848,0.8,0.892
livebench,top5,8,250,5,105,0.42,0.36,0.48
livebench,top5,16,250,any,245,0.98,0.96,0.996
livebench,top5,16,250,1,234,0.936,0.904,0.964
livebench,top5,16,250,2,208,0.832,0.784,0.876
livebench,top5,16,250,5,98,0.392,0.332,0.452
livebench,top5,32,250,any,246,0.984,0.968,0.996
livebench,top5,32,250,1,233,0.932,0.896,0.96
livebench,top5,32,250,2,209,0.836,0.792,0.884
livebench,top5,32,250,5,94,0.376,0.316,0.436
livebench,top5,64,250,any,248,0.992,0.98,1.0
livebench,top5,64,250,1,241,0.964,0.94,0.984
livebench,top5,64,250,2,213,0.852,0.808,0.896
livebench,top5,64,250,5,106,0.424,0.364,0.484
livebench,top5,128,250,any,248,0.992,0.98,1.0
livebench,top5,128,250,1,245,0.98,0.96,0.996
livebench,top5,128,250,2,229,0.916,0.88,0.948
livebench,top5,128,250,5,109,0.436,0.376,0.496
livebench,top5,256,250,any,247,0.988,0.972,1.0
livebench,top5,256,250,1,235,0.94,0.908,0.968
livebench,top5,256,250,2,220,0.88,0.84,0.916
livebench,top5,256,250,5,99,0.396,0.336,0.456
livebench,top5,512,250,any,247,0.988,0.972,1.0
livebench,top5,512,250,1,237,0.948,0.92,0.976
livebench,top5,512,250,2,219,0.876,0.832,0.916
livebench,top5,512,250,5,100,0.4,0.34,0.46
livebench,top5,1024,250,any,248,0.992,0.98,1.0
livebench,top5,1024,250,1,240,0.96,0.936,0.98
livebench,top5,1024,250,2,213,0.852,0.808,0.896
livebench,top5,1024,250,5,98,0.392,0.332,0.452
livebench,top5,2048,250,any,250,1.0,1.0,1.0
livebench,top5,2048,250,1,247,0.988,0.976,1.0
livebench,top5,2048,250,2,238,0.952,0.924,0.976
livebench,top5,2048,250,5,116,0.464,0.4,0.528
openllm_v2,top5,1,250,any,59,0.236,0.184,0.288
openllm_v2,top5,1,250,1,8,0.032,0.012,0.052
openllm_v2,top5,1,250,2,0,0.0,0.0,0.0
openllm_v2,top5,1,250,5,0,0.0,0.0,0.0
openllm_v2,top5,2,250,any,22,0.088,0.052,0.124
openllm_v2,top5,2,250,1,13,0.052,0.024,0.08
openllm_v2,top5,2,250,2,2,0.008,0.0,0.02
openllm_v2,top5,2,250,5,0,0.0,0.0,0.0
openllm_v2,top5,4,250,any,45,0.18,0.136,0.228
openllm_v2,top5,4,250,1,32,0.128,0.088,0.172
openllm_v2,top5,4,250,2,13,0.052,0.028,0.08
openllm_v2,top5,4,250,5,0,0.0,0.0,0.0
openllm_v2,top5,8,250,any,128,0.512,0.452,0.576
openllm_v2,top5,8,250,1,116,0.464,0.404,0.528
openllm_v2,top5,8,250,2,82,0.328,0.272,0.388
openllm_v2,top5,8,250,5,0,0.0,0.0,0.0
openllm_v2,top5,16,250,any,226,0.904,0.864,0.94
openllm_v2,top5,16,250,1,213,0.852,0.808,0.892
openllm_v2,top5,16,250,2,165,0.66,0.604,0.72
openllm_v2,top5,16,250,5,0,0.0,0.0,0.0
openllm_v2,top5,32,250,any,243,0.972,0.948,0.992
openllm_v2,top5,32,250,1,219,0.876,0.836,0.912
openllm_v2,top5,32,250,2,192,0.768,0.7199,0.816
openllm_v2,top5,32,250,5,0,0.0,0.0,0.0
openllm_v2,top5,64,250,any,250,1.0,1.0,1.0
openllm_v2,top5,64,250,1,232,0.928,0.892,0.96
openllm_v2,top5,64,250,2,182,0.728,0.6759000000000001,0.784
openllm_v2,top5,64,250,5,6,0.024,0.008,0.044
openllm_v2,top5,128,250,any,250,1.0,1.0,1.0
openllm_v2,top5,128,250,1,237,0.948,0.92,0.976
openllm_v2,top5,128,250,2,187,0.748,0.696,0.804
openllm_v2,top5,128,250,5,6,0.024,0.008,0.044
openllm_v2,top5,256,250,any,249,0.996,0.988,1.0
openllm_v2,top5,256,250,1,231,0.924,0.892,0.956
openllm_v2,top5,256,250,2,165,0.66,0.6,0.716
openllm_v2,top5,256,250,5,6,0.024,0.008,0.044
openllm_v2,top5,512,250,any,248,0.992,0.98,1.0
openllm_v2,top5,512,250,1,230,0.92,0.888,0.952
openllm_v2,top5,512,250,2,163,0.652,0.592,0.712
openllm_v2,top5,512,250,5,6,0.024,0.008,0.044
openllm_v2,top5,1024,250,any,249,0.996,0.988,1.0
openllm_v2,top5,1024,250,1,228,0.912,0.876,0.944
openllm_v2,top5,1024,250,2,162,0.648,0.588,0.7040999999999994
openllm_v2,top5,1024,250,5,6,0.024,0.008,0.044
openllm_v2,top5,2048,250,any,248,0.992,0.98,1.0
openllm_v2,top5,2048,250,1,230,0.92,0.884,0.952
openllm_v2,top5,2048,250,2,176,0.704,0.648,0.76
openllm_v2,top5,2048,250,5,6,0.024,0.008,0.044
swe_verified,top5,1,250,any,210,0.84,0.792,0.884
swe_verified,top5,1,250,1,177,0.708,0.652,0.764
swe_verified,top5,1,250,2,136,0.544,0.48,0.608
swe_verified,top5,1,250,5,30,0.12,0.076,0.164
swe_verified,top5,2,250,any,226,0.904,0.864,0.94
swe_verified,top5,2,250,1,193,0.772,0.72,0.824
swe_verified,top5,2,250,2,146,0.584,0.524,0.644
swe_verified,top5,2,250,5,23,0.092,0.056,0.132
swe_verified,top5,4,250,any,232,0.928,0.896,0.956
swe_verified,top5,4,250,1,201,0.804,0.752,0.852
swe_verified,top5,4,250,2,159,0.636,0.576,0.692
swe_verified,top5,4,250,5,27,0.108,0.072,0.148
swe_verified,top5,8,250,any,241,0.964,0.94,0.984
swe_verified,top5,8,250,1,215,0.86,0.816,0.9
swe_verified,top5,8,250,2,173,0.692,0.636,0.748
swe_verified,top5,8,250,5,35,0.14,0.096,0.184
swe_verified,top5,16,250,any,246,0.984,0.968,0.996
swe_verified,top5,16,250,1,223,0.892,0.852,0.928
swe_verified,top5,16,250,2,178,0.712,0.652,0.7640999999999994
swe_verified,top5,16,250,5,27,0.108,0.072,0.148
swe_verified,top5,32,250,any,246,0.984,0.968,0.996
swe_verified,top5,32,250,1,235,0.94,0.908,0.968
swe_verified,top5,32,250,2,186,0.744,0.692,0.7960999999999995
swe_verified,top5,32,250,5,32,0.128,0.088,0.172
swe_verified,top5,64,250,any,248,0.992,0.98,1.0
swe_verified,top5,64,250,1,230,0.92,0.888,0.952
swe_verified,top5,64,250,2,188,0.752,0.696,0.8
swe_verified,top5,64,250,5,25,0.1,0.064,0.14
swe_verified,top5,128,250,any,238,0.952,0.924,0.976
swe_verified,top5,128,250,1,219,0.876,0.8359,0.916
swe_verified,top5,128,250,2,181,0.724,0.672,0.776
swe_verified,top5,128,250,5,37,0.148,0.104,0.196
swe_verified,top5,256,250,any,231,0.924,0.888,0.956
swe_verified,top5,256,250,1,198,0.792,0.744,0.84
swe_verified,top5,256,250,2,155,0.62,0.56,0.68
swe_verified,top5,256,250,5,26,0.104,0.068,0.144
swe_verified,top5,512,250,any,234,0.936,0.904,0.964
swe_verified,top5,512,250,1,197,0.788,0.736,0.836
swe_verified,top5,512,250,2,157,0.628,0.568,0.688
swe_verified,top5,512,250,5,32,0.128,0.088,0.168
swe_verified,top5,1024,250,any,240,0.96,0.936,0.984
swe_verified,top5,1024,250,1,217,0.868,0.824,0.908
swe_verified,top5,1024,250,2,178,0.712,0.656,0.768
swe_verified,top5,1024,250,5,38,0.152,0.108,0.2
swe_verified,top5,2048,250,any,241,0.964,0.94,0.984
swe_verified,top5,2048,250,1,219,0.876,0.836,0.916
swe_verified,top5,2048,250,2,171,0.684,0.624,0.744
swe_verified,top5,2048,250,5,28,0.112,0.072,0.152
terminal_science,top5,1,212,any,197,0.9292452830188679,0.8939969491380781,0.9609803457257873
terminal_science,top5,1,212,1,191,0.9009433962264151,0.8591549295774648,0.9375
terminal_science,top5,1,212,2,185,0.8726415094339622,0.8248724289086209,0.9150943396226415
terminal_science,top5,1,212,5,86,0.4056603773584906,0.3397969181437606,0.4688995215311005
terminal_science,top5,2,212,any,179,0.8443396226415094,0.7932692307692307,0.8904125896934116
terminal_science,top5,2,212,1,169,0.7971698113207547,0.7397162890346036,0.8504725758024273
terminal_science,top5,2,212,2,158,0.7452830188679245,0.6868858477970627,0.8028169014084507
terminal_science,top5,2,212,5,79,0.37264150943396224,0.3076829268292683,0.4386851148296764
terminal_science,top5,4,212,any,176,0.8301886792452831,0.7793303087757314,0.8796296296296297
terminal_science,top5,4,212,1,163,0.7688679245283019,0.7101449275362319,0.8248847926267281
terminal_science,top5,4,212,2,152,0.7169811320754716,0.6546368322399251,0.7751223607392125
terminal_science,top5,4,212,5,79,0.37264150943396224,0.3083932422717469,0.4357921838460154
terminal_science,top5,8,212,any,194,0.9150943396226415,0.875,0.9507449531536751
terminal_science,top5,8,212,1,184,0.8679245283018868,0.8202764976958525,0.9120370370370371
terminal_science,top5,8,212,2,170,0.8018867924528302,0.7487188193218344,0.8537884685839896
terminal_science,top5,8,212,5,93,0.4386792452830189,0.3711316882026403,0.507043922301582
terminal_science,top5,16,212,any,199,0.9386792452830188,0.9043062200956937,0.9682272727272725
terminal_science,top5,16,212,1,191,0.9009433962264151,0.8610949612403102,0.939701400521124
terminal_science,top5,16,212,2,184,0.8679245283018868,0.8195105013550135,0.911225277113671
terminal_science,top5,16,212,5,106,0.5,0.4337899543378995,0.5669728708791208
terminal_science,top5,32,212,any,207,0.9764150943396226,0.9534883720930233,0.9952380952380953
terminal_science,top5,32,212,1,204,0.9622641509433962,0.9351851851851852,0.9857142857142858
terminal_science,top5,32,212,2,195,0.9198113207547169,0.8831644573717338,0.9537037037037037
terminal_science,top5,32,212,5,142,0.6698113207547169,0.6073059360730594,0.733652362170968
terminal_science,top5,64,212,any,195,0.9198113207547169,0.8820754716981132,0.954337899543379
terminal_science,top5,64,212,1,190,0.8962264150943396,0.855072463768116,0.9353273952816562
terminal_science,top5,64,212,2,180,0.8490566037735849,0.8008823529411765,0.894237385321101
terminal_science,top5,64,212,5,105,0.49528301886792453,0.4285548172757475,0.5643564356435643
terminal_science,top5,128,212,any,197,0.9292452830188679,0.8937118369749135,0.9587155963302753
terminal_science,top5,128,212,1,190,0.8962264150943396,0.8544578148502666,0.9363636363636364
terminal_science,top5,128,212,2,176,0.8301886792452831,0.7772373809414255,0.8792270531400966
terminal_science,top5,128,212,5,98,0.46226415094339623,0.4,0.5305236633068553
terminal_science,top5,256,212,any,185,0.8726415094339622,0.8264740917212626,0.9154945226917058
terminal_science,top5,256,212,1,170,0.8018867924528302,0.7475002281334124,0.8544622279129321
terminal_science,top5,256,212,2,157,0.7405660377358491,0.6809473507712944,0.7971031583264971
terminal_science,top5,256,212,5,88,0.41509433962264153,0.3499878640776699,0.4852941176470588
terminal_science,top5,512,212,any,153,0.7216981132075472,0.6572769953051644,0.7794198626587199
terminal_science,top5,512,212,1,131,0.6179245283018868,0.5539084808680754,0.6824701512942034
terminal_science,top5,512,212,2,113,0.5330188679245284,0.46543778801843316,0.5972669141914189
terminal_science,top5,512,212,5,46,0.2169811320754717,0.16055045871559634,0.27570496293909114
terminal_science,top5,1024,212,any,108,0.5094339622641509,0.44327640267946217,0.573545243456234
terminal_science,top5,1024,212,1,93,0.4386792452830189,0.37155635648754914,0.5048567720849755
terminal_science,top5,1024,212,2,82,0.3867924528301887,0.3192437961099933,0.45545321125032856
terminal_science,top5,1024,212,5,32,0.1509433962264151,0.10426540284360189,0.2019903066899729
terminal_science,top5,2048,212,any,132,0.6226415094339622,0.5544895756847562,0.6851875352509871
terminal_science,top5,2048,212,1,106,0.5,0.4313702258154447,0.5650323750052386
terminal_science,top5,2048,212,2,89,0.419811320754717,0.3523809523809524,0.4841628959276018
terminal_science,top5,2048,212,5,34,0.16037735849056603,0.11373298624892023,0.21052631578947367
