benchmark,new_submissions,trials,no_attack_shortfall_pp,no_attack_shortfall_pp_low,no_attack_shortfall_pp_high,selected_shortfall_pp,selected_shortfall_pp_low,selected_shortfall_pp_high,model_selection_loss_pp,model_selection_loss_pp_low,model_selection_loss_pp_high,reused_score_pp,reused_score_pp_low,reused_score_pp_high,heldout_score_pp,heldout_score_pp_low,heldout_score_pp_high,selected_router,selected_router_low,selected_router_high,router_false_winner,router_false_winner_low,router_false_winner_high,rank_drop,rank_drop_low,rank_drop_high
helm_capabilities,0,250,0.48449937799249915,0.38629955204193483,0.5797070667210341,0.48449937799249915,0.38629955204193483,0.5797070667210341,0.0,0.0,0.0,82.01192918865424,81.8940253863926,82.1255030322158,81.45918279099645,81.37431982240712,81.5477152705323,0.0,0.0,0.0,0.0,0.0,0.0,0.0,0.0,0.0
helm_capabilities,1,250,0.48449937799249915,0.38629955204193483,0.5797070667210341,-1.2564715184041693,-1.364611087874062,-1.146271719761,-1.7409708963966686,-1.8668816101285053,-1.607519387168469,83.83368431559056,83.70199187924233,83.96320272788684,83.2001536873931,83.08318715176415,83.31420948038561,0.976,0.956,0.992,0.108,0.072,0.148,-1.544,-1.7161,-1.372
helm_capabilities,2,250,0.48449937799249915,0.38629955204193483,0.5797070667210341,0.6517982524160256,0.5452713217428381,0.7543008939513705,0.16729887442352645,0.10070447811738222,0.23283288033971694,82.11599773159367,82.00108309801242,82.2225271718446,81.29188391657291,81.18986450560064,81.39429479612419,0.24,0.188,0.292,0.24,0.188,0.292,0.392,0.236,0.548
helm_capabilities,4,250,0.48449937799249915,0.38629955204193483,0.5797070667210341,1.022503133910004,0.9189519989751653,1.1210406199733578,0.5380037559175048,0.44068511729453647,0.6283056132188136,82.42072655737283,82.29916807247244,82.5327845518149,80.92117903507895,80.82357754523899,81.02463682475037,0.624,0.56,0.68,0.624,0.56,0.68,1.428,1.188,1.656
helm_capabilities,8,250,0.48449937799249915,0.38629955204193483,0.5797070667210341,1.3281106755323984,1.234747774713509,1.4224378675699878,0.8436112975398992,0.7348801570316047,0.952318513318091,83.0424598337046,82.9211690533163,83.1674439747497,80.61557149345654,80.51174843175691,80.71397774407805,0.888,0.848,0.924,0.884,0.844,0.924,2.192,1.924,2.452
helm_capabilities,16,250,0.48449937799249915,0.38629955204193483,0.5797070667210341,1.3933193821741374,1.3049983393668916,1.4863128087517483,0.9088200041816386,0.8040548940811417,1.0165927289749972,84.00249260086889,83.88365497158081,84.12568420026146,80.55036278681482,80.45043207180726,80.64448243988518,1.0,1.0,1.0,0.98,0.96,0.996,2.424,2.164,2.684
helm_capabilities,32,250,0.48449937799249915,0.38629955204193483,0.5797070667210341,1.4378327917023166,1.342057484951822,1.5330922244408203,0.9533334137098174,0.8481597407040911,1.0611439480475273,85.05656104181166,84.94328078500439,85.16809006183622,80.50584937728662,80.40402965868195,80.60708197692007,1.0,1.0,1.0,0.984,0.968,0.996,2.456,2.2,2.708
helm_capabilities,64,250,0.48449937799249915,0.38629955204193483,0.5797070667210341,1.3241408555966745,1.2335843659564651,1.4167473276107334,0.8396414776041752,0.7290644763491002,0.947494746812874,86.01125359465469,85.8971803655503,86.12472187740057,80.61954131339229,80.51887575755264,80.71990271948334,1.0,1.0,1.0,0.956,0.928,0.98,2.204,1.9319,2.46
helm_capabilities,128,250,0.48449937799249915,0.38629955204193483,0.5797070667210341,1.4162991445091195,1.3279250968287597,1.5078654461944174,0.9317997665166203,0.8213071106601789,1.040289425017207,86.73923298782685,86.62700176155565,86.85279822862354,80.52738302447983,80.42545279315665,80.62792847911584,1.0,1.0,1.0,0.984,0.968,0.996,2.444,2.1559,2.712
helm_capabilities,256,250,0.48449937799249915,0.38629955204193483,0.5797070667210341,1.7070886514485133,1.6197616115938342,1.79225336549904,1.2225892734560142,1.1105041173197143,1.3312326752525936,87.13189353644081,87.02502959579587,87.24114019852634,80.23659351754043,80.13997443498853,80.33805474773754,1.0,1.0,1.0,0.992,0.98,1.0,2.992,2.72,3.244
helm_capabilities,512,250,0.48449937799249915,0.38629955204193483,0.5797070667210341,1.4564031977062604,1.3682988267128695,1.542175022815414,0.9719038197137613,0.8610742625981466,1.0735876238317374,87.30364593569429,87.19359747816105,87.41313499501965,80.48727897128268,80.3899784807766,80.58741663892131,1.0,1.0,1.0,0.988,0.972,1.0,2.476,2.2119,2.728
helm_capabilities,1024,250,0.48449937799249915,0.38629955204193483,0.5797070667210341,1.402653137724451,1.3166491747516307,1.4878698529038201,0.918153759731952,0.8147264013871742,1.0175472066372568,87.40098884039675,87.29218585311777,87.51180701651239,80.54102903126451,80.44864523396822,80.63442728166082,1.0,1.0,1.0,0.98,0.96,0.996,2.352,2.064,2.612
helm_capabilities,2048,250,0.48449937799249915,0.38629955204193483,0.5797070667210341,1.4997153250440436,1.4141514476714907,1.5819965802897684,1.0152159470515445,0.9093178115180399,1.1185104865205706,87.46607137611599,87.35685527580777,87.57600722289541,80.44396684394489,80.35137451580466,80.5444049749196,1.0,1.0,1.0,0.984,0.968,0.996,2.592,2.328,2.844
helm_lite,0,250,0.08432919681869153,0.065202994080782,0.10526939059096285,0.08432919681869153,0.065202994080782,0.10526939059096285,0.0,0.0,0.0,74.1996779737584,74.12096946873707,74.2771487520406,74.11743351959912,74.07674317405392,74.15687050702265,0.0,0.0,0.0,0.0,0.0,0.0,0.0,0.0,0.0
helm_lite,1,250,0.08432919681869153,0.065202994080782,0.10526939059096285,0.01148504192281865,-0.0487989001371831,0.06967013765222073,-0.07284415489587288,-0.13109705887419992,-0.01587298840163356,74.5066383475742,74.4244188929336,74.59139253838913,74.19027767449498,74.12302416539413,74.25909219160098,0.672,0.612,0.732,0.356,0.296,0.412,-0.032,-0.152,0.084
helm_lite,2,250,0.08432919681869153,0.065202994080782,0.10526939059096285,0.09985378475857369,0.07269602516281552,0.1302930587521678,0.015524587939882161,-0.005086951614364056,0.04030742792002272,74.20762535712961,74.12929806979031,74.28714942152385,74.10190893165922,74.05317099002701,74.1481825933186,0.012,0.0,0.028,0.02,0.004,0.04,0.0,-0.03609999999999999,0.04
helm_lite,4,250,0.08432919681869153,0.065202994080782,0.10526939059096285,0.13234555164468367,0.09179393023664108,0.18687746349352405,0.04801635482599212,0.013306504288615368,0.09839139942789443,74.21784328724206,74.13836626543709,74.29731534317342,74.06941716477311,74.00704280256907,74.12352082770818,0.044,0.02,0.072,0.044,0.02,0.072,0.048,0.0,0.104
helm_lite,8,250,0.08432919681869153,0.065202994080782,0.10526939059096285,0.4260985761635022,0.29839662593351096,0.5736463919469349,0.34176937934481066,0.21658395688133172,0.4836331519985015,74.22534789785792,74.13774292060018,74.30936425932296,73.7756641402543,73.63083024678176,73.91124870810373,0.124,0.084,0.168,0.144,0.104,0.192,0.292,0.176,0.416
helm_lite,16,250,0.08432919681869153,0.065202994080782,0.10526939059096285,1.459340529382729,1.235187453869134,1.6940044007154127,1.3750113325640376,1.1528859612705533,1.6097336458544083,74.39694358614945,74.30115483487083,74.4930816943639,72.74242218703507,72.50236822361593,72.97803907916621,0.392,0.336,0.452,0.408,0.352,0.472,1.136,0.944,1.336
helm_lite,32,250,0.08432919681869153,0.065202994080782,0.10526939059096285,2.9465595807149314,2.6701927247413217,3.22384050510121,2.8622303838962404,2.587632103217712,3.143015500090431,74.91453901131239,74.78863527964212,75.0449688958783,71.25520313570287,70.97368528516087,71.53313408495423,0.68,0.624,0.736,0.712,0.656,0.768,2.296,2.076,2.528
helm_lite,64,250,0.08432919681869153,0.065202994080782,0.10526939059096285,4.636341883483432,4.439017682431672,4.8412189247451405,4.552012686664741,4.350243578414559,4.7585294332980554,75.89176028139006,75.75788151002165,76.02323676865116,69.56542083293438,69.36535439191276,69.75901216169838,0.972,0.948,0.992,0.976,0.956,0.992,3.456,3.32,3.596
helm_lite,128,250,0.08432919681869153,0.065202994080782,0.10526939059096285,4.8807365171190105,4.706204949719973,5.050205499506294,4.796407320300319,4.614910124525461,4.970972914225011,76.84600981063876,76.73547895233132,76.95462253679068,69.3210261992988,69.14832842992958,69.4922720055607,1.0,1.0,1.0,1.0,1.0,1.0,3.64,3.524,3.752
helm_lite,256,250,0.08432919681869153,0.065202994080782,0.10526939059096285,4.744119783200492,4.570395827558718,4.912779986922263,4.659790586381801,4.481894688739113,4.835374774133069,77.50005623645175,77.40752446351097,77.59433144307349,69.45764293321731,69.28662311243444,69.62820451972998,1.0,1.0,1.0,1.0,1.0,1.0,3.592,3.48,3.704
helm_lite,512,250,0.08432919681869153,0.065202994080782,0.10526939059096285,4.648800027586201,4.489414295988866,4.809323127653807,4.56447083076751,4.39872702826913,4.729417549221981,77.90406432557633,77.8191716084847,77.98587198591102,69.55296268883161,69.38655824987389,69.71083267070054,1.0,1.0,1.0,1.0,1.0,1.0,3.532,3.416,3.644
helm_lite,1024,250,0.08432919681869153,0.065202994080782,0.10526939059096285,4.613041715620672,4.463342024291697,4.767448954419454,4.52871251880198,4.372368458094141,4.689359424576996,78.14803942389557,78.06540164610124,78.22788434481672,69.58872100079715,69.43215889922902,69.7385443293061,1.0,1.0,1.0,1.0,1.0,1.0,3.516,3.404,3.632
helm_lite,2048,250,0.08432919681869153,0.065202994080782,0.10526939059096285,4.586707763487905,4.432812382474357,4.741036009933407,4.502378566669215,4.344899123658907,4.662037143302931,78.30166692159816,78.22127064871745,78.38298269964343,69.6150549529299,69.4578227472714,69.76793614826296,1.0,1.0,1.0,1.0,1.0,1.0,3.48,3.352,3.604
livebench,0,250,0.4554338828918803,0.24927959225483634,0.6961464863643059,0.4554338828918803,0.24927959225483634,0.6961464863643059,0.0,0.0,0.0,60.699134705699166,60.3818485840089,60.99478879971171,60.41368994341559,60.193130196332945,60.63711836813115,0.0,0.0,0.0,0.0,0.0,0.0,0.0,0.0,0.0
livebench,1,250,0.4554338828918803,0.24927959225483634,0.6961464863643059,2.0864772644338276,1.7578756532097197,2.4487182343275897,1.6310433815419474,1.2952161729486362,1.981499708713948,64.07424158892312,63.76214264184711,64.39461444271281,58.78264656187365,58.44179627781561,59.09406947120414,0.924,0.888,0.952,0.716,0.656,0.772,0.712,0.528,0.9000999999999995
livebench,2,250,0.4554338828918803,0.24927959225483634,0.6961464863643059,2.9707294927373025,2.613280359205449,3.337361357079215,2.5152956098454218,2.1657025141551083,2.8857392540157756,62.62028006309301,62.32904037583994,62.91510560194505,57.89839433357017,57.54823028966997,58.234798714738844,0.768,0.716,0.82,0.744,0.688,0.7960999999999995,1.268,1.056,1.492
livebench,4,250,0.4554338828918803,0.24927959225483634,0.6961464863643059,4.2600319870877215,3.917759547212734,4.619381800474249,3.8045981041958403,3.454153019289148,4.163492640033918,65.10301472909948,64.78217046565025,65.41493347652776,56.60909183921976,56.253489723902014,56.95213624436313,0.952,0.924,0.976,0.944,0.912,0.972,2.016,1.792,2.252
livebench,8,250,0.4554338828918803,0.24927959225483634,0.6961464863643059,4.744843897342516,4.431782806945177,5.083189830407318,4.2894100144506355,3.9487335802204293,4.6339852309957665,66.94698619895775,66.62703187254142,67.26737147569067,56.12427992896495,55.77876329326385,56.445839286088166,0.992,0.98,1.0,0.992,0.98,1.0,2.2,1.9759,2.4360999999999993
livebench,16,250,0.4554338828918803,0.24927959225483634,0.6961464863643059,4.6940592540616946,4.360440333827945,5.053108535000767,4.238625371169815,3.8798237745512703,4.596880576507621,68.05322728060702,67.72661670842014,68.37806353161994,56.17506457224579,55.80345869980122,56.521391440741155,1.0,1.0,1.0,0.98,0.96,0.996,2.228,1.9919,2.48
livebench,32,250,0.4554338828918803,0.24927959225483634,0.6961464863643059,4.740088362642571,4.3773583149937405,5.13165752797145,4.2846544797506905,3.913866424827868,4.678107643109301,68.49862072246131,68.16760279294141,68.82753458499842,56.1290354636649,55.738907021862836,56.498465519432415,1.0,1.0,1.0,0.984,0.968,0.996,2.368,2.1119,2.6360999999999994
livebench,64,250,0.4554338828918803,0.24927959225483634,0.6961464863643059,4.949915477807497,4.608040737743893,5.315859425342391,4.4944815949156185,4.120870519451824,4.863271602139475,68.6409007823498,68.30812211786838,68.96147472683823,55.91920834849997,55.54227925924134,56.272220976347505,1.0,1.0,1.0,0.992,0.98,1.0,2.468,2.208,2.736
livebench,128,250,0.4554338828918803,0.24927959225483634,0.6961464863643059,5.046398911874984,4.748076506831614,5.355929723277059,4.590965028983104,4.25825734047176,4.928195615584699,68.69707356022953,68.36240973653702,69.02213195591241,55.82272491443249,55.502003665242235,56.13433525179278,1.0,1.0,1.0,0.992,0.98,1.0,2.364,2.1279,2.6
livebench,256,250,0.4554338828918803,0.24927959225483634,0.6961464863643059,4.769504197764709,4.447417861884716,5.078778700546479,4.314070314872828,3.9739553796636335,4.651060688420635,68.72735279812758,68.3913408792051,69.05288224656893,56.09961962854276,55.76212144456774,56.42787403667132,1.0,1.0,1.0,0.988,0.972,1.0,2.236,2.008,2.472
livebench,512,250,0.4554338828918803,0.24927959225483634,0.6961464863643059,4.818734485253757,4.49698321519861,5.148778876339172,4.363300602361877,4.020675258309774,4.719284996522644,68.74171027734657,68.40495459512572,69.06736423716264,56.050389341053716,55.71531073004874,56.371515994127755,1.0,1.0,1.0,0.988,0.972,1.0,2.252,2.012,2.504
livebench,1024,250,0.4554338828918803,0.24927959225483634,0.6961464863643059,4.638178470346628,4.3383092230891345,4.9650318536319435,4.1827445874547475,3.8504203142176263,4.5137507081727595,68.74586841115594,68.4099111099824,69.07163066005785,56.23094535596084,55.90048129722297,56.54410470031359,1.0,1.0,1.0,0.992,0.98,1.0,2.104,1.88,2.340099999999999
livebench,2048,250,0.4554338828918803,0.24927959225483634,0.6961464863643059,5.140177910688015,4.873701857245796,5.412659028509693,4.684744027796135,4.374287812495562,4.992291579590907,68.7471245509856,68.41058265305672,69.07386456264388,55.728945915619455,55.443714137758235,56.00477632892134,1.0,1.0,1.0,1.0,1.0,1.0,2.324,2.112,2.548
openllm_v2,0,250,0.23876928115627333,0.1567798113909358,0.3308221120831272,0.23876928115627333,0.1567798113909358,0.3308221120831272,0.0,0.0,0.0,48.131951780452944,48.01757989873044,48.24507449262122,47.71435977972539,47.61788050494051,47.807845910550576,0.0,0.0,0.0,0.0,0.0,0.0,0.0,0.0,0.0
openllm_v2,1,250,0.23876928115627333,0.1567798113909358,0.3308221120831272,-0.5383483358672977,-0.6329642516439113,-0.4430635874041672,-0.777117617023571,-0.9019252894843568,-0.6577662230164094,49.53048369524332,49.39210746532917,49.67062563183165,48.49147739674896,48.392503673799396,48.58964281870587,0.96,0.932,0.98,0.236,0.184,0.288,-0.716,-0.848,-0.58
openllm_v2,2,250,0.23876928115627333,0.1567798113909358,0.3308221120831272,0.30717581350713397,0.21808602251195439,0.39865826797081044,0.06840653235086061,0.025174660876258814,0.11585805514484478,48.17794575082082,48.061110284650596,48.2906130878449,47.64595324737453,47.54831219325855,47.74001247173717,0.088,0.052,0.124,0.088,0.052,0.124,0.068,0.004,0.136
openllm_v2,4,250,0.23876928115627333,0.1567798113909358,0.3308221120831272,0.44640908238893146,0.3426300020288811,0.5585546965169425,0.2076398012326581,0.1325181003484141,0.2888621268836364,48.2703718576432,48.15260492199634,48.386567919167526,47.50671997849272,47.39554513873449,47.61494801158114,0.18,0.136,0.228,0.18,0.136,0.228,0.276,0.172,0.38809999999999945
openllm_v2,8,250,0.23876928115627333,0.1567798113909358,0.3308221120831272,1.2300080919921945,1.0733614528284863,1.3969444675814426,0.991238810835921,0.8316502758112556,1.1488173853981938,48.56968749855693,48.44130351050162,48.698797759041845,46.72312096888946,46.557256022683866,46.872567129083116,0.512,0.452,0.576,0.512,0.452,0.576,1.2,1.0159,1.388
openllm_v2,16,250,0.23876928115627333,0.1567798113909358,0.3308221120831272,2.1965294793225794,2.062872150478981,2.3263429197631904,1.957760198166306,1.8165215631488267,2.1013943437429132,49.435678536374006,49.276682527507745,49.5916415489266,45.75659958155909,45.62710927683877,45.89184365418414,0.904,0.864,0.94,0.904,0.864,0.94,2.424,2.252,2.584
openllm_v2,32,250,0.23876928115627333,0.1567798113909358,0.3308221120831272,2.401832978519434,2.294215278882428,2.5088922758768653,2.1630636973631607,2.0300708237326113,2.300765274549744,50.78628977677983,50.61928393406427,50.95755902135366,45.55129608236222,45.43573923403144,45.66665874961714,0.972,0.948,0.992,0.972,0.948,0.992,2.64,2.4879,2.796
openllm_v2,64,250,0.23876928115627333,0.1567798113909358,0.3308221120831272,2.5167240571693066,2.3825114120121413,2.6563645164025473,2.2779547760130328,2.119473922654761,2.442409178130604,52.42022671653585,52.24388722386703,52.591888376192756,45.43640500371235,45.29651488925728,45.570538942835825,1.0,1.0,1.0,1.0,1.0,1.0,2.708,2.556,2.868
openllm_v2,128,250,0.23876928115627333,0.1567798113909358,0.3308221120831272,2.6416935594932527,2.4999216893105345,2.786053882939489,2.4029242783369793,2.236429489091082,2.578324523744383,54.00078125206325,53.8324870727187,54.17248502081491,45.3114355013884,45.16544785492879,45.44681928995687,1.0,1.0,1.0,1.0,1.0,1.0,2.796,2.636,2.956
openllm_v2,256,250,0.23876928115627333,0.1567798113909358,0.3308221120831272,2.436485897201467,2.2912841810691242,2.5853049072240957,2.1977166160451933,2.0282644890105983,2.376107677670502,55.54719233677351,55.36916314325028,55.7183063263253,45.51664316368019,45.3676929382093,45.66076679062434,1.0,1.0,1.0,0.996,0.988,1.0,2.616,2.444,2.784
openllm_v2,512,250,0.23876928115627333,0.1567798113909358,0.3308221120831272,2.3576405477924336,2.225447103562872,2.4969440900689412,2.1188712666361598,1.9638355966524172,2.284784999388258,56.886778449477205,56.70919298095946,57.05656863490632,45.59548851308923,45.45292646560741,45.72782119126466,1.0,1.0,1.0,0.992,0.98,1.0,2.592,2.428,2.752099999999999
openllm_v2,1024,250,0.23876928115627333,0.1567798113909358,0.3308221120831272,2.352253980089353,2.216856515031421,2.4942310859896604,2.11348469893308,1.955766875930926,2.2804047171554633,57.814409478002275,57.63511998120716,57.986941432228065,45.60087508079231,45.45603632470266,45.73408998000817,1.0,1.0,1.0,0.996,0.988,1.0,2.608,2.448,2.772
openllm_v2,2048,250,0.23876928115627333,0.1567798113909358,0.3308221120831272,2.3564121884743816,2.2321165242635264,2.487161912162825,2.1176429073181087,1.9631169738230416,2.275808433167422,58.42388150229221,58.23821123391688,58.59929592461846,45.59671687240728,45.46418067659904,45.726022922811616,1.0,1.0,1.0,0.992,0.98,1.0,2.628,2.472,2.784
swe_verified,0,250,1.9928143712574853,1.794011976047905,2.2023952095808386,1.9928143712574853,1.794011976047905,2.2023952095808386,0.0,0.0,0.0,80.4409638554217,80.14939759036145,80.7181325301205,77.71257485029939,77.4825748502994,77.9317365269461,0.0,0.0,0.0,0.0,0.0,0.0,0.0,0.0,0.0
swe_verified,1,250,1.9928143712574853,1.794011976047905,2.2023952095808386,2.407185628742515,2.1556886227544916,2.6527245508982045,0.41437125748503023,0.16044910179640715,0.6682934131736527,82.49879518072288,82.20716867469879,82.7783734939759,77.29820359281437,77.0418263473054,77.56886227544909,0.916,0.88,0.948,0.84,0.792,0.884,1.184,0.3479,2.0600999999999994
swe_verified,2,250,1.9928143712574853,1.794011976047905,2.2023952095808386,2.5293413173652692,2.313772455089821,2.7329341317365263,0.5365269461077837,0.3005389221556874,0.7928742514970053,82.15180722891566,81.85777108433734,82.45066265060242,77.17604790419162,76.94488023952096,77.41080838323354,0.856,0.812,0.9,0.904,0.864,0.94,1.268,0.484,2.0880999999999994
swe_verified,4,250,1.9928143712574853,1.794011976047905,2.2023952095808386,2.732934131736529,2.507754491017965,2.9485029940119776,0.7401197604790428,0.47904191616766595,0.9904191616766477,83.34457831325301,83.0433734939759,83.6433734939759,76.97245508982036,76.74248502994013,77.20485029940119,0.956,0.932,0.98,0.928,0.896,0.956,2.064,1.204,2.9280999999999993
swe_verified,8,250,1.9928143712574853,1.794011976047905,2.2023952095808386,2.998802395209582,2.772395209580839,3.2096107784431145,1.0059880239520962,0.7411976047904192,1.2646706586826348,84.06265060240965,83.75180722891567,84.36144578313254,76.7065868263473,76.46706586826348,76.94491017964071,0.988,0.972,1.0,0.964,0.94,0.984,2.888,1.9639,3.840199999999999
swe_verified,16,250,1.9928143712574853,1.794011976047905,2.2023952095808386,2.998802395209581,2.7987425149700598,3.2047904191616765,1.005988023952096,0.7472754491017971,1.2623053892215557,84.7421686746988,84.43602409638554,85.02903614457833,76.7065868263473,76.48260479041916,76.92817365269461,0.996,0.988,1.0,0.984,0.968,0.996,2.804,1.9079,3.7281999999999993
swe_verified,32,250,1.9928143712574853,1.794011976047905,2.2023952095808386,3.0323353293413184,2.834730538922157,3.244341317365269,1.0395209580838327,0.7844311377245515,1.2910179640718562,85.07228915662651,84.77102409638553,85.36391566265063,76.67305389221556,76.45266467065869,76.88982035928144,1.0,1.0,1.0,0.984,0.968,0.996,2.976,2.0999,3.8920999999999992
swe_verified,64,250,1.9928143712574853,1.794011976047905,2.2023952095808386,3.0395209580838327,2.8407185628742524,3.237155688622755,1.0467065868263472,0.7903892215568857,1.2911377245508975,85.20963855421685,84.90355421686746,85.50849397590362,76.66586826347306,76.44550898203595,76.88622754491018,1.0,1.0,1.0,0.992,0.98,1.0,2.792,1.8798,3.688
swe_verified,128,250,1.9928143712574853,1.794011976047905,2.2023952095808386,3.059880239520959,2.8251197604790437,3.2982035928143723,1.0670658682634735,0.7808383233532938,1.3401197604790418,85.23373493975903,84.92530120481929,85.53018072289159,76.64550898203595,76.39032934131737,76.8958383233533,1.0,1.0,1.0,0.952,0.924,0.976,3.076,2.0599,4.072
swe_verified,256,250,1.9928143712574853,1.794011976047905,2.2023952095808386,2.6443113772455105,2.4095508982035945,2.879071856287427,0.6514970059880247,0.3855688622754505,0.9150000000000006,85.23373493975903,84.92530120481929,85.53018072289159,77.06107784431137,76.81194610778442,77.30425149700599,1.0,1.0,1.0,0.924,0.888,0.956,1.9,1.008,2.804099999999999
swe_verified,512,250,1.9928143712574853,1.794011976047905,2.2023952095808386,2.741317365269462,2.500598802395211,2.9917065868263477,0.7485029940119763,0.4814071856287428,1.0132035928143714,85.23373493975903,84.92530120481929,85.53018072289159,76.96407185628742,76.70419161676648,77.22997005988024,1.0,1.0,1.0,0.936,0.904,0.964,2.372,1.4238,3.344
swe_verified,1024,250,1.9928143712574853,1.794011976047905,2.2023952095808386,3.01437125748503,2.783203592814371,3.2527245508982037,1.0215568862275446,0.7652694610778445,1.283922155688623,85.23373493975903,84.92530120481929,85.53018072289159,76.69101796407186,76.43113772455091,76.93892215568862,1.0,1.0,1.0,0.96,0.936,0.984,3.144,2.2035,4.116099999999999
swe_verified,2048,250,1.9928143712574853,1.794011976047905,2.2023952095808386,2.907784431137726,2.6922155688622773,3.126976047904193,0.9149700598802402,0.6514371257485033,1.1641017964071871,85.23373493975903,84.92530120481929,85.53018072289159,76.79760479041917,76.54847305389221,77.04314371257485,1.0,1.0,1.0,0.964,0.94,0.984,2.52,1.596,3.464199999999999
terminal_science,0,250,1.982608695652174,1.5333333333333334,2.443550724637681,1.982608695652174,1.5333333333333334,2.443550724637681,0.0,0.0,0.0,69.7611111111111,68.97222222222221,70.50041666666667,65.74782608695652,65.22601449275362,66.26384057971015,0.0,0.0,0.0,0.0,0.0,0.0,0.0,0.0,0.0
terminal_science,1,212,2.160240634399781,1.6443348026447606,2.672322375397667,4.573420836751435,4.157068395626747,4.9958466412528315,2.4131802023516533,1.9952155451527847,2.8285458371706005,72.84460167714884,72.01834862385321,73.62414104355929,63.39896089691004,62.90566251919261,63.92695885311083,0.9528301886792453,0.9216589861751152,0.9802979812614702,0.9292452830188679,0.8939969491380781,0.9609803457257873,0.7830188679245284,0.6401775036541614,0.9230769230769231
terminal_science,2,212,2.160240634399781,1.6443348026447606,2.672322375397667,4.033360678151491,3.606165805305824,4.453387676345191,1.8731200437517088,1.3850934437837619,2.3646300900663024,72.68736897274633,71.88469183523073,73.48750852197897,63.93902105550998,63.44909833682718,64.46604193358444,0.7924528301886793,0.7352838577291382,0.8477238230317508,0.8443396226415094,0.7932692307692307,0.8904125896934116,0.5990566037735849,0.46187788018433185,0.7339978820113752
terminal_science,4,212,2.160240634399781,1.6443348026447606,2.672322375397667,4.194011484823625,3.661677472274233,4.784103079512299,2.0337708504238443,1.4058382919443675,2.7210170436415155,75.47169811320755,74.6847919634378,76.2319532664396,63.778370248837845,63.13052802642797,64.3937866032059,0.9622641509433962,0.9345717607827652,0.9858490566037735,0.8301886792452831,0.7793303087757314,0.8796296296296297,0.5471698113207547,0.3990378694581281,0.6956521739130435
terminal_science,8,212,2.160240634399781,1.6443348026447606,2.672322375397667,5.021192234071643,4.509818656495921,5.582070018313081,2.8609515996718615,2.217344497607655,3.549494275323793,76.88024109014674,76.06681767795324,77.64150079089089,62.95118949958983,62.26305363673304,63.54855713919168,0.9811320754716981,0.9613432308236126,0.9954128440366973,0.9150943396226415,0.875,0.9507449531536751,0.7641509433962265,0.6056338028169014,0.9166762672811058
terminal_science,16,212,2.160240634399781,1.6443348026447606,2.672322375397667,5.171588733934918,4.669102982237968,5.780012943855824,3.011348099535138,2.360801617246123,3.751883652286457,77.58778825995806,76.77244543650794,78.36154863347647,62.800792999726546,62.13237821789914,63.414792391098835,0.9952830188679245,0.9852923065778035,1.0,0.9386792452830188,0.9043062200956937,0.9682272727272725,0.8349056603773585,0.6819957378680687,0.985986153581119
terminal_science,32,212,2.160240634399781,1.6443348026447606,2.672322375397667,6.832786436970194,6.258546072927889,7.5086353448439604,4.672545802570411,4.030661231884058,5.408082315051623,78.26912997903564,77.49728158325493,79.02779423380726,61.13959529669128,60.42001074317492,61.80267636406018,1.0,1.0,1.0,0.9764150943396226,0.9534883720930233,0.9952380952380953,1.150943396226415,1.0095693779904307,1.285731622746186
terminal_science,64,212,2.160240634399781,1.6443348026447606,2.672322375397667,5.17158873393492,4.638347648012894,5.862741995623718,3.0113480995351374,2.354922213064084,3.7077744733603843,78.45911949685534,77.67808477615222,79.21168747115496,62.80079299972655,62.08074412659532,63.45350997533937,1.0,1.0,1.0,0.9198113207547169,0.8820754716981132,0.954337899543379,0.7830188679245284,0.6313296944208313,0.9478734463024233
terminal_science,128,212,2.160240634399781,1.6443348026447606,2.672322375397667,5.195515449822258,4.609784309723072,5.870384647696234,3.0352748154224765,2.355823285157211,3.772276541155259,78.54428721174006,77.76454708485959,79.28519280137319,62.776866283839205,62.04656648847788,63.461062255293854,1.0,1.0,1.0,0.9292452830188679,0.8937118369749135,0.9587155963302753,0.7971698113207547,0.6462264150943396,0.9543482303353374
terminal_science,256,212,2.160240634399781,1.6443348026447606,2.672322375397667,4.638364779874213,4.024249237810741,5.366341682913565,2.4781241454744323,1.7184268536546514,3.2846573208722742,78.67531446540882,77.91004542842778,79.41920666949873,63.33401695378726,62.5407391997781,64.05730761379873,1.0,1.0,1.0,0.8726415094339622,0.8264740917212626,0.9154945226917058,0.6462264150943396,0.48108534040518214,0.8078817733990148
terminal_science,512,212,2.160240634399781,1.6443348026447606,2.672322375397667,3.0489472245009566,2.422217029488029,3.7490770313895143,0.8887065901011751,0.16159311063675705,1.6678137737461098,78.67531446540882,77.91004542842778,79.41920666949873,64.92343450916051,64.11814037936438,65.64351996545322,1.0,1.0,1.0,0.7216981132075472,0.6572769953051644,0.7794198626587199,0.25471698113207547,0.08368270149729214,0.41203761864879956
terminal_science,1024,212,2.160240634399781,1.6443348026447606,2.672322375397667,1.558654634946677,0.9167334388970485,2.346171913629884,-0.6015859994531043,-1.3057176696107464,0.20958571360279013,78.67531446540882,77.91004542842778,79.41920666949873,66.41372709871479,65.56758303443853,67.173955173576,1.0,1.0,1.0,0.5094339622641509,0.44327640267946217,0.573545243456234,-0.2358490566037736,-0.38806140530225586,-0.08211791831357053
terminal_science,2048,212,2.160240634399781,1.6443348026447606,2.672322375397667,2.3789991796554553,1.727928306378212,3.1535304207799477,0.21875854525567393,-0.5237385294593531,1.059305873379099,78.67531446540882,77.91004542842778,79.41920666949873,65.59338255400601,64.73529392017267,66.3432880124688,1.0,1.0,1.0,0.6226415094339622,0.5544895756847562,0.6851875352509871,0.03773584905660377,-0.118233021268648,0.19267495457164377
