benchmark,policy,new_submissions,trials,false_winners,mean_deficit_pp,ci_low,ci_high,bootstrap_valid_resamples
helm_capabilities,top5,1,250,27,0.5272764231013584,0.3877000772340864,0.6789781691554685,2000
helm_capabilities,top5,2,250,60,1.5930879155342548,1.4226011353001493,1.7656264833726207,2000
helm_capabilities,top5,4,250,156,1.4157767767479514,1.3175003234495086,1.517791303341317,2000
helm_capabilities,top5,8,250,221,1.4635035582275526,1.3784587787566043,1.5510845134491698,2000
helm_capabilities,top5,16,250,245,1.4256370721499094,1.3413427036357866,1.511742403293885,2000
helm_capabilities,top5,32,250,246,1.4662188035502786,1.370472318235834,1.5582970222264663,2000
helm_capabilities,top5,64,250,239,1.3943728941039941,1.3049920485525088,1.4856748996166869,2000
helm_capabilities,top5,128,250,246,1.4424642783730406,1.3583686943281166,1.5317584046484736,2000
helm_capabilities,top5,256,250,248,1.722331481857602,1.6352452507150974,1.8063263054453105,2000
helm_capabilities,top5,512,250,247,1.4767196267966922,1.3917290818147168,1.5597138096179914,2000
helm_capabilities,top5,1024,250,245,1.433235024818573,1.3474589460214592,1.5140085114637272,2000
helm_capabilities,top5,2048,250,246,1.5274943261936766,1.4430504468863532,1.6089896100753402,2000
helm_lite,top5,1,250,89,0.48313409467209806,0.4079151232211732,0.5649164778753041,2000
helm_lite,top5,2,250,5,1.4832445641118985,1.2631389020937633,1.720154122963761,1991
helm_lite,top5,4,250,11,1.4158446449736457,0.9345523151708538,2.268027628219094,2000
helm_lite,top5,8,250,36,3.1625099061851554,2.6707493945039653,3.623356406597656,2000
helm_lite,top5,16,250,102,3.6517511701378984,3.4451284139645137,3.8408192142889783,2000
helm_lite,top5,32,250,178,4.365694789736955,4.176859889472803,4.553274347132293,2000
helm_lite,top5,64,250,244,4.765699048624004,4.587667870451804,4.948959194529258,2000
helm_lite,top5,128,250,250,4.8807365171190105,4.706204949719973,5.050205499506294,2000
helm_lite,top5,256,250,250,4.744119783200492,4.570395827558718,4.912779986922263,2000
helm_lite,top5,512,250,250,4.648800027586201,4.489414295988866,4.809323127653807,2000
helm_lite,top5,1024,250,250,4.613041715620672,4.463342024291697,4.767448954419454,2000
helm_lite,top5,2048,250,250,4.586707763487905,4.432812382474357,4.741036009933407,2000
livebench,top5,1,250,179,3.08420137241397,2.7195959345014913,3.4829849136283073,2000
livebench,top5,2,250,186,3.9326474061522263,3.5516211610677186,4.3297157615943025,2000
livebench,top5,4,250,236,4.516426881141934,4.177536716274383,4.87603377813025,2000
livebench,top5,8,250,248,4.783108767482373,4.476919811887172,5.121078491304022,2000
livebench,top5,16,250,245,4.803765807505342,4.485847227471731,5.148052064745328,2000
livebench,top5,32,250,246,4.841886553683675,4.499542043426255,5.228095077000108,2000
livebench,top5,64,250,248,4.999242397252918,4.65995395667843,5.358324762074572,2000
livebench,top5,128,250,248,5.089733628367678,4.790954819228522,5.3936130209322695,2000
livebench,top5,256,250,247,4.830054561106973,4.523536462258782,5.134624691973375,2000
livebench,top5,512,250,247,4.8849002264582,4.576646621699292,5.202979044615699,2000
livebench,top5,1024,250,248,4.6806659252381,4.381345220513492,4.9989833304822,2000
livebench,top5,2048,250,250,5.140177910688015,4.873701857245797,5.412659028509693,2000
openllm_v2,top5,1,250,59,0.4894195581543905,0.3952481121436512,0.592334724130896,2000
openllm_v2,top5,2,250,22,1.2867383503571368,1.067802001854432,1.5130212525903672,2000
openllm_v2,top5,4,250,45,1.6074485484641046,1.3512202774939663,1.8759589641583319,2000
openllm_v2,top5,8,250,128,2.2559253854712895,2.0993894687216907,2.4178596349820167,2000
openllm_v2,top5,16,250,226,2.4292600501867656,2.326075957202397,2.5376170402932123,2000
openllm_v2,top5,32,250,243,2.471021582838924,2.3731949052944548,2.5732651005482268,2000
openllm_v2,top5,64,250,250,2.5167240571693066,2.3825114120121413,2.6563645164025473,2000
openllm_v2,top5,128,250,250,2.6416935594932527,2.4999216893105345,2.786053882939489,2000
openllm_v2,top5,256,250,249,2.446741217943747,2.302102438958035,2.596160183892186,2000
openllm_v2,top5,512,250,248,2.377496179083938,2.2503792760825627,2.514283264653402,2000
openllm_v2,top5,1024,250,249,2.3621970793307505,2.232082792084672,2.5028890736786797,2000
openllm_v2,top5,2048,250,248,2.376799850224003,2.253274957510447,2.5066881296440915,2000
swe_verified,top5,1,250,210,2.783005417735957,2.529315916780685,3.0345282709411663,2000
swe_verified,top5,2,250,226,2.782046526416194,2.557285195810028,3.007468321951016,2000
swe_verified,top5,4,250,232,2.910128019822425,2.6907554119967863,3.129996157152283,2000
swe_verified,top5,8,250,241,3.0909136084677127,2.8729922327476203,3.300900572273177,2000
swe_verified,top5,16,250,246,3.0475634097658353,2.8497948105779485,3.2495535591095623,2000
swe_verified,top5,32,250,246,3.0877269850542826,2.8970435299176653,3.2909986478655595,2000
swe_verified,top5,64,250,248,3.065240486768399,2.871566925571606,3.2548447605372237,2000
swe_verified,top5,128,250,238,3.2292557741659547,3.004113125355107,3.4642228884435924,2000
swe_verified,top5,256,250,231,2.90069212224901,2.68537400219809,3.126218857085452,2000
swe_verified,top5,512,250,234,2.955627207124213,2.7236379525865675,3.207039470215841,2000
swe_verified,top5,1024,250,240,3.153692614770459,2.9335576532120946,3.3898840195267024,2000
swe_verified,top5,2048,250,241,3.0263125201878407,2.815613274523914,3.242451928490508,2000
terminal_science,top5,1,212,197,4.925329213565805,4.5368081119623245,5.358142109500803,2000
terminal_science,top5,2,212,179,4.635252206299084,4.276203763375148,5.031183625919404,2000
terminal_science,top5,4,212,176,5.105401844532278,4.590710090030741,5.669787503404213,2000
terminal_science,top5,8,212,194,5.490811295383235,4.98930113385566,6.065945487591949,2000
terminal_science,top5,16,212,199,5.629597261670671,5.095075394288149,6.280283365779795,2000
terminal_science,top5,32,212,207,6.997829587621648,6.429240123279358,7.667935222316027,2000
terminal_science,top5,64,212,195,5.722779635823114,5.185572169792048,6.367016569085626,2000
terminal_science,top5,128,212,197,5.657323622452734,5.0724637681159415,6.355481306404707,2000
terminal_science,top5,256,212,185,5.4563258911085,4.828112813788256,6.219907407407405,2000
terminal_science,top5,512,212,153,4.641470114615894,3.933652148509443,5.484050302890881,2000
terminal_science,top5,1024,212,108,4.965110037573805,4.020120868419543,6.04090225470455,2000
terminal_science,top5,2048,212,132,4.704655248133507,3.8781922877846786,5.712790196254185,2000
